<?xml version="1.0" encoding="UTF-8"?>
<jcr:root xmlns:sling="http://sling.apache.org/jcr/sling/1.0" xmlns:jcr="http://www.jcp.org/jcr/1.0"
    jcr:lastModified="{Date}2019-07-23T17:54:41.480Z"
    jcr:lastModifiedBy="admin"
    jcr:primaryType="sling:OrderedFolder"
    jcr:title="images">
    <_x0030_1.jpg/>
    <_x0030_2.jpg/>
    <_x0030_4.jpg/>
    <_x0030_5.jpg/>
    <_x0030_13.jpg/>
    <background1.jpg/>
    <background2.jpg/>
    <background3.jpg/>
    <background4.jpg/>
    <background5.jpg/>
    <background6.jpg/>
    <face1.jpg/>
    <face2.jpg/>
    <face4.jpg/>
    <face5.jpg/>
    <face6.jpg/>
    <feature1.jpg/>
    <feature2.png/>
    <jumbotron.jpg/>
    <logo.png/>
    <meeting_room.jpg/>
    <mountain.jpg/>
    <peregrine-logo.png/>
    <screen.jpg/>
    <workers-looking-tablet.jpg/>
    <yosemite.jpg/>
</jcr:root>
