<?xml version="1.0" encoding="UTF-8"?>
<jcr:root xmlns:sling="http://sling.apache.org/jcr/sling/1.0" xmlns:jcr="http://www.jcp.org/jcr/1.0" xmlns:nt="http://www.jcp.org/jcr/nt/1.0"
            jcr:primaryType="per:Page"
            jcr:title="tf-cl | teaserverticalsample-mediateaser"
            jcr:description="teaserverticalsample-mediateaser themecleanflex component library"
>
    <jcr:content
        jcr:primaryType="per:PageContent"
        sling:resourceType="themecleanflex/components/page"
        jcr:title="teaserverticalsample-mediateaser"
        description="teaserverticalsample-mediateaser themecleanflex component library"
        brand="themecleanflex"
        template="/content/themecleanflex/templates"
            ><clheader
            jcr:primaryType="nt:unstructured" sling:resourceType="themecleanflex/components/header" htmlelement="header" backgroundtype="color" bgcolor="#eeeeee" colorscheme="light" toppadding="10" bottompadding="10" bgvideo="https://www.youtube.com/embed/Ju86mknumYM" collapsed="false" logo="/content/themecleanflex/assets/samples/peregrine-logo.svg" logoalttext="Peregrine CMS Logo" logourl="/content/themecleanflex/pages/library.html" logosize="60" buttonsize="default"><elevation jcr:primaryType="nt:unstructured"></elevation>
    <links jcr:primaryType="nt:unstructured"></links>
    <buttons jcr:primaryType="nt:unstructured"></buttons>
            </clheader><clbreadcrumb
        colorscheme="light"
        custombackground="false"
        backgroundtype="color"
        bgcolor="#eeeeee"
        htmlelement="nav"
        jcr:primaryType="nt:unstructured" sling:resourceType="themecleanflex/components/breadcrumb" level="2"><toppadding jcr:primaryType="nt:unstructured"></toppadding>
        <bottompadding jcr:primaryType="nt:unstructured"></bottompadding>
        </clbreadcrumb><pager0
        colorscheme="light"
        toppadding="30"
        bottompadding="30"
        custombackground="false"
        backgroundtype="color"
        bgcolor="#eeeeee"
        htmlelement="nav"
        prevlabel="&lt; previous"
        nextlabel="next &gt;"
        jcr:primaryType="nt:unstructured" sling:resourceType="themecleanflex/components/pager">
        </pager0><container117
            jcr:primaryType="nt:unstructured"
            sling:resourceType="themecleanflex/components/container"
            htmlelement="main">
            [object Object]<title1 jcr:primaryType="nt:unstructured" 
            sling:resourceType="themecleanflex/components/richtext" 
            toppadding="25"
            bottompadding="25"
            custombackground="true"
            backgroundtype="color"
            bgcolor="#eeeeee"
            text="&lt;h2&gt;Teaser Vertical - Media Sample Variation - background: color; colorscheme: dark; fullheight: true (.hidden)&lt;/h2&gt;">
        </title1><teaservertical4
        jcr:primaryType="nt:unstructured" sling:resourceType="themecleanflex/components/teaservertical" showtitle="true" showsubtitle="true" showtext="true" showbutton="true" fullheight="true" backgroundtype="color" bgcolor="#ff80c0" gradient="true" color2="#c0c0c0" bottompadding="30" toppadding="30" text="&lt;p&gt;Eligendi fugit asperiores et. Corrupti voluptatum quasi sit. Adipisci ut voluptatem necessitatibus cumque aspernatur.&lt;/p&gt;" subtitle="Molestiae alias et inventore voluptas" title="Peregrine blocks" buttonsize="default" showmedia="true" mediatype="image" imagesrc="/content/themecleanflex/assets/samples/beach-bird-s-eye-view-daytime-1249586.jpg" mediatitle="Bird's eye view of the beach" mediawidth="50" mediaposition="after" custombackground="true" bgsize="cover" colorscheme="dark"><buttons jcr:primaryType="nt:unstructured"><c2
        jcr:primaryType="nt:unstructured" buttonlink="/content/themecleanflex/pages" buttontext="See More" buttoncolor="primary" iconclass="">
        </c2><c3
        jcr:primaryType="nt:unstructured" buttonlink="/content/themecleanflex/pages" buttontext="About Us" buttoncolor="primary" iconclass="">
        </c3></buttons>
        </teaservertical4><title5 jcr:primaryType="nt:unstructured" 
            sling:resourceType="themecleanflex/components/richtext" 
            toppadding="25"
            bottompadding="25"
            custombackground="true"
            backgroundtype="color"
            bgcolor="#eeeeee"
            text="&lt;h2&gt;Teaser Vertical - Media Sample Variation - background: color; colorscheme: light; fullheight: false (.hidden)&lt;/h2&gt;">
        </title5><teaservertical8
        jcr:primaryType="nt:unstructured" sling:resourceType="themecleanflex/components/teaservertical" showtitle="true" showsubtitle="true" showtext="true" showbutton="true" fullheight="false" backgroundtype="color" bgcolor="#ff80c0" gradient="true" color2="#c0c0c0" bottompadding="30" toppadding="30" text="&lt;p&gt;Eligendi fugit asperiores et. Corrupti voluptatum quasi sit. Adipisci ut voluptatem necessitatibus cumque aspernatur.&lt;/p&gt;" subtitle="Molestiae alias et inventore voluptas" title="Peregrine blocks" buttonsize="default" showmedia="true" mediatype="image" imagesrc="/content/themecleanflex/assets/samples/beach-bird-s-eye-view-daytime-1249586.jpg" mediatitle="Bird's eye view of the beach" mediawidth="50" mediaposition="after" custombackground="true" bgsize="cover" colorscheme="light"><buttons jcr:primaryType="nt:unstructured"><c6
        jcr:primaryType="nt:unstructured" buttonlink="/content/themecleanflex/pages" buttontext="See More" buttoncolor="primary" iconclass="">
        </c6><c7
        jcr:primaryType="nt:unstructured" buttonlink="/content/themecleanflex/pages" buttontext="About Us" buttoncolor="primary" iconclass="">
        </c7></buttons>
        </teaservertical8><title9 jcr:primaryType="nt:unstructured" 
            sling:resourceType="themecleanflex/components/richtext" 
            toppadding="25"
            bottompadding="25"
            custombackground="true"
            backgroundtype="color"
            bgcolor="#eeeeee"
            text="&lt;h2&gt;Teaser Vertical - Media Sample Variation - background: color; colorscheme: light; fullheight: true (.hidden)&lt;/h2&gt;">
        </title9><teaservertical12
        jcr:primaryType="nt:unstructured" sling:resourceType="themecleanflex/components/teaservertical" showtitle="true" showsubtitle="true" showtext="true" showbutton="true" fullheight="true" backgroundtype="color" bgcolor="#ff80c0" gradient="true" color2="#c0c0c0" bottompadding="30" toppadding="30" text="&lt;p&gt;Eligendi fugit asperiores et. Corrupti voluptatum quasi sit. Adipisci ut voluptatem necessitatibus cumque aspernatur.&lt;/p&gt;" subtitle="Molestiae alias et inventore voluptas" title="Peregrine blocks" buttonsize="default" showmedia="true" mediatype="image" imagesrc="/content/themecleanflex/assets/samples/beach-bird-s-eye-view-daytime-1249586.jpg" mediatitle="Bird's eye view of the beach" mediawidth="50" mediaposition="after" custombackground="true" bgsize="cover" colorscheme="light"><buttons jcr:primaryType="nt:unstructured"><c10
        jcr:primaryType="nt:unstructured" buttonlink="/content/themecleanflex/pages" buttontext="See More" buttoncolor="primary" iconclass="">
        </c10><c11
        jcr:primaryType="nt:unstructured" buttonlink="/content/themecleanflex/pages" buttontext="About Us" buttoncolor="primary" iconclass="">
        </c11></buttons>
        </teaservertical12><title13 jcr:primaryType="nt:unstructured" 
            sling:resourceType="themecleanflex/components/richtext" 
            toppadding="25"
            bottompadding="25"
            custombackground="true"
            backgroundtype="color"
            bgcolor="#eeeeee"
            text="&lt;h2&gt;Teaser Vertical - Media Sample Variation - background: color; colorscheme: none; fullheight: false (.hidden)&lt;/h2&gt;">
        </title13><teaservertical16
        jcr:primaryType="nt:unstructured" sling:resourceType="themecleanflex/components/teaservertical" showtitle="true" showsubtitle="true" showtext="true" showbutton="true" fullheight="false" backgroundtype="color" bgcolor="#ff80c0" gradient="true" color2="#c0c0c0" bottompadding="30" toppadding="30" text="&lt;p&gt;Eligendi fugit asperiores et. Corrupti voluptatum quasi sit. Adipisci ut voluptatem necessitatibus cumque aspernatur.&lt;/p&gt;" subtitle="Molestiae alias et inventore voluptas" title="Peregrine blocks" buttonsize="default" showmedia="true" mediatype="image" imagesrc="/content/themecleanflex/assets/samples/beach-bird-s-eye-view-daytime-1249586.jpg" mediatitle="Bird's eye view of the beach" mediawidth="50" mediaposition="after" custombackground="true" bgsize="cover" colorscheme=""><buttons jcr:primaryType="nt:unstructured"><c14
        jcr:primaryType="nt:unstructured" buttonlink="/content/themecleanflex/pages" buttontext="See More" buttoncolor="primary" iconclass="">
        </c14><c15
        jcr:primaryType="nt:unstructured" buttonlink="/content/themecleanflex/pages" buttontext="About Us" buttoncolor="primary" iconclass="">
        </c15></buttons>
        </teaservertical16><title17 jcr:primaryType="nt:unstructured" 
            sling:resourceType="themecleanflex/components/richtext" 
            toppadding="25"
            bottompadding="25"
            custombackground="true"
            backgroundtype="color"
            bgcolor="#eeeeee"
            text="&lt;h2&gt;Teaser Vertical - Media Sample Variation - background: color; colorscheme: none; fullheight: true (.hidden)&lt;/h2&gt;">
        </title17><teaservertical20
        jcr:primaryType="nt:unstructured" sling:resourceType="themecleanflex/components/teaservertical" showtitle="true" showsubtitle="true" showtext="true" showbutton="true" fullheight="true" backgroundtype="color" bgcolor="#ff80c0" gradient="true" color2="#c0c0c0" bottompadding="30" toppadding="30" text="&lt;p&gt;Eligendi fugit asperiores et. Corrupti voluptatum quasi sit. Adipisci ut voluptatem necessitatibus cumque aspernatur.&lt;/p&gt;" subtitle="Molestiae alias et inventore voluptas" title="Peregrine blocks" buttonsize="default" showmedia="true" mediatype="image" imagesrc="/content/themecleanflex/assets/samples/beach-bird-s-eye-view-daytime-1249586.jpg" mediatitle="Bird's eye view of the beach" mediawidth="50" mediaposition="after" custombackground="true" bgsize="cover" colorscheme=""><buttons jcr:primaryType="nt:unstructured"><c18
        jcr:primaryType="nt:unstructured" buttonlink="/content/themecleanflex/pages" buttontext="See More" buttoncolor="primary" iconclass="">
        </c18><c19
        jcr:primaryType="nt:unstructured" buttonlink="/content/themecleanflex/pages" buttontext="About Us" buttoncolor="primary" iconclass="">
        </c19></buttons>
        </teaservertical20><title21 jcr:primaryType="nt:unstructured" 
            sling:resourceType="themecleanflex/components/richtext" 
            toppadding="25"
            bottompadding="25"
            custombackground="true"
            backgroundtype="color"
            bgcolor="#eeeeee"
            text="&lt;h2&gt;Teaser Vertical - Media Sample Variation - background: gradient; colorscheme: dark; fullheight: false (.hidden)&lt;/h2&gt;">
        </title21><teaservertical24
        jcr:primaryType="nt:unstructured" sling:resourceType="themecleanflex/components/teaservertical" showtitle="true" showsubtitle="true" showtext="true" showbutton="true" fullheight="false" backgroundtype="gradient" bgcolor="#ff8040" gradient="true" color2="#0080ff" bottompadding="30" toppadding="30" text="&lt;p&gt;Eligendi fugit asperiores et. Corrupti voluptatum quasi sit. Adipisci ut voluptatem necessitatibus cumque aspernatur.&lt;/p&gt;" subtitle="Molestiae alias et inventore voluptas" title="Peregrine blocks" buttonsize="default" showmedia="true" mediatype="image" imagesrc="/content/themecleanflex/assets/samples/beach-bird-s-eye-view-daytime-1249586.jpg" mediatitle="Bird's eye view of the beach" mediawidth="50" mediaposition="after" custombackground="true" bgsize="cover" colorscheme="dark"><buttons jcr:primaryType="nt:unstructured"><c22
        jcr:primaryType="nt:unstructured" buttonlink="/content/themecleanflex/pages" buttontext="See More" buttoncolor="primary" iconclass="">
        </c22><c23
        jcr:primaryType="nt:unstructured" buttonlink="/content/themecleanflex/pages" buttontext="About Us" buttoncolor="primary" iconclass="">
        </c23></buttons>
        </teaservertical24><title25 jcr:primaryType="nt:unstructured" 
            sling:resourceType="themecleanflex/components/richtext" 
            toppadding="25"
            bottompadding="25"
            custombackground="true"
            backgroundtype="color"
            bgcolor="#eeeeee"
            text="&lt;h2&gt;Teaser Vertical - Media Sample Variation - background: gradient; colorscheme: dark; fullheight: true (.hidden)&lt;/h2&gt;">
        </title25><teaservertical28
        jcr:primaryType="nt:unstructured" sling:resourceType="themecleanflex/components/teaservertical" showtitle="true" showsubtitle="true" showtext="true" showbutton="true" fullheight="true" backgroundtype="gradient" bgcolor="#ff8040" gradient="true" color2="#0080ff" bottompadding="30" toppadding="30" text="&lt;p&gt;Eligendi fugit asperiores et. Corrupti voluptatum quasi sit. Adipisci ut voluptatem necessitatibus cumque aspernatur.&lt;/p&gt;" subtitle="Molestiae alias et inventore voluptas" title="Peregrine blocks" buttonsize="default" showmedia="true" mediatype="image" imagesrc="/content/themecleanflex/assets/samples/beach-bird-s-eye-view-daytime-1249586.jpg" mediatitle="Bird's eye view of the beach" mediawidth="50" mediaposition="after" custombackground="true" bgsize="cover" colorscheme="dark"><buttons jcr:primaryType="nt:unstructured"><c26
        jcr:primaryType="nt:unstructured" buttonlink="/content/themecleanflex/pages" buttontext="See More" buttoncolor="primary" iconclass="">
        </c26><c27
        jcr:primaryType="nt:unstructured" buttonlink="/content/themecleanflex/pages" buttontext="About Us" buttoncolor="primary" iconclass="">
        </c27></buttons>
        </teaservertical28><title29 jcr:primaryType="nt:unstructured" 
            sling:resourceType="themecleanflex/components/richtext" 
            toppadding="25"
            bottompadding="25"
            custombackground="true"
            backgroundtype="color"
            bgcolor="#eeeeee"
            text="&lt;h2&gt;Teaser Vertical - Media Sample Variation - background: gradient; colorscheme: light; fullheight: false (.hidden)&lt;/h2&gt;">
        </title29><teaservertical32
        jcr:primaryType="nt:unstructured" sling:resourceType="themecleanflex/components/teaservertical" showtitle="true" showsubtitle="true" showtext="true" showbutton="true" fullheight="false" backgroundtype="gradient" bgcolor="#ff8040" gradient="true" color2="#0080ff" bottompadding="30" toppadding="30" text="&lt;p&gt;Eligendi fugit asperiores et. Corrupti voluptatum quasi sit. Adipisci ut voluptatem necessitatibus cumque aspernatur.&lt;/p&gt;" subtitle="Molestiae alias et inventore voluptas" title="Peregrine blocks" buttonsize="default" showmedia="true" mediatype="image" imagesrc="/content/themecleanflex/assets/samples/beach-bird-s-eye-view-daytime-1249586.jpg" mediatitle="Bird's eye view of the beach" mediawidth="50" mediaposition="after" custombackground="true" bgsize="cover" colorscheme="light"><buttons jcr:primaryType="nt:unstructured"><c30
        jcr:primaryType="nt:unstructured" buttonlink="/content/themecleanflex/pages" buttontext="See More" buttoncolor="primary" iconclass="">
        </c30><c31
        jcr:primaryType="nt:unstructured" buttonlink="/content/themecleanflex/pages" buttontext="About Us" buttoncolor="primary" iconclass="">
        </c31></buttons>
        </teaservertical32><title33 jcr:primaryType="nt:unstructured" 
            sling:resourceType="themecleanflex/components/richtext" 
            toppadding="25"
            bottompadding="25"
            custombackground="true"
            backgroundtype="color"
            bgcolor="#eeeeee"
            text="&lt;h2&gt;Teaser Vertical - Media Sample Variation - background: gradient; colorscheme: light; fullheight: true (.hidden)&lt;/h2&gt;">
        </title33><teaservertical36
        jcr:primaryType="nt:unstructured" sling:resourceType="themecleanflex/components/teaservertical" showtitle="true" showsubtitle="true" showtext="true" showbutton="true" fullheight="true" backgroundtype="gradient" bgcolor="#ff8040" gradient="true" color2="#0080ff" bottompadding="30" toppadding="30" text="&lt;p&gt;Eligendi fugit asperiores et. Corrupti voluptatum quasi sit. Adipisci ut voluptatem necessitatibus cumque aspernatur.&lt;/p&gt;" subtitle="Molestiae alias et inventore voluptas" title="Peregrine blocks" buttonsize="default" showmedia="true" mediatype="image" imagesrc="/content/themecleanflex/assets/samples/beach-bird-s-eye-view-daytime-1249586.jpg" mediatitle="Bird's eye view of the beach" mediawidth="50" mediaposition="after" custombackground="true" bgsize="cover" colorscheme="light"><buttons jcr:primaryType="nt:unstructured"><c34
        jcr:primaryType="nt:unstructured" buttonlink="/content/themecleanflex/pages" buttontext="See More" buttoncolor="primary" iconclass="">
        </c34><c35
        jcr:primaryType="nt:unstructured" buttonlink="/content/themecleanflex/pages" buttontext="About Us" buttoncolor="primary" iconclass="">
        </c35></buttons>
        </teaservertical36><title37 jcr:primaryType="nt:unstructured" 
            sling:resourceType="themecleanflex/components/richtext" 
            toppadding="25"
            bottompadding="25"
            custombackground="true"
            backgroundtype="color"
            bgcolor="#eeeeee"
            text="&lt;h2&gt;Teaser Vertical - Media Sample Variation - background: gradient; colorscheme: none; fullheight: false (.hidden)&lt;/h2&gt;">
        </title37><teaservertical40
        jcr:primaryType="nt:unstructured" sling:resourceType="themecleanflex/components/teaservertical" showtitle="true" showsubtitle="true" showtext="true" showbutton="true" fullheight="false" backgroundtype="gradient" bgcolor="#ff8040" gradient="true" color2="#0080ff" bottompadding="30" toppadding="30" text="&lt;p&gt;Eligendi fugit asperiores et. Corrupti voluptatum quasi sit. Adipisci ut voluptatem necessitatibus cumque aspernatur.&lt;/p&gt;" subtitle="Molestiae alias et inventore voluptas" title="Peregrine blocks" buttonsize="default" showmedia="true" mediatype="image" imagesrc="/content/themecleanflex/assets/samples/beach-bird-s-eye-view-daytime-1249586.jpg" mediatitle="Bird's eye view of the beach" mediawidth="50" mediaposition="after" custombackground="true" bgsize="cover" colorscheme=""><buttons jcr:primaryType="nt:unstructured"><c38
        jcr:primaryType="nt:unstructured" buttonlink="/content/themecleanflex/pages" buttontext="See More" buttoncolor="primary" iconclass="">
        </c38><c39
        jcr:primaryType="nt:unstructured" buttonlink="/content/themecleanflex/pages" buttontext="About Us" buttoncolor="primary" iconclass="">
        </c39></buttons>
        </teaservertical40><title41 jcr:primaryType="nt:unstructured" 
            sling:resourceType="themecleanflex/components/richtext" 
            toppadding="25"
            bottompadding="25"
            custombackground="true"
            backgroundtype="color"
            bgcolor="#eeeeee"
            text="&lt;h2&gt;Teaser Vertical - Media Sample Variation - background: gradient; colorscheme: none; fullheight: true (.hidden)&lt;/h2&gt;">
        </title41><teaservertical44
        jcr:primaryType="nt:unstructured" sling:resourceType="themecleanflex/components/teaservertical" showtitle="true" showsubtitle="true" showtext="true" showbutton="true" fullheight="true" backgroundtype="gradient" bgcolor="#ff8040" gradient="true" color2="#0080ff" bottompadding="30" toppadding="30" text="&lt;p&gt;Eligendi fugit asperiores et. Corrupti voluptatum quasi sit. Adipisci ut voluptatem necessitatibus cumque aspernatur.&lt;/p&gt;" subtitle="Molestiae alias et inventore voluptas" title="Peregrine blocks" buttonsize="default" showmedia="true" mediatype="image" imagesrc="/content/themecleanflex/assets/samples/beach-bird-s-eye-view-daytime-1249586.jpg" mediatitle="Bird's eye view of the beach" mediawidth="50" mediaposition="after" custombackground="true" bgsize="cover" colorscheme=""><buttons jcr:primaryType="nt:unstructured"><c42
        jcr:primaryType="nt:unstructured" buttonlink="/content/themecleanflex/pages" buttontext="See More" buttoncolor="primary" iconclass="">
        </c42><c43
        jcr:primaryType="nt:unstructured" buttonlink="/content/themecleanflex/pages" buttontext="About Us" buttoncolor="primary" iconclass="">
        </c43></buttons>
        </teaservertical44><title45 jcr:primaryType="nt:unstructured" 
            sling:resourceType="themecleanflex/components/richtext" 
            toppadding="25"
            bottompadding="25"
            custombackground="true"
            backgroundtype="color"
            bgcolor="#eeeeee"
            text="&lt;h2&gt;Teaser Vertical - Media Sample Variation - background: image; colorscheme: dark; fullheight: false (.hidden)&lt;/h2&gt;">
        </title45><teaservertical48
        jcr:primaryType="nt:unstructured" sling:resourceType="themecleanflex/components/teaservertical" showtitle="true" showsubtitle="true" showtext="true" showbutton="true" fullheight="false" backgroundtype="image" bgcolor="#ffffff" gradient="true" color2="#c0c0c0" bottompadding="30" toppadding="30" text="&lt;p&gt;Eligendi fugit asperiores et. Corrupti voluptatum quasi sit. Adipisci ut voluptatem necessitatibus cumque aspernatur.&lt;/p&gt;" subtitle="Molestiae alias et inventore voluptas" title="Peregrine blocks" buttonsize="default" showmedia="true" mediatype="image" imagesrc="/content/themecleanflex/assets/samples/beach-bird-s-eye-view-daytime-1249586.jpg" mediatitle="Bird's eye view of the beach" mediawidth="50" mediaposition="after" custombackground="true" bgsize="cover" bgimage="/content/themecleanflex/assets/samples/beach-bird-s-eye-view-daytime-1249586.jpg" colorscheme="dark"><buttons jcr:primaryType="nt:unstructured"><c46
        jcr:primaryType="nt:unstructured" buttonlink="/content/themecleanflex/pages" buttontext="See More" buttoncolor="primary" iconclass="">
        </c46><c47
        jcr:primaryType="nt:unstructured" buttonlink="/content/themecleanflex/pages" buttontext="About Us" buttoncolor="primary" iconclass="">
        </c47></buttons>
        </teaservertical48><title49 jcr:primaryType="nt:unstructured" 
            sling:resourceType="themecleanflex/components/richtext" 
            toppadding="25"
            bottompadding="25"
            custombackground="true"
            backgroundtype="color"
            bgcolor="#eeeeee"
            text="&lt;h2&gt;Teaser Vertical - Media Sample Variation - background: image; colorscheme: dark; fullheight: true (.hidden)&lt;/h2&gt;">
        </title49><teaservertical52
        jcr:primaryType="nt:unstructured" sling:resourceType="themecleanflex/components/teaservertical" showtitle="true" showsubtitle="true" showtext="true" showbutton="true" fullheight="true" backgroundtype="image" bgcolor="#ffffff" gradient="true" color2="#c0c0c0" bottompadding="30" toppadding="30" text="&lt;p&gt;Eligendi fugit asperiores et. Corrupti voluptatum quasi sit. Adipisci ut voluptatem necessitatibus cumque aspernatur.&lt;/p&gt;" subtitle="Molestiae alias et inventore voluptas" title="Peregrine blocks" buttonsize="default" showmedia="true" mediatype="image" imagesrc="/content/themecleanflex/assets/samples/beach-bird-s-eye-view-daytime-1249586.jpg" mediatitle="Bird's eye view of the beach" mediawidth="50" mediaposition="after" custombackground="true" bgsize="cover" bgimage="/content/themecleanflex/assets/samples/beach-bird-s-eye-view-daytime-1249586.jpg" colorscheme="dark"><buttons jcr:primaryType="nt:unstructured"><c50
        jcr:primaryType="nt:unstructured" buttonlink="/content/themecleanflex/pages" buttontext="See More" buttoncolor="primary" iconclass="">
        </c50><c51
        jcr:primaryType="nt:unstructured" buttonlink="/content/themecleanflex/pages" buttontext="About Us" buttoncolor="primary" iconclass="">
        </c51></buttons>
        </teaservertical52><title53 jcr:primaryType="nt:unstructured" 
            sling:resourceType="themecleanflex/components/richtext" 
            toppadding="25"
            bottompadding="25"
            custombackground="true"
            backgroundtype="color"
            bgcolor="#eeeeee"
            text="&lt;h2&gt;Teaser Vertical - Media Sample Variation - background: image; colorscheme: light; fullheight: false (.hidden)&lt;/h2&gt;">
        </title53><teaservertical56
        jcr:primaryType="nt:unstructured" sling:resourceType="themecleanflex/components/teaservertical" showtitle="true" showsubtitle="true" showtext="true" showbutton="true" fullheight="false" backgroundtype="image" bgcolor="#ffffff" gradient="true" color2="#c0c0c0" bottompadding="30" toppadding="30" text="&lt;p&gt;Eligendi fugit asperiores et. Corrupti voluptatum quasi sit. Adipisci ut voluptatem necessitatibus cumque aspernatur.&lt;/p&gt;" subtitle="Molestiae alias et inventore voluptas" title="Peregrine blocks" buttonsize="default" showmedia="true" mediatype="image" imagesrc="/content/themecleanflex/assets/samples/beach-bird-s-eye-view-daytime-1249586.jpg" mediatitle="Bird's eye view of the beach" mediawidth="50" mediaposition="after" custombackground="true" bgsize="cover" bgimage="/content/themecleanflex/assets/samples/beach-bird-s-eye-view-daytime-1249586.jpg" colorscheme="light"><buttons jcr:primaryType="nt:unstructured"><c54
        jcr:primaryType="nt:unstructured" buttonlink="/content/themecleanflex/pages" buttontext="See More" buttoncolor="primary" iconclass="">
        </c54><c55
        jcr:primaryType="nt:unstructured" buttonlink="/content/themecleanflex/pages" buttontext="About Us" buttoncolor="primary" iconclass="">
        </c55></buttons>
        </teaservertical56><title57 jcr:primaryType="nt:unstructured" 
            sling:resourceType="themecleanflex/components/richtext" 
            toppadding="25"
            bottompadding="25"
            custombackground="true"
            backgroundtype="color"
            bgcolor="#eeeeee"
            text="&lt;h2&gt;Teaser Vertical - Media Sample Variation - background: image; colorscheme: light; fullheight: true (.hidden)&lt;/h2&gt;">
        </title57><teaservertical60
        jcr:primaryType="nt:unstructured" sling:resourceType="themecleanflex/components/teaservertical" showtitle="true" showsubtitle="true" showtext="true" showbutton="true" fullheight="true" backgroundtype="image" bgcolor="#ffffff" gradient="true" color2="#c0c0c0" bottompadding="30" toppadding="30" text="&lt;p&gt;Eligendi fugit asperiores et. Corrupti voluptatum quasi sit. Adipisci ut voluptatem necessitatibus cumque aspernatur.&lt;/p&gt;" subtitle="Molestiae alias et inventore voluptas" title="Peregrine blocks" buttonsize="default" showmedia="true" mediatype="image" imagesrc="/content/themecleanflex/assets/samples/beach-bird-s-eye-view-daytime-1249586.jpg" mediatitle="Bird's eye view of the beach" mediawidth="50" mediaposition="after" custombackground="true" bgsize="cover" bgimage="/content/themecleanflex/assets/samples/beach-bird-s-eye-view-daytime-1249586.jpg" colorscheme="light"><buttons jcr:primaryType="nt:unstructured"><c58
        jcr:primaryType="nt:unstructured" buttonlink="/content/themecleanflex/pages" buttontext="See More" buttoncolor="primary" iconclass="">
        </c58><c59
        jcr:primaryType="nt:unstructured" buttonlink="/content/themecleanflex/pages" buttontext="About Us" buttoncolor="primary" iconclass="">
        </c59></buttons>
        </teaservertical60><title61 jcr:primaryType="nt:unstructured" 
            sling:resourceType="themecleanflex/components/richtext" 
            toppadding="25"
            bottompadding="25"
            custombackground="true"
            backgroundtype="color"
            bgcolor="#eeeeee"
            text="&lt;h2&gt;Teaser Vertical - Media Sample Variation - background: image; colorscheme: none; fullheight: false (.hidden)&lt;/h2&gt;">
        </title61><teaservertical64
        jcr:primaryType="nt:unstructured" sling:resourceType="themecleanflex/components/teaservertical" showtitle="true" showsubtitle="true" showtext="true" showbutton="true" fullheight="false" backgroundtype="image" bgcolor="#ffffff" gradient="true" color2="#c0c0c0" bottompadding="30" toppadding="30" text="&lt;p&gt;Eligendi fugit asperiores et. Corrupti voluptatum quasi sit. Adipisci ut voluptatem necessitatibus cumque aspernatur.&lt;/p&gt;" subtitle="Molestiae alias et inventore voluptas" title="Peregrine blocks" buttonsize="default" showmedia="true" mediatype="image" imagesrc="/content/themecleanflex/assets/samples/beach-bird-s-eye-view-daytime-1249586.jpg" mediatitle="Bird's eye view of the beach" mediawidth="50" mediaposition="after" custombackground="true" bgsize="cover" bgimage="/content/themecleanflex/assets/samples/beach-bird-s-eye-view-daytime-1249586.jpg" colorscheme=""><buttons jcr:primaryType="nt:unstructured"><c62
        jcr:primaryType="nt:unstructured" buttonlink="/content/themecleanflex/pages" buttontext="See More" buttoncolor="primary" iconclass="">
        </c62><c63
        jcr:primaryType="nt:unstructured" buttonlink="/content/themecleanflex/pages" buttontext="About Us" buttoncolor="primary" iconclass="">
        </c63></buttons>
        </teaservertical64><title65 jcr:primaryType="nt:unstructured" 
            sling:resourceType="themecleanflex/components/richtext" 
            toppadding="25"
            bottompadding="25"
            custombackground="true"
            backgroundtype="color"
            bgcolor="#eeeeee"
            text="&lt;h2&gt;Teaser Vertical - Media Sample Variation - background: image; colorscheme: none; fullheight: true (.hidden)&lt;/h2&gt;">
        </title65><teaservertical68
        jcr:primaryType="nt:unstructured" sling:resourceType="themecleanflex/components/teaservertical" showtitle="true" showsubtitle="true" showtext="true" showbutton="true" fullheight="true" backgroundtype="image" bgcolor="#ffffff" gradient="true" color2="#c0c0c0" bottompadding="30" toppadding="30" text="&lt;p&gt;Eligendi fugit asperiores et. Corrupti voluptatum quasi sit. Adipisci ut voluptatem necessitatibus cumque aspernatur.&lt;/p&gt;" subtitle="Molestiae alias et inventore voluptas" title="Peregrine blocks" buttonsize="default" showmedia="true" mediatype="image" imagesrc="/content/themecleanflex/assets/samples/beach-bird-s-eye-view-daytime-1249586.jpg" mediatitle="Bird's eye view of the beach" mediawidth="50" mediaposition="after" custombackground="true" bgsize="cover" bgimage="/content/themecleanflex/assets/samples/beach-bird-s-eye-view-daytime-1249586.jpg" colorscheme=""><buttons jcr:primaryType="nt:unstructured"><c66
        jcr:primaryType="nt:unstructured" buttonlink="/content/themecleanflex/pages" buttontext="See More" buttoncolor="primary" iconclass="">
        </c66><c67
        jcr:primaryType="nt:unstructured" buttonlink="/content/themecleanflex/pages" buttontext="About Us" buttoncolor="primary" iconclass="">
        </c67></buttons>
        </teaservertical68><title69 jcr:primaryType="nt:unstructured" 
            sling:resourceType="themecleanflex/components/richtext" 
            toppadding="25"
            bottompadding="25"
            custombackground="true"
            backgroundtype="color"
            bgcolor="#eeeeee"
            text="&lt;h2&gt;Teaser Vertical - Media Sample Variation - background: none; colorscheme: dark; fullheight: false (.hidden)&lt;/h2&gt;">
        </title69><teaservertical72
        jcr:primaryType="nt:unstructured" sling:resourceType="themecleanflex/components/teaservertical" showtitle="true" showsubtitle="true" showtext="true" showbutton="true" fullheight="false" backgroundtype="gradient" bgcolor="#ffffff" gradient="true" color2="#c0c0c0" bottompadding="30" toppadding="30" text="&lt;p&gt;Eligendi fugit asperiores et. Corrupti voluptatum quasi sit. Adipisci ut voluptatem necessitatibus cumque aspernatur.&lt;/p&gt;" subtitle="Molestiae alias et inventore voluptas" title="Peregrine blocks" buttonsize="default" showmedia="true" mediatype="image" imagesrc="/content/themecleanflex/assets/samples/beach-bird-s-eye-view-daytime-1249586.jpg" mediatitle="Bird's eye view of the beach" mediawidth="50" mediaposition="after" custombackground="false" colorscheme="dark"><buttons jcr:primaryType="nt:unstructured"><c70
        jcr:primaryType="nt:unstructured" buttonlink="/content/themecleanflex/pages" buttontext="See More" buttoncolor="primary" iconclass="">
        </c70><c71
        jcr:primaryType="nt:unstructured" buttonlink="/content/themecleanflex/pages" buttontext="About Us" buttoncolor="primary" iconclass="">
        </c71></buttons>
        </teaservertical72><title73 jcr:primaryType="nt:unstructured" 
            sling:resourceType="themecleanflex/components/richtext" 
            toppadding="25"
            bottompadding="25"
            custombackground="true"
            backgroundtype="color"
            bgcolor="#eeeeee"
            text="&lt;h2&gt;Teaser Vertical - Media Sample Variation - background: none; colorscheme: dark; fullheight: true (.hidden)&lt;/h2&gt;">
        </title73><teaservertical76
        jcr:primaryType="nt:unstructured" sling:resourceType="themecleanflex/components/teaservertical" showtitle="true" showsubtitle="true" showtext="true" showbutton="true" fullheight="true" backgroundtype="gradient" bgcolor="#ffffff" gradient="true" color2="#c0c0c0" bottompadding="30" toppadding="30" text="&lt;p&gt;Eligendi fugit asperiores et. Corrupti voluptatum quasi sit. Adipisci ut voluptatem necessitatibus cumque aspernatur.&lt;/p&gt;" subtitle="Molestiae alias et inventore voluptas" title="Peregrine blocks" buttonsize="default" showmedia="true" mediatype="image" imagesrc="/content/themecleanflex/assets/samples/beach-bird-s-eye-view-daytime-1249586.jpg" mediatitle="Bird's eye view of the beach" mediawidth="50" mediaposition="after" custombackground="false" colorscheme="dark"><buttons jcr:primaryType="nt:unstructured"><c74
        jcr:primaryType="nt:unstructured" buttonlink="/content/themecleanflex/pages" buttontext="See More" buttoncolor="primary" iconclass="">
        </c74><c75
        jcr:primaryType="nt:unstructured" buttonlink="/content/themecleanflex/pages" buttontext="About Us" buttoncolor="primary" iconclass="">
        </c75></buttons>
        </teaservertical76><title77 jcr:primaryType="nt:unstructured" 
            sling:resourceType="themecleanflex/components/richtext" 
            toppadding="25"
            bottompadding="25"
            custombackground="true"
            backgroundtype="color"
            bgcolor="#eeeeee"
            text="&lt;h2&gt;Teaser Vertical - Media Sample Variation - background: none; colorscheme: light; fullheight: false (.hidden)&lt;/h2&gt;">
        </title77><teaservertical80
        jcr:primaryType="nt:unstructured" sling:resourceType="themecleanflex/components/teaservertical" showtitle="true" showsubtitle="true" showtext="true" showbutton="true" fullheight="false" backgroundtype="gradient" bgcolor="#ffffff" gradient="true" color2="#c0c0c0" bottompadding="30" toppadding="30" text="&lt;p&gt;Eligendi fugit asperiores et. Corrupti voluptatum quasi sit. Adipisci ut voluptatem necessitatibus cumque aspernatur.&lt;/p&gt;" subtitle="Molestiae alias et inventore voluptas" title="Peregrine blocks" buttonsize="default" showmedia="true" mediatype="image" imagesrc="/content/themecleanflex/assets/samples/beach-bird-s-eye-view-daytime-1249586.jpg" mediatitle="Bird's eye view of the beach" mediawidth="50" mediaposition="after" custombackground="false" colorscheme="light"><buttons jcr:primaryType="nt:unstructured"><c78
        jcr:primaryType="nt:unstructured" buttonlink="/content/themecleanflex/pages" buttontext="See More" buttoncolor="primary" iconclass="">
        </c78><c79
        jcr:primaryType="nt:unstructured" buttonlink="/content/themecleanflex/pages" buttontext="About Us" buttoncolor="primary" iconclass="">
        </c79></buttons>
        </teaservertical80><title81 jcr:primaryType="nt:unstructured" 
            sling:resourceType="themecleanflex/components/richtext" 
            toppadding="25"
            bottompadding="25"
            custombackground="true"
            backgroundtype="color"
            bgcolor="#eeeeee"
            text="&lt;h2&gt;Teaser Vertical - Media Sample Variation - background: none; colorscheme: light; fullheight: true (.hidden)&lt;/h2&gt;">
        </title81><teaservertical84
        jcr:primaryType="nt:unstructured" sling:resourceType="themecleanflex/components/teaservertical" showtitle="true" showsubtitle="true" showtext="true" showbutton="true" fullheight="true" backgroundtype="gradient" bgcolor="#ffffff" gradient="true" color2="#c0c0c0" bottompadding="30" toppadding="30" text="&lt;p&gt;Eligendi fugit asperiores et. Corrupti voluptatum quasi sit. Adipisci ut voluptatem necessitatibus cumque aspernatur.&lt;/p&gt;" subtitle="Molestiae alias et inventore voluptas" title="Peregrine blocks" buttonsize="default" showmedia="true" mediatype="image" imagesrc="/content/themecleanflex/assets/samples/beach-bird-s-eye-view-daytime-1249586.jpg" mediatitle="Bird's eye view of the beach" mediawidth="50" mediaposition="after" custombackground="false" colorscheme="light"><buttons jcr:primaryType="nt:unstructured"><c82
        jcr:primaryType="nt:unstructured" buttonlink="/content/themecleanflex/pages" buttontext="See More" buttoncolor="primary" iconclass="">
        </c82><c83
        jcr:primaryType="nt:unstructured" buttonlink="/content/themecleanflex/pages" buttontext="About Us" buttoncolor="primary" iconclass="">
        </c83></buttons>
        </teaservertical84><title85 jcr:primaryType="nt:unstructured" 
            sling:resourceType="themecleanflex/components/richtext" 
            toppadding="25"
            bottompadding="25"
            custombackground="true"
            backgroundtype="color"
            bgcolor="#eeeeee"
            text="&lt;h2&gt;Teaser Vertical - Media Sample Variation - background: none; colorscheme: none; fullheight: false (.hidden)&lt;/h2&gt;">
        </title85><teaservertical88
        jcr:primaryType="nt:unstructured" sling:resourceType="themecleanflex/components/teaservertical" showtitle="true" showsubtitle="true" showtext="true" showbutton="true" fullheight="false" backgroundtype="gradient" bgcolor="#ffffff" gradient="true" color2="#c0c0c0" bottompadding="30" toppadding="30" text="&lt;p&gt;Eligendi fugit asperiores et. Corrupti voluptatum quasi sit. Adipisci ut voluptatem necessitatibus cumque aspernatur.&lt;/p&gt;" subtitle="Molestiae alias et inventore voluptas" title="Peregrine blocks" buttonsize="default" showmedia="true" mediatype="image" imagesrc="/content/themecleanflex/assets/samples/beach-bird-s-eye-view-daytime-1249586.jpg" mediatitle="Bird's eye view of the beach" mediawidth="50" mediaposition="after" custombackground="false" colorscheme=""><buttons jcr:primaryType="nt:unstructured"><c86
        jcr:primaryType="nt:unstructured" buttonlink="/content/themecleanflex/pages" buttontext="See More" buttoncolor="primary" iconclass="">
        </c86><c87
        jcr:primaryType="nt:unstructured" buttonlink="/content/themecleanflex/pages" buttontext="About Us" buttoncolor="primary" iconclass="">
        </c87></buttons>
        </teaservertical88><title89 jcr:primaryType="nt:unstructured" 
            sling:resourceType="themecleanflex/components/richtext" 
            toppadding="25"
            bottompadding="25"
            custombackground="true"
            backgroundtype="color"
            bgcolor="#eeeeee"
            text="&lt;h2&gt;Teaser Vertical - Media Sample Variation - background: none; colorscheme: none; fullheight: true (.hidden)&lt;/h2&gt;">
        </title89><teaservertical92
        jcr:primaryType="nt:unstructured" sling:resourceType="themecleanflex/components/teaservertical" showtitle="true" showsubtitle="true" showtext="true" showbutton="true" fullheight="true" backgroundtype="gradient" bgcolor="#ffffff" gradient="true" color2="#c0c0c0" bottompadding="30" toppadding="30" text="&lt;p&gt;Eligendi fugit asperiores et. Corrupti voluptatum quasi sit. Adipisci ut voluptatem necessitatibus cumque aspernatur.&lt;/p&gt;" subtitle="Molestiae alias et inventore voluptas" title="Peregrine blocks" buttonsize="default" showmedia="true" mediatype="image" imagesrc="/content/themecleanflex/assets/samples/beach-bird-s-eye-view-daytime-1249586.jpg" mediatitle="Bird's eye view of the beach" mediawidth="50" mediaposition="after" custombackground="false" colorscheme=""><buttons jcr:primaryType="nt:unstructured"><c90
        jcr:primaryType="nt:unstructured" buttonlink="/content/themecleanflex/pages" buttontext="See More" buttoncolor="primary" iconclass="">
        </c90><c91
        jcr:primaryType="nt:unstructured" buttonlink="/content/themecleanflex/pages" buttontext="About Us" buttoncolor="primary" iconclass="">
        </c91></buttons>
        </teaservertical92><title93 jcr:primaryType="nt:unstructured" 
            sling:resourceType="themecleanflex/components/richtext" 
            toppadding="25"
            bottompadding="25"
            custombackground="true"
            backgroundtype="color"
            bgcolor="#eeeeee"
            text="&lt;h2&gt;Teaser Vertical - Media Sample Variation - background: video; colorscheme: dark; fullheight: false (.hidden)&lt;/h2&gt;">
        </title93><teaservertical96
        jcr:primaryType="nt:unstructured" sling:resourceType="themecleanflex/components/teaservertical" showtitle="true" showsubtitle="true" showtext="true" showbutton="true" fullheight="false" backgroundtype="video" bgcolor="#ffffff" gradient="true" color2="#c0c0c0" bottompadding="30" toppadding="30" text="&lt;p&gt;Eligendi fugit asperiores et. Corrupti voluptatum quasi sit. Adipisci ut voluptatem necessitatibus cumque aspernatur.&lt;/p&gt;" subtitle="Molestiae alias et inventore voluptas" title="Peregrine blocks" buttonsize="default" showmedia="true" mediatype="image" imagesrc="/content/themecleanflex/assets/samples/beach-bird-s-eye-view-daytime-1249586.jpg" mediatitle="Bird's eye view of the beach" mediawidth="50" mediaposition="after" custombackground="true" bgsize="cover" bgvideo="https://www.youtube.com/embed/Ju86mknumYM" colorscheme="dark"><buttons jcr:primaryType="nt:unstructured"><c94
        jcr:primaryType="nt:unstructured" buttonlink="/content/themecleanflex/pages" buttontext="See More" buttoncolor="primary" iconclass="">
        </c94><c95
        jcr:primaryType="nt:unstructured" buttonlink="/content/themecleanflex/pages" buttontext="About Us" buttoncolor="primary" iconclass="">
        </c95></buttons>
        </teaservertical96><title97 jcr:primaryType="nt:unstructured" 
            sling:resourceType="themecleanflex/components/richtext" 
            toppadding="25"
            bottompadding="25"
            custombackground="true"
            backgroundtype="color"
            bgcolor="#eeeeee"
            text="&lt;h2&gt;Teaser Vertical - Media Sample Variation - background: video; colorscheme: dark; fullheight: true (.hidden)&lt;/h2&gt;">
        </title97><teaservertical100
        jcr:primaryType="nt:unstructured" sling:resourceType="themecleanflex/components/teaservertical" showtitle="true" showsubtitle="true" showtext="true" showbutton="true" fullheight="true" backgroundtype="video" bgcolor="#ffffff" gradient="true" color2="#c0c0c0" bottompadding="30" toppadding="30" text="&lt;p&gt;Eligendi fugit asperiores et. Corrupti voluptatum quasi sit. Adipisci ut voluptatem necessitatibus cumque aspernatur.&lt;/p&gt;" subtitle="Molestiae alias et inventore voluptas" title="Peregrine blocks" buttonsize="default" showmedia="true" mediatype="image" imagesrc="/content/themecleanflex/assets/samples/beach-bird-s-eye-view-daytime-1249586.jpg" mediatitle="Bird's eye view of the beach" mediawidth="50" mediaposition="after" custombackground="true" bgsize="cover" bgvideo="https://www.youtube.com/embed/Ju86mknumYM" colorscheme="dark"><buttons jcr:primaryType="nt:unstructured"><c98
        jcr:primaryType="nt:unstructured" buttonlink="/content/themecleanflex/pages" buttontext="See More" buttoncolor="primary" iconclass="">
        </c98><c99
        jcr:primaryType="nt:unstructured" buttonlink="/content/themecleanflex/pages" buttontext="About Us" buttoncolor="primary" iconclass="">
        </c99></buttons>
        </teaservertical100><title101 jcr:primaryType="nt:unstructured" 
            sling:resourceType="themecleanflex/components/richtext" 
            toppadding="25"
            bottompadding="25"
            custombackground="true"
            backgroundtype="color"
            bgcolor="#eeeeee"
            text="&lt;h2&gt;Teaser Vertical - Media Sample Variation - background: video; colorscheme: light; fullheight: false (.hidden)&lt;/h2&gt;">
        </title101><teaservertical104
        jcr:primaryType="nt:unstructured" sling:resourceType="themecleanflex/components/teaservertical" showtitle="true" showsubtitle="true" showtext="true" showbutton="true" fullheight="false" backgroundtype="video" bgcolor="#ffffff" gradient="true" color2="#c0c0c0" bottompadding="30" toppadding="30" text="&lt;p&gt;Eligendi fugit asperiores et. Corrupti voluptatum quasi sit. Adipisci ut voluptatem necessitatibus cumque aspernatur.&lt;/p&gt;" subtitle="Molestiae alias et inventore voluptas" title="Peregrine blocks" buttonsize="default" showmedia="true" mediatype="image" imagesrc="/content/themecleanflex/assets/samples/beach-bird-s-eye-view-daytime-1249586.jpg" mediatitle="Bird's eye view of the beach" mediawidth="50" mediaposition="after" custombackground="true" bgsize="cover" bgvideo="https://www.youtube.com/embed/Ju86mknumYM" colorscheme="light"><buttons jcr:primaryType="nt:unstructured"><c102
        jcr:primaryType="nt:unstructured" buttonlink="/content/themecleanflex/pages" buttontext="See More" buttoncolor="primary" iconclass="">
        </c102><c103
        jcr:primaryType="nt:unstructured" buttonlink="/content/themecleanflex/pages" buttontext="About Us" buttoncolor="primary" iconclass="">
        </c103></buttons>
        </teaservertical104><title105 jcr:primaryType="nt:unstructured" 
            sling:resourceType="themecleanflex/components/richtext" 
            toppadding="25"
            bottompadding="25"
            custombackground="true"
            backgroundtype="color"
            bgcolor="#eeeeee"
            text="&lt;h2&gt;Teaser Vertical - Media Sample Variation - background: video; colorscheme: light; fullheight: true (.hidden)&lt;/h2&gt;">
        </title105><teaservertical108
        jcr:primaryType="nt:unstructured" sling:resourceType="themecleanflex/components/teaservertical" showtitle="true" showsubtitle="true" showtext="true" showbutton="true" fullheight="true" backgroundtype="video" bgcolor="#ffffff" gradient="true" color2="#c0c0c0" bottompadding="30" toppadding="30" text="&lt;p&gt;Eligendi fugit asperiores et. Corrupti voluptatum quasi sit. Adipisci ut voluptatem necessitatibus cumque aspernatur.&lt;/p&gt;" subtitle="Molestiae alias et inventore voluptas" title="Peregrine blocks" buttonsize="default" showmedia="true" mediatype="image" imagesrc="/content/themecleanflex/assets/samples/beach-bird-s-eye-view-daytime-1249586.jpg" mediatitle="Bird's eye view of the beach" mediawidth="50" mediaposition="after" custombackground="true" bgsize="cover" bgvideo="https://www.youtube.com/embed/Ju86mknumYM" colorscheme="light"><buttons jcr:primaryType="nt:unstructured"><c106
        jcr:primaryType="nt:unstructured" buttonlink="/content/themecleanflex/pages" buttontext="See More" buttoncolor="primary" iconclass="">
        </c106><c107
        jcr:primaryType="nt:unstructured" buttonlink="/content/themecleanflex/pages" buttontext="About Us" buttoncolor="primary" iconclass="">
        </c107></buttons>
        </teaservertical108><title109 jcr:primaryType="nt:unstructured" 
            sling:resourceType="themecleanflex/components/richtext" 
            toppadding="25"
            bottompadding="25"
            custombackground="true"
            backgroundtype="color"
            bgcolor="#eeeeee"
            text="&lt;h2&gt;Teaser Vertical - Media Sample Variation - background: video; colorscheme: none; fullheight: false (.hidden)&lt;/h2&gt;">
        </title109><teaservertical112
        jcr:primaryType="nt:unstructured" sling:resourceType="themecleanflex/components/teaservertical" showtitle="true" showsubtitle="true" showtext="true" showbutton="true" fullheight="false" backgroundtype="video" bgcolor="#ffffff" gradient="true" color2="#c0c0c0" bottompadding="30" toppadding="30" text="&lt;p&gt;Eligendi fugit asperiores et. Corrupti voluptatum quasi sit. Adipisci ut voluptatem necessitatibus cumque aspernatur.&lt;/p&gt;" subtitle="Molestiae alias et inventore voluptas" title="Peregrine blocks" buttonsize="default" showmedia="true" mediatype="image" imagesrc="/content/themecleanflex/assets/samples/beach-bird-s-eye-view-daytime-1249586.jpg" mediatitle="Bird's eye view of the beach" mediawidth="50" mediaposition="after" custombackground="true" bgsize="cover" bgvideo="https://www.youtube.com/embed/Ju86mknumYM" colorscheme=""><buttons jcr:primaryType="nt:unstructured"><c110
        jcr:primaryType="nt:unstructured" buttonlink="/content/themecleanflex/pages" buttontext="See More" buttoncolor="primary" iconclass="">
        </c110><c111
        jcr:primaryType="nt:unstructured" buttonlink="/content/themecleanflex/pages" buttontext="About Us" buttoncolor="primary" iconclass="">
        </c111></buttons>
        </teaservertical112><title113 jcr:primaryType="nt:unstructured" 
            sling:resourceType="themecleanflex/components/richtext" 
            toppadding="25"
            bottompadding="25"
            custombackground="true"
            backgroundtype="color"
            bgcolor="#eeeeee"
            text="&lt;h2&gt;Teaser Vertical - Media Sample Variation - background: video; colorscheme: none; fullheight: true (.hidden)&lt;/h2&gt;">
        </title113><teaservertical116
        jcr:primaryType="nt:unstructured" sling:resourceType="themecleanflex/components/teaservertical" showtitle="true" showsubtitle="true" showtext="true" showbutton="true" fullheight="true" backgroundtype="video" bgcolor="#ffffff" gradient="true" color2="#c0c0c0" bottompadding="30" toppadding="30" text="&lt;p&gt;Eligendi fugit asperiores et. Corrupti voluptatum quasi sit. Adipisci ut voluptatem necessitatibus cumque aspernatur.&lt;/p&gt;" subtitle="Molestiae alias et inventore voluptas" title="Peregrine blocks" buttonsize="default" showmedia="true" mediatype="image" imagesrc="/content/themecleanflex/assets/samples/beach-bird-s-eye-view-daytime-1249586.jpg" mediatitle="Bird's eye view of the beach" mediawidth="50" mediaposition="after" custombackground="true" bgsize="cover" bgvideo="https://www.youtube.com/embed/Ju86mknumYM" colorscheme=""><buttons jcr:primaryType="nt:unstructured"><c114
        jcr:primaryType="nt:unstructured" buttonlink="/content/themecleanflex/pages" buttontext="See More" buttoncolor="primary" iconclass="">
        </c114><c115
        jcr:primaryType="nt:unstructured" buttonlink="/content/themecleanflex/pages" buttontext="About Us" buttoncolor="primary" iconclass="">
        </c115></buttons>
        </teaservertical116>
        </container117><pager118
        colorscheme="light"
        toppadding="30"
        bottompadding="30"
        custombackground="false"
        backgroundtype="color"
        bgcolor="#eeeeee"
        htmlelement="nav"
        prevlabel="&lt; previous"
        nextlabel="next &gt;"
        jcr:primaryType="nt:unstructured" sling:resourceType="themecleanflex/components/pager">
        </pager118>
        <clfooter
        jcr:primaryType="nt:unstructured" sling:resourceType="themecleanflex/components/footer" htmlelement="footer" backgroundtype="color" bgcolor="#eeeeee" bottompadding="0" toppadding="30" colorscheme="light" showlogo="true" logo="/content/themecleanflex/assets/samples/peregrine-logo.svg" logourl="/content/themecleanflex/pages/library.html" logoalttext="Peregrine CMS Logo" logosize="60" copyright="Copyright 2019 Peregrine - All Rights Reserved">
        <columns jcr:primaryType="nt:unstructured">
        <c3
        jcr:primaryType="nt:unstructured" title="" text="">
        </c3><c4
        jcr:primaryType="nt:unstructured" title="Contact" text="&lt;p&gt;info@headwire.com&lt;br&gt;&lt;/p&gt;">
        </c4><c5
        jcr:primaryType="nt:unstructured" title="Location" text="&lt;p&gt;23293 S Pointe Drive, Laguna Hills, CA 92653&lt;/p&gt;">
        </c5></columns>
<icons jcr:primaryType="nt:unstructured"></icons>
        </clfooter>        
        </jcr:content></jcr:root>