<?xml version="1.0" encoding="utf-8"?>
<jcr:root xmlns:sling="http://sling.apache.org/jcr/sling/1.0" xmlns:jcr="http://www.jcp.org/jcr/1.0" xmlns:nt="http://www.jcp.org/jcr/nt/1.0" jcr:primaryType="per:Component" jcr:title="Carousel - Example">
  <jcr:content jcr:primaryType="nt:unstructured" __variations="true">
    <sample jcr:primaryType="nt:unstructured" title="Carousel - Example" group="Features">
      <jcr:content jcr:primaryType="nt:unstructured" blockwidth="full" captionbg="true" colorscheme="light" carouselheight="45" toppadding="0" bottompadding="0">
        <slides jcr:primaryType="nt:unstructured">
          <slides0 jcr:primaryType="nt:unstructured" imagepath="/content/themecleanflex/assets/samples/architecture-blue-skies_large.jpg" imagefit="cover" text="&lt;h2>Slide One Title&lt;/h2>&lt;p>Lorem ipsum dolor sit amet, consectetur adipiscing elit. Fusce sagittis, est eget commodo imperdiet, lectus quam bibendum ex, eu commodo mi diam molestie tortor.&lt;/p>" alt="Sailboats in front of city skyline and sunset"/>
          <slides1 jcr:primaryType="nt:unstructured" imagepath="/content/themecleanflex/assets/samples/sailing-lake_large.jpg" imagefit="cover" text="&lt;h2>Slide Two Title&lt;/h2>&lt;p>Maecenas fermentum neque feugiat purus condimentum, sed molestie dolor fermentum. Nullam vestibulum tellus dolor. Cras viverra vel diam quis iaculis.&lt;/p>" alt="Sailboat sailing on a lake"/>
          <slides2 jcr:primaryType="nt:unstructured" imagepath="/content/themecleanflex/assets/samples/beach-boats-ocean_large.jpg" imagefit="cover" text="&lt;h2>Slide Three Title&lt;/h2>&lt;p>Fusce sagittis, est eget commodo imperdiet, lectus quam bibendum ex, eu commodo mi diam molestie tortor.Cras viverra vel diam quis iaculis.&lt;/p>" alt="Sailboats sailing on an ocean"/>
        </slides>
      </jcr:content>
    </sample>
    <sample-blank jcr:primaryType="nt:unstructured" title="Carousel" group="Features">
      <jcr:content jcr:primaryType="nt:unstructured">
        <slides jcr:primaryType="nt:unstructured"/>
      </jcr:content>
    </sample-blank>
    <sample-owl jcr:primaryType="nt:unstructured" title="Carousel - Owl" group="Features">
      <jcr:content jcr:primaryType="nt:unstructured" blockwidth="article" captionbg="true" colorscheme="none" indicators="false" autoplay="true" carouselheight="10" toppadding="10" wrap="true" itemsperpage="3" bottompadding="10">
        <slides jcr:primaryType="nt:unstructured">
          <slides0 jcr:primaryType="nt:unstructured" imagepath="/content/themecleanflex/assets/icons/google.svg"/>
          <slides1 jcr:primaryType="nt:unstructured" imagepath="/content/themecleanflex/assets/icons/facebook.svg"/>
          <slides2 jcr:primaryType="nt:unstructured" imagepath="/content/themecleanflex/assets/icons/linkedin.svg"/>
          <slides3 jcr:primaryType="nt:unstructured" imagepath="/content/themecleanflex/assets/icons/pinterest.svg"/>
        </slides>
      </jcr:content>
    </sample-owl>
    <sample-rte jcr:primaryType="nt:unstructured" title="Carousel With Full RTE" group=".hidden">
      <jcr:content jcr:primaryType="nt:unstructured" carouselheight="80" toppadding="20" bottompadding="20">
        <slides jcr:primaryType="nt:unstructured">
          <slides0 jcr:primaryType="nt:unstructured" imagepath="/content/themecleanflex/assets/samples/architecture-blue-skies_large.jpg" imagefit="cover" text="&lt;h1>Left (Default) Alignment Test&lt;/h1>&lt;h2>Header h2&lt;/h2>&lt;h3>Header h3&lt;/h3>&lt;h4>Header h4&lt;/h4>&lt;p>Text:&lt;/p>&lt;p>Lorem ipsum dolor sit amet, consectetur adipiscing elit. Integer ornare felis at ligula suscipit, eu condimentum tortor venenatis. Maecenas laoreet blandit tempor. Praesent fermentum malesuada ante eget condimentum. Nulla feugiat, tortor vel consectetur mollis, neque mauris lacinia nisi, id tristique sapien eros sed neque. Integer nec nunc nec elit condimentum faucibus a sit amet dolor. Aliquam nec metus urna. Donec id urna lacus. Nam luctus efficitur leo, at lobortis eros. Phasellus ut tincidunt orci, vitae lacinia lacus.&lt;/p>&lt;p>unordered list:&lt;/p>&lt;ul>&lt;li>item 1&lt;/li>&lt;li>item 2&lt;/li>&lt;li>item 3&lt;/li>&lt;/ul>&lt;p>ordered list&lt;/p>&lt;ol>&lt;li>item 1&lt;/li>&lt;li>item 2&lt;/li>&lt;li>item 3&lt;/li>&lt;/ol>&lt;p>sub&lt;sub>script&lt;/sub> super&lt;sup>script&lt;/sup>&lt;/p>&lt;p>&lt;strong>bold&lt;/strong> &lt;em>italic&lt;/em>&lt;/p>&lt;p>&lt;a href=&quot;https://www.example.com&quot; title=&quot;example.com&quot;>some link text&lt;/a>&lt;/p>&lt;p>a line followed by a shift return (&amp;lt;br/&amp;gt;) &lt;br>a line followed by a return (end of paragraph)&lt;/p>&lt;p>another line&lt;/p>&lt;h1 style=&quot;text-align: center; &quot;>Center Alignment Test&lt;/h1>&lt;h2 style=&quot;text-align: center; &quot;>Header h2&lt;/h2>&lt;h3 style=&quot;text-align: center; &quot;>Header h3&lt;/h3>&lt;h4 style=&quot;text-align: center; &quot;>Header h4&lt;/h4>&lt;p style=&quot;text-align: center; &quot;>Text:&lt;/p>&lt;p style=&quot;text-align: center; &quot;>Lorem ipsum dolor sit amet, consectetur adipiscing elit. Integer ornare felis at ligula suscipit, eu condimentum tortor venenatis. Maecenas laoreet blandit tempor. Praesent fermentum malesuada ante eget condimentum. Nulla feugiat, tortor vel consectetur mollis, neque mauris lacinia nisi, id tristique sapien eros sed neque. Integer nec nunc nec elit condimentum faucibus a sit amet dolor. Aliquam nec metus urna. Donec id urna lacus. Nam luctus efficitur leo, at lobortis eros. Phasellus ut tincidunt orci, vitae lacinia lacus.&lt;/p>&lt;p style=&quot;text-align: center; &quot;>unordered list:&lt;/p>&lt;ul>&lt;li style=&quot;text-align: center; &quot;>item 1&lt;/li>&lt;li style=&quot;text-align: center; &quot;>item 2&lt;/li>&lt;li style=&quot;text-align: center; &quot;>item 3&lt;/li>&lt;/ul>&lt;p style=&quot;text-align: center; &quot;>ordered list&lt;/p>&lt;ol>&lt;li style=&quot;text-align: center; &quot;>item 1&lt;/li>&lt;li style=&quot;text-align: center; &quot;>item 2&lt;/li>&lt;li style=&quot;text-align: center; &quot;>item 3&lt;/li>&lt;/ol>&lt;p style=&quot;text-align: center; &quot;>sub&lt;sub>script&lt;/sub> super&lt;sup>script&lt;/sup>&lt;/p>&lt;p style=&quot;text-align: center; &quot;>&lt;strong>bold&lt;/strong> &lt;em>italic&lt;/em>&lt;/p>&lt;p style=&quot;text-align: center; &quot;>&lt;a href=&quot;https://www.example.com&quot; title=&quot;example.com&quot;>some link text&lt;/a>&lt;/p>&lt;p style=&quot;text-align: center; &quot;>a line followed by a shift return (&amp;lt;br/&amp;gt;) &lt;br>a line followed by a return (end of paragraph)&lt;/p>&lt;p style=&quot;text-align: center; &quot;>another line&lt;/p>&lt;h1 style=&quot;text-align: right; &quot;>Right Alignment Test&lt;/h1>&lt;h2 style=&quot;text-align: right; &quot;>Header h2&lt;/h2>&lt;h3 style=&quot;text-align: right; &quot;>Header h3&lt;/h3>&lt;h4 style=&quot;text-align: right; &quot;>Header h4&lt;/h4>&lt;p style=&quot;text-align: right; &quot;>Text:&lt;/p>&lt;p style=&quot;text-align: right; &quot;>Lorem ipsum dolor sit amet, consectetur adipiscing elit. Integer ornare felis at ligula suscipit, eu condimentum tortor venenatis. Maecenas laoreet blandit tempor. Praesent fermentum malesuada ante eget condimentum. Nulla feugiat, tortor vel consectetur mollis, neque mauris lacinia nisi, id tristique sapien eros sed neque. Integer nec nunc nec elit condimentum faucibus a sit amet dolor. Aliquam nec metus urna. Donec id urna lacus. Nam luctus efficitur leo, at lobortis eros. Phasellus ut tincidunt orci, vitae lacinia lacus.&lt;/p>&lt;p style=&quot;text-align: right; &quot;>unordered list:&lt;/p>&lt;ul>&lt;li style=&quot;text-align: right; &quot;>item 1&lt;/li>&lt;li style=&quot;text-align: right; &quot;>item 2&lt;/li>&lt;li style=&quot;text-align: right; &quot;>item 3&lt;/li>&lt;/ul>&lt;p style=&quot;text-align: right; &quot;>ordered list&lt;/p>&lt;ol>&lt;li style=&quot;text-align: right; &quot;>item 1&lt;/li>&lt;li style=&quot;text-align: right; &quot;>item 2&lt;/li>&lt;li style=&quot;text-align: right; &quot;>item 3&lt;/li>&lt;/ol>&lt;p style=&quot;text-align: right; &quot;>sub&lt;sub>script&lt;/sub> super&lt;sup>script&lt;/sup>&lt;/p>&lt;p style=&quot;text-align: right; &quot;>&lt;strong>bold&lt;/strong> &lt;em>italic&lt;/em>&lt;/p>&lt;p style=&quot;text-align: right; &quot;>&lt;a href=&quot;https://www.example.com&quot; title=&quot;example.com&quot;>some link text&lt;/a>&lt;/p>&lt;p style=&quot;text-align: right; &quot;>a line followed by a shift return (&amp;lt;br/&amp;gt;) &lt;br>a line followed by a return (end of paragraph)&lt;/p>&lt;p style=&quot;text-align: right; &quot;>another line&lt;/p>&lt;h1 style=&quot;text-align: justify;&quot;>Justified Alignment Test&lt;/h1>&lt;h2 style=&quot;text-align: justify;&quot;>Header h2&lt;/h2>&lt;h3 style=&quot;text-align: justify;&quot;>Header h3&lt;/h3>&lt;h4 style=&quot;text-align: justify;&quot;>Header h4&lt;/h4>&lt;p style=&quot;text-align: justify;&quot;>Text:&lt;/p>&lt;p style=&quot;text-align: justify;&quot;>Lorem ipsum dolor sit amet, consectetur adipiscing elit. Integer ornare felis at ligula suscipit, eu condimentum tortor venenatis. Maecenas laoreet blandit tempor. Praesent fermentum malesuada ante eget condimentum. Nulla feugiat, tortor vel consectetur mollis, neque mauris lacinia nisi, id tristique sapien eros sed neque. Integer nec nunc nec elit condimentum faucibus a sit amet dolor. Aliquam nec metus urna. Donec id urna lacus. Nam luctus efficitur leo, at lobortis eros. Phasellus ut tincidunt orci, vitae lacinia lacus.&lt;/p>&lt;p style=&quot;text-align: justify;&quot;>unordered list:&lt;/p>&lt;ul>&lt;li style=&quot;text-align: justify;&quot;>item 1&lt;/li>&lt;li style=&quot;text-align: justify;&quot;>item 2&lt;/li>&lt;li style=&quot;text-align: justify;&quot;>item 3&lt;/li>&lt;/ul>&lt;p style=&quot;text-align: justify;&quot;>ordered list&lt;/p>&lt;ol>&lt;li style=&quot;text-align: justify;&quot;>item 1&lt;/li>&lt;li style=&quot;text-align: justify;&quot;>item 2&lt;/li>&lt;li style=&quot;text-align: justify;&quot;>item 3&lt;/li>&lt;/ol>&lt;p style=&quot;text-align: justify;&quot;>sub&lt;sub>script&lt;/sub> super&lt;sup>script&lt;/sup>&lt;/p>&lt;p style=&quot;text-align: justify;&quot;>&lt;strong>bold&lt;/strong> &lt;em>italic&lt;/em>&lt;/p>&lt;p style=&quot;text-align: justify;&quot;>&lt;a href=&quot;https://www.example.com&quot; title=&quot;example.com&quot;>some link text&lt;/a>&lt;/p>&lt;p style=&quot;text-align: justify;&quot;>a line followed by a shift return (&amp;lt;br/&amp;gt;) &lt;br>a line followed by a return (end of paragraph)&lt;/p>&lt;p style=&quot;text-align: justify;&quot;>another line&lt;/p>" alt="Sailboats in front of city skyline and sunset"/>
          <slides1 jcr:primaryType="nt:unstructured" imagepath="/content/themecleanflex/assets/samples/sailing-lake_large.jpg" imagefit="cover" text="Lorem ipsum dolor sit amet, consectetur adipiscing elit. " alt="Sailboat sailing on a lake"/>
          <slides2 jcr:primaryType="nt:unstructured" imagepath="/content/themecleanflex/assets/samples/beach-boats-ocean_large.jpg" imagefit="cover" text="Lorem ipsum dolor sit amet, consectetur adipiscing elit. " alt="Sailboats sailing on an ocean"/>
        </slides>
      </jcr:content>
    </sample-rte>
  </jcr:content>
</jcr:root>