{
  "fields": [
    {
      "type": "material-range",
      "placeholder": "carouselheight",
      "label": "Carousel Height",
      "model": "carouselheight",
      "min": 10,
      "max": 100
    },
    {
      "type": "materialswitch",
      "textOn": "yes",
      "textOff": "no",
      "valueOn": "true",
      "valueOff": "false",
      "placeholder": "autoplay",
      "label": "Auto Play",
      "model": "autoplay"
    },
    {
      "type": "input",
      "inputType": "number",
      "placeholder": "itemsperpage",
      "label": "Images per page",
      "model": "itemsperpage"
    },
    {
      "type": "material-range",
      "placeholder": "interval",
      "label": "Interval",
      "model": "interval",
      "visible": "model.autoplay == 'true'",
      "min": 1,
      "max": 20
    },
    {
      "type": "materialswitch",
      "textOn": "yes",
      "textOff": "no",
      "valueOn": "true",
      "valueOff": "false",
      "placeholder": "pause",
      "label": "Pause On Hover",
      "model": "pause",
      "visible": "model.autoplay == 'true'"
    },
    {
      "type": "materialswitch",
      "textOn": "yes",
      "textOff": "no",
      "valueOn": "true",
      "valueOff": "false",
      "placeholder": "wrap",
      "label": "Wrap",
      "model": "wrap"
    },
    {
      "type": "materialswitch",
      "textOn": "yes",
      "textOff": "no",
      "valueOn": "true",
      "valueOff": "false",
      "placeholder": "indicators",
      "label": "Indicators",
      "model": "indicators"
    },
    {
      "type": "materialswitch",
      "textOn": "yes",
      "textOff": "no",
      "valueOn": "true",
      "valueOff": "false",
      "placeholder": "controls",
      "label": "Controls",
      "model": "controls"
    },
    {
      "type": "materialswitch",
      "textOn": "yes",
      "textOff": "no",
      "valueOn": "true",
      "valueOff": "false",
      "placeholder": "captionbg",
      "label": "Caption Background",
      "model": "captionbg"
    },
    {
      "type": "collection",
      "multifield": true,
      "fieldLabel": [
        "heading",
        "value"
      ],
      "fields": [
        {
          "type": "pathbrowser",
          "browserRoot": "/content/themecleanflex/assets",
          "placeholder": "imagepath",
          "label": "Image Source",
          "model": "imagepath"
        },
        {
          "type": "material-radios",
          "values": [
            {
              "name": "Contain",
              "value": "contain"
            },
            {
              "name": "Cover",
              "value": "cover"
            }
          ],
          "placeholder": "imagefit",
          "label": "Slide Image Fit",
          "model": "imagefit"
        },
        {
          "type": "pathbrowser",
          "browserRoot": "/content/themecleanflex/pages",
          "placeholder": "slidelink",
          "label": "Slide Link",
          "model": "slidelink"
        },
        {
          "type": "texteditor",
          "rows": 10,
          "placeholder": "text",
          "label": "Image Text",
          "model": "text"
        },
        {
          "type": "input",
          "inputType": "text",
          "placeholder": "alt",
          "label": "Image Alt Text",
          "model": "alt"
        }
      ],
      "placeholder": "slides",
      "label": "Slides",
      "model": "slides"
    },
    {
      "type": "input",
      "inputType": "text",
      "placeholder": "anchorname",
      "label": "Anchor Name",
      "model": "anchorname"
    },
    {
      "type": "input",
      "inputType": "text",
      "placeholder": "extraclasses",
      "label": "Additonal Classes",
      "model": "extraclasses"
    },
    {
      "type": "material-select",
      "values": [
        {
          "name": "section",
          "value": "section"
        },
        {
          "name": "article",
          "value": "article"
        },
        {
          "name": "main",
          "value": "main"
        },
        {
          "name": "div",
          "value": "div"
        },
        {
          "name": "header",
          "value": "header"
        },
        {
          "name": "nav",
          "value": "nav"
        },
        {
          "name": "footer",
          "value": "footer"
        }
      ],
      "placeholder": "htmlelement",
      "label": "Semantic Element",
      "model": "htmlelement"
    },
    {
      "type": "material-radios",
      "values": [
        {
          "name": "None",
          "value": ""
        },
        {
          "name": "Light",
          "value": "light"
        },
        {
          "name": "Dark",
          "value": "dark"
        }
      ],
      "placeholder": "colorscheme",
      "label": "Block Color Scheme",
      "model": "colorscheme"
    },
    {
      "type": "materialswitch",
      "textOn": "yes",
      "textOff": "no",
      "valueOn": "true",
      "valueOff": "false",
      "placeholder": "custombackground",
      "label": "Custom Background",
      "model": "custombackground"
    },
    {
      "type": "material-radios",
      "values": [
        {
          "name": "Color",
          "value": "color"
        },
        {
          "name": "Gradient",
          "value": "gradient"
        },
        {
          "name": "Image",
          "value": "image"
        },
        {
          "name": "Video",
          "value": "video"
        }
      ],
      "placeholder": "backgroundtype",
      "label": "Background Type",
      "model": "backgroundtype",
      "visible": "model.custombackground == 'true'"
    },
    {
      "type": "pathbrowser",
      "browserRoot": "/content/themecleanflex/assets",
      "placeholder": "bgvideo",
      "label": "Background Video",
      "model": "bgvideo",
      "visible": "model.backgroundtype == 'video' and model.custombackground == 'true'"
    },
    {
      "type": "pathbrowser",
      "browserRoot": "/content/themecleanflex/assets",
      "placeholder": "bgimage",
      "label": "Background Image",
      "model": "bgimage",
      "visible": "model.backgroundtype == 'image' and model.custombackground == 'true'"
    },
    {
      "type": "material-range",
      "placeholder": "bgxposition",
      "label": "Background X Position",
      "model": "bgxposition",
      "visible": "model.backgroundtype == 'image' and model.custombackground == 'true'",
      "min": 0,
      "max": 100
    },
    {
      "type": "material-range",
      "placeholder": "bgyposition",
      "label": "Background Y Position",
      "model": "bgyposition",
      "visible": "model.backgroundtype == 'image' and model.custombackground == 'true'",
      "min": 0,
      "max": 100
    },
    {
      "type": "input",
      "inputType": "text",
      "placeholder": "bgsize",
      "label": "Background Size Style",
      "model": "bgsize"
    },
    {
      "type": "materialswitch",
      "textOn": "yes",
      "textOff": "no",
      "valueOn": "true",
      "valueOff": "false",
      "placeholder": "overlay",
      "label": "Overlay",
      "model": "overlay",
      "visible": "model.backgroundtype == 'image' and model.custombackground == 'true'"
    },
    {
      "type": "input",
      "inputType": "color",
      "placeholder": "overlaycolor",
      "label": "Overlay Color",
      "model": "overlaycolor",
      "visible": "model.overlay == 'true' and model.backgroundtype == 'image' and model.custombackground == 'true'"
    },
    {
      "type": "material-range",
      "placeholder": "overlayopacity",
      "label": "Overlay opacity",
      "model": "overlayopacity",
      "visible": "model.overlay == 'true' and model.backgroundtype == 'image' and model.custombackground == 'true'",
      "min": 0,
      "max": 100
    },
    {
      "type": "input",
      "inputType": "color",
      "placeholder": "bgcolor",
      "label": "Background Color",
      "model": "bgcolor",
      "visible": "(model.backgroundtype == 'color' or model.backgroundtype == 'gradient') and model.custombackground == 'true'"
    },
    {
      "type": "input",
      "inputType": "color",
      "placeholder": "color2",
      "label": "Color 2",
      "model": "color2",
      "visible": "model.backgroundtype == 'gradient' and model.custombackground == 'true'"
    },
    {
      "type": "material-radios",
      "values": [
        {
          "name": "Default",
          "value": "default"
        },
        {
          "name": "Full Width",
          "value": "full"
        },
        {
          "name": "Article Width",
          "value": "article"
        }
      ],
      "placeholder": "blockwidth",
      "label": "Block Width",
      "model": "blockwidth"
    },
    {
      "type": "materialswitch",
      "textOn": "yes",
      "textOff": "no",
      "valueOn": "true",
      "valueOff": "false",
      "placeholder": "fullheight",
      "label": "Full Height",
      "model": "fullheight"
    },
    {
      "type": "material-range",
      "placeholder": "toppadding",
      "label": "Top Padding",
      "model": "toppadding",
      "visible": "model.fullheight != 'true'",
      "min": 0,
      "max": 300
    },
    {
      "type": "material-range",
      "placeholder": "bottompadding",
      "label": "Bottom Padding",
      "model": "bottompadding",
      "visible": "model.fullheight != 'true'",
      "min": 0,
      "max": 300
    },
    {
      "type": "input",
      "inputType": "text",
      "placeholder": "contentname",
      "label": "Content Name",
      "model": "contentname"
    }
  ]
}