<?xml version="1.0" encoding="UTF-8"?>
<jcr:root xmlns:sling="http://sling.apache.org/jcr/sling/1.0" xmlns:jcr="http://www.jcp.org/jcr/1.0" xmlns:nt="http://www.jcp.org/jcr/nt/1.0"
            jcr:primaryType="per:Page"
            jcr:title="tf-cl | accordionsample-toggle"
            jcr:description="accordionsample-toggle themecleanflex component library"
>
    <jcr:content
        jcr:primaryType="per:PageContent"
        sling:resourceType="themecleanflex/components/page"
        jcr:title="accordionsample-toggle"
        description="accordionsample-toggle themecleanflex component library"
        brand="themecleanflex"
        template="/content/themecleanflex/templates"
            ><clheader
            jcr:primaryType="nt:unstructured" sling:resourceType="themecleanflex/components/header" htmlelement="header" backgroundtype="color" bgcolor="#eeeeee" colorscheme="light" toppadding="10" bottompadding="10" bgvideo="https://www.youtube.com/embed/Ju86mknumYM" collapsed="false" logo="/content/themecleanflex/assets/samples/peregrine-logo.svg" logoalttext="Peregrine CMS Logo" logourl="/content/themecleanflex/pages/library.html" logosize="60" buttonsize="default"><elevation jcr:primaryType="nt:unstructured"></elevation>
    <links jcr:primaryType="nt:unstructured"></links>
    <buttons jcr:primaryType="nt:unstructured"></buttons>
            </clheader><clbreadcrumb
        colorscheme="light"
        custombackground="false"
        backgroundtype="color"
        bgcolor="#eeeeee"
        htmlelement="nav"
        jcr:primaryType="nt:unstructured" sling:resourceType="themecleanflex/components/breadcrumb" level="2"><toppadding jcr:primaryType="nt:unstructured"></toppadding>
        <bottompadding jcr:primaryType="nt:unstructured"></bottompadding>
        </clbreadcrumb><pager0
        colorscheme="light"
        toppadding="30"
        bottompadding="30"
        custombackground="false"
        backgroundtype="color"
        bgcolor="#eeeeee"
        htmlelement="nav"
        prevlabel="&lt; previous"
        nextlabel="next &gt;"
        jcr:primaryType="nt:unstructured" sling:resourceType="themecleanflex/components/pager">
        </pager0><container146
            jcr:primaryType="nt:unstructured"
            sling:resourceType="themecleanflex/components/container"
            htmlelement="main">
            [object Object]<title1 jcr:primaryType="nt:unstructured" 
            sling:resourceType="themecleanflex/components/richtext" 
            toppadding="25"
            bottompadding="25"
            custombackground="true"
            backgroundtype="color"
            bgcolor="#eeeeee"
            text="&lt;h2&gt;Toggle Sample Variation - background: color; colorscheme: dark; fullheight: true (.hidden)&lt;/h2&gt;">
        </title1><accordion5
        jcr:primaryType="nt:unstructured" sling:resourceType="themecleanflex/components/accordion" showtitle="true" title="Peregrine Toggle" backgroundtype="color" bgcolor="#ff80c0" color2="#ffffff" bottompadding="30" toppadding="30" toggletype="toggle" showmedia="false" mediawidth="33" blockwidth="article" custombackground="true" bgsize="cover" colorscheme="dark" fullheight="true"><accordiontoggle jcr:primaryType="nt:unstructured"><c2
        jcr:primaryType="nt:unstructured" text="&lt;p&gt;Lorem Ipsum is simply dummy text of the printing and typesetting industry. Lorem Ipsum has been the industry's standard dummy text ever since the 1500s&lt;/p&gt;" title="Why accordion?">
        </c2><c3
        jcr:primaryType="nt:unstructured" text="&lt;p&gt;when an unknown printer took a galley of type and scrambled it to make a type specimen book. It has survived not only five centuries, but also the leap into electronic typesetting&lt;/p&gt;" title="How to accordion?">
        </c3><c4
        jcr:primaryType="nt:unstructured" text="&lt;p&gt;remaining essentially unchanged. It was popularised in the 1960s with the release of Letraset sheets containing Lorem Ipsum passages, and more recently with desktop publishing software like Aldus PageMaker including versions of Lorem Ipsum.&lt;/p&gt;" title="Join accordion">
        </c4></accordiontoggle>
        </accordion5><title6 jcr:primaryType="nt:unstructured" 
            sling:resourceType="themecleanflex/components/richtext" 
            toppadding="25"
            bottompadding="25"
            custombackground="true"
            backgroundtype="color"
            bgcolor="#eeeeee"
            text="&lt;h2&gt;Toggle Sample Variation - background: color; colorscheme: light; fullheight: false (.hidden)&lt;/h2&gt;">
        </title6><accordion10
        jcr:primaryType="nt:unstructured" sling:resourceType="themecleanflex/components/accordion" showtitle="true" title="Peregrine Toggle" backgroundtype="color" bgcolor="#ff80c0" color2="#ffffff" bottompadding="30" toppadding="30" toggletype="toggle" showmedia="false" mediawidth="33" blockwidth="article" custombackground="true" bgsize="cover" colorscheme="light" fullheight="false"><accordiontoggle jcr:primaryType="nt:unstructured"><c7
        jcr:primaryType="nt:unstructured" text="&lt;p&gt;Lorem Ipsum is simply dummy text of the printing and typesetting industry. Lorem Ipsum has been the industry's standard dummy text ever since the 1500s&lt;/p&gt;" title="Why accordion?">
        </c7><c8
        jcr:primaryType="nt:unstructured" text="&lt;p&gt;when an unknown printer took a galley of type and scrambled it to make a type specimen book. It has survived not only five centuries, but also the leap into electronic typesetting&lt;/p&gt;" title="How to accordion?">
        </c8><c9
        jcr:primaryType="nt:unstructured" text="&lt;p&gt;remaining essentially unchanged. It was popularised in the 1960s with the release of Letraset sheets containing Lorem Ipsum passages, and more recently with desktop publishing software like Aldus PageMaker including versions of Lorem Ipsum.&lt;/p&gt;" title="Join accordion">
        </c9></accordiontoggle>
        </accordion10><title11 jcr:primaryType="nt:unstructured" 
            sling:resourceType="themecleanflex/components/richtext" 
            toppadding="25"
            bottompadding="25"
            custombackground="true"
            backgroundtype="color"
            bgcolor="#eeeeee"
            text="&lt;h2&gt;Toggle Sample Variation - background: color; colorscheme: light; fullheight: true (.hidden)&lt;/h2&gt;">
        </title11><accordion15
        jcr:primaryType="nt:unstructured" sling:resourceType="themecleanflex/components/accordion" showtitle="true" title="Peregrine Toggle" backgroundtype="color" bgcolor="#ff80c0" color2="#ffffff" bottompadding="30" toppadding="30" toggletype="toggle" showmedia="false" mediawidth="33" blockwidth="article" custombackground="true" bgsize="cover" colorscheme="light" fullheight="true"><accordiontoggle jcr:primaryType="nt:unstructured"><c12
        jcr:primaryType="nt:unstructured" text="&lt;p&gt;Lorem Ipsum is simply dummy text of the printing and typesetting industry. Lorem Ipsum has been the industry's standard dummy text ever since the 1500s&lt;/p&gt;" title="Why accordion?">
        </c12><c13
        jcr:primaryType="nt:unstructured" text="&lt;p&gt;when an unknown printer took a galley of type and scrambled it to make a type specimen book. It has survived not only five centuries, but also the leap into electronic typesetting&lt;/p&gt;" title="How to accordion?">
        </c13><c14
        jcr:primaryType="nt:unstructured" text="&lt;p&gt;remaining essentially unchanged. It was popularised in the 1960s with the release of Letraset sheets containing Lorem Ipsum passages, and more recently with desktop publishing software like Aldus PageMaker including versions of Lorem Ipsum.&lt;/p&gt;" title="Join accordion">
        </c14></accordiontoggle>
        </accordion15><title16 jcr:primaryType="nt:unstructured" 
            sling:resourceType="themecleanflex/components/richtext" 
            toppadding="25"
            bottompadding="25"
            custombackground="true"
            backgroundtype="color"
            bgcolor="#eeeeee"
            text="&lt;h2&gt;Toggle Sample Variation - background: color; colorscheme: none; fullheight: false (.hidden)&lt;/h2&gt;">
        </title16><accordion20
        jcr:primaryType="nt:unstructured" sling:resourceType="themecleanflex/components/accordion" showtitle="true" title="Peregrine Toggle" backgroundtype="color" bgcolor="#ff80c0" color2="#ffffff" bottompadding="30" toppadding="30" toggletype="toggle" showmedia="false" mediawidth="33" blockwidth="article" custombackground="true" bgsize="cover" colorscheme="" fullheight="false"><accordiontoggle jcr:primaryType="nt:unstructured"><c17
        jcr:primaryType="nt:unstructured" text="&lt;p&gt;Lorem Ipsum is simply dummy text of the printing and typesetting industry. Lorem Ipsum has been the industry's standard dummy text ever since the 1500s&lt;/p&gt;" title="Why accordion?">
        </c17><c18
        jcr:primaryType="nt:unstructured" text="&lt;p&gt;when an unknown printer took a galley of type and scrambled it to make a type specimen book. It has survived not only five centuries, but also the leap into electronic typesetting&lt;/p&gt;" title="How to accordion?">
        </c18><c19
        jcr:primaryType="nt:unstructured" text="&lt;p&gt;remaining essentially unchanged. It was popularised in the 1960s with the release of Letraset sheets containing Lorem Ipsum passages, and more recently with desktop publishing software like Aldus PageMaker including versions of Lorem Ipsum.&lt;/p&gt;" title="Join accordion">
        </c19></accordiontoggle>
        </accordion20><title21 jcr:primaryType="nt:unstructured" 
            sling:resourceType="themecleanflex/components/richtext" 
            toppadding="25"
            bottompadding="25"
            custombackground="true"
            backgroundtype="color"
            bgcolor="#eeeeee"
            text="&lt;h2&gt;Toggle Sample Variation - background: color; colorscheme: none; fullheight: true (.hidden)&lt;/h2&gt;">
        </title21><accordion25
        jcr:primaryType="nt:unstructured" sling:resourceType="themecleanflex/components/accordion" showtitle="true" title="Peregrine Toggle" backgroundtype="color" bgcolor="#ff80c0" color2="#ffffff" bottompadding="30" toppadding="30" toggletype="toggle" showmedia="false" mediawidth="33" blockwidth="article" custombackground="true" bgsize="cover" colorscheme="" fullheight="true"><accordiontoggle jcr:primaryType="nt:unstructured"><c22
        jcr:primaryType="nt:unstructured" text="&lt;p&gt;Lorem Ipsum is simply dummy text of the printing and typesetting industry. Lorem Ipsum has been the industry's standard dummy text ever since the 1500s&lt;/p&gt;" title="Why accordion?">
        </c22><c23
        jcr:primaryType="nt:unstructured" text="&lt;p&gt;when an unknown printer took a galley of type and scrambled it to make a type specimen book. It has survived not only five centuries, but also the leap into electronic typesetting&lt;/p&gt;" title="How to accordion?">
        </c23><c24
        jcr:primaryType="nt:unstructured" text="&lt;p&gt;remaining essentially unchanged. It was popularised in the 1960s with the release of Letraset sheets containing Lorem Ipsum passages, and more recently with desktop publishing software like Aldus PageMaker including versions of Lorem Ipsum.&lt;/p&gt;" title="Join accordion">
        </c24></accordiontoggle>
        </accordion25><title26 jcr:primaryType="nt:unstructured" 
            sling:resourceType="themecleanflex/components/richtext" 
            toppadding="25"
            bottompadding="25"
            custombackground="true"
            backgroundtype="color"
            bgcolor="#eeeeee"
            text="&lt;h2&gt;Toggle Sample Variation - background: gradient; colorscheme: dark; fullheight: false (.hidden)&lt;/h2&gt;">
        </title26><accordion30
        jcr:primaryType="nt:unstructured" sling:resourceType="themecleanflex/components/accordion" showtitle="true" title="Peregrine Toggle" backgroundtype="gradient" bgcolor="#ff8040" color2="#0080ff" bottompadding="30" toppadding="30" toggletype="toggle" showmedia="false" mediawidth="33" blockwidth="article" custombackground="true" bgsize="cover" colorscheme="dark" fullheight="false"><accordiontoggle jcr:primaryType="nt:unstructured"><c27
        jcr:primaryType="nt:unstructured" text="&lt;p&gt;Lorem Ipsum is simply dummy text of the printing and typesetting industry. Lorem Ipsum has been the industry's standard dummy text ever since the 1500s&lt;/p&gt;" title="Why accordion?">
        </c27><c28
        jcr:primaryType="nt:unstructured" text="&lt;p&gt;when an unknown printer took a galley of type and scrambled it to make a type specimen book. It has survived not only five centuries, but also the leap into electronic typesetting&lt;/p&gt;" title="How to accordion?">
        </c28><c29
        jcr:primaryType="nt:unstructured" text="&lt;p&gt;remaining essentially unchanged. It was popularised in the 1960s with the release of Letraset sheets containing Lorem Ipsum passages, and more recently with desktop publishing software like Aldus PageMaker including versions of Lorem Ipsum.&lt;/p&gt;" title="Join accordion">
        </c29></accordiontoggle>
        </accordion30><title31 jcr:primaryType="nt:unstructured" 
            sling:resourceType="themecleanflex/components/richtext" 
            toppadding="25"
            bottompadding="25"
            custombackground="true"
            backgroundtype="color"
            bgcolor="#eeeeee"
            text="&lt;h2&gt;Toggle Sample Variation - background: gradient; colorscheme: dark; fullheight: true (.hidden)&lt;/h2&gt;">
        </title31><accordion35
        jcr:primaryType="nt:unstructured" sling:resourceType="themecleanflex/components/accordion" showtitle="true" title="Peregrine Toggle" backgroundtype="gradient" bgcolor="#ff8040" color2="#0080ff" bottompadding="30" toppadding="30" toggletype="toggle" showmedia="false" mediawidth="33" blockwidth="article" custombackground="true" bgsize="cover" colorscheme="dark" fullheight="true"><accordiontoggle jcr:primaryType="nt:unstructured"><c32
        jcr:primaryType="nt:unstructured" text="&lt;p&gt;Lorem Ipsum is simply dummy text of the printing and typesetting industry. Lorem Ipsum has been the industry's standard dummy text ever since the 1500s&lt;/p&gt;" title="Why accordion?">
        </c32><c33
        jcr:primaryType="nt:unstructured" text="&lt;p&gt;when an unknown printer took a galley of type and scrambled it to make a type specimen book. It has survived not only five centuries, but also the leap into electronic typesetting&lt;/p&gt;" title="How to accordion?">
        </c33><c34
        jcr:primaryType="nt:unstructured" text="&lt;p&gt;remaining essentially unchanged. It was popularised in the 1960s with the release of Letraset sheets containing Lorem Ipsum passages, and more recently with desktop publishing software like Aldus PageMaker including versions of Lorem Ipsum.&lt;/p&gt;" title="Join accordion">
        </c34></accordiontoggle>
        </accordion35><title36 jcr:primaryType="nt:unstructured" 
            sling:resourceType="themecleanflex/components/richtext" 
            toppadding="25"
            bottompadding="25"
            custombackground="true"
            backgroundtype="color"
            bgcolor="#eeeeee"
            text="&lt;h2&gt;Toggle Sample Variation - background: gradient; colorscheme: light; fullheight: false (.hidden)&lt;/h2&gt;">
        </title36><accordion40
        jcr:primaryType="nt:unstructured" sling:resourceType="themecleanflex/components/accordion" showtitle="true" title="Peregrine Toggle" backgroundtype="gradient" bgcolor="#ff8040" color2="#0080ff" bottompadding="30" toppadding="30" toggletype="toggle" showmedia="false" mediawidth="33" blockwidth="article" custombackground="true" bgsize="cover" colorscheme="light" fullheight="false"><accordiontoggle jcr:primaryType="nt:unstructured"><c37
        jcr:primaryType="nt:unstructured" text="&lt;p&gt;Lorem Ipsum is simply dummy text of the printing and typesetting industry. Lorem Ipsum has been the industry's standard dummy text ever since the 1500s&lt;/p&gt;" title="Why accordion?">
        </c37><c38
        jcr:primaryType="nt:unstructured" text="&lt;p&gt;when an unknown printer took a galley of type and scrambled it to make a type specimen book. It has survived not only five centuries, but also the leap into electronic typesetting&lt;/p&gt;" title="How to accordion?">
        </c38><c39
        jcr:primaryType="nt:unstructured" text="&lt;p&gt;remaining essentially unchanged. It was popularised in the 1960s with the release of Letraset sheets containing Lorem Ipsum passages, and more recently with desktop publishing software like Aldus PageMaker including versions of Lorem Ipsum.&lt;/p&gt;" title="Join accordion">
        </c39></accordiontoggle>
        </accordion40><title41 jcr:primaryType="nt:unstructured" 
            sling:resourceType="themecleanflex/components/richtext" 
            toppadding="25"
            bottompadding="25"
            custombackground="true"
            backgroundtype="color"
            bgcolor="#eeeeee"
            text="&lt;h2&gt;Toggle Sample Variation - background: gradient; colorscheme: light; fullheight: true (.hidden)&lt;/h2&gt;">
        </title41><accordion45
        jcr:primaryType="nt:unstructured" sling:resourceType="themecleanflex/components/accordion" showtitle="true" title="Peregrine Toggle" backgroundtype="gradient" bgcolor="#ff8040" color2="#0080ff" bottompadding="30" toppadding="30" toggletype="toggle" showmedia="false" mediawidth="33" blockwidth="article" custombackground="true" bgsize="cover" colorscheme="light" fullheight="true"><accordiontoggle jcr:primaryType="nt:unstructured"><c42
        jcr:primaryType="nt:unstructured" text="&lt;p&gt;Lorem Ipsum is simply dummy text of the printing and typesetting industry. Lorem Ipsum has been the industry's standard dummy text ever since the 1500s&lt;/p&gt;" title="Why accordion?">
        </c42><c43
        jcr:primaryType="nt:unstructured" text="&lt;p&gt;when an unknown printer took a galley of type and scrambled it to make a type specimen book. It has survived not only five centuries, but also the leap into electronic typesetting&lt;/p&gt;" title="How to accordion?">
        </c43><c44
        jcr:primaryType="nt:unstructured" text="&lt;p&gt;remaining essentially unchanged. It was popularised in the 1960s with the release of Letraset sheets containing Lorem Ipsum passages, and more recently with desktop publishing software like Aldus PageMaker including versions of Lorem Ipsum.&lt;/p&gt;" title="Join accordion">
        </c44></accordiontoggle>
        </accordion45><title46 jcr:primaryType="nt:unstructured" 
            sling:resourceType="themecleanflex/components/richtext" 
            toppadding="25"
            bottompadding="25"
            custombackground="true"
            backgroundtype="color"
            bgcolor="#eeeeee"
            text="&lt;h2&gt;Toggle Sample Variation - background: gradient; colorscheme: none; fullheight: false (.hidden)&lt;/h2&gt;">
        </title46><accordion50
        jcr:primaryType="nt:unstructured" sling:resourceType="themecleanflex/components/accordion" showtitle="true" title="Peregrine Toggle" backgroundtype="gradient" bgcolor="#ff8040" color2="#0080ff" bottompadding="30" toppadding="30" toggletype="toggle" showmedia="false" mediawidth="33" blockwidth="article" custombackground="true" bgsize="cover" colorscheme="" fullheight="false"><accordiontoggle jcr:primaryType="nt:unstructured"><c47
        jcr:primaryType="nt:unstructured" text="&lt;p&gt;Lorem Ipsum is simply dummy text of the printing and typesetting industry. Lorem Ipsum has been the industry's standard dummy text ever since the 1500s&lt;/p&gt;" title="Why accordion?">
        </c47><c48
        jcr:primaryType="nt:unstructured" text="&lt;p&gt;when an unknown printer took a galley of type and scrambled it to make a type specimen book. It has survived not only five centuries, but also the leap into electronic typesetting&lt;/p&gt;" title="How to accordion?">
        </c48><c49
        jcr:primaryType="nt:unstructured" text="&lt;p&gt;remaining essentially unchanged. It was popularised in the 1960s with the release of Letraset sheets containing Lorem Ipsum passages, and more recently with desktop publishing software like Aldus PageMaker including versions of Lorem Ipsum.&lt;/p&gt;" title="Join accordion">
        </c49></accordiontoggle>
        </accordion50><title51 jcr:primaryType="nt:unstructured" 
            sling:resourceType="themecleanflex/components/richtext" 
            toppadding="25"
            bottompadding="25"
            custombackground="true"
            backgroundtype="color"
            bgcolor="#eeeeee"
            text="&lt;h2&gt;Toggle Sample Variation - background: gradient; colorscheme: none; fullheight: true (.hidden)&lt;/h2&gt;">
        </title51><accordion55
        jcr:primaryType="nt:unstructured" sling:resourceType="themecleanflex/components/accordion" showtitle="true" title="Peregrine Toggle" backgroundtype="gradient" bgcolor="#ff8040" color2="#0080ff" bottompadding="30" toppadding="30" toggletype="toggle" showmedia="false" mediawidth="33" blockwidth="article" custombackground="true" bgsize="cover" colorscheme="" fullheight="true"><accordiontoggle jcr:primaryType="nt:unstructured"><c52
        jcr:primaryType="nt:unstructured" text="&lt;p&gt;Lorem Ipsum is simply dummy text of the printing and typesetting industry. Lorem Ipsum has been the industry's standard dummy text ever since the 1500s&lt;/p&gt;" title="Why accordion?">
        </c52><c53
        jcr:primaryType="nt:unstructured" text="&lt;p&gt;when an unknown printer took a galley of type and scrambled it to make a type specimen book. It has survived not only five centuries, but also the leap into electronic typesetting&lt;/p&gt;" title="How to accordion?">
        </c53><c54
        jcr:primaryType="nt:unstructured" text="&lt;p&gt;remaining essentially unchanged. It was popularised in the 1960s with the release of Letraset sheets containing Lorem Ipsum passages, and more recently with desktop publishing software like Aldus PageMaker including versions of Lorem Ipsum.&lt;/p&gt;" title="Join accordion">
        </c54></accordiontoggle>
        </accordion55><title56 jcr:primaryType="nt:unstructured" 
            sling:resourceType="themecleanflex/components/richtext" 
            toppadding="25"
            bottompadding="25"
            custombackground="true"
            backgroundtype="color"
            bgcolor="#eeeeee"
            text="&lt;h2&gt;Toggle Sample Variation - background: image; colorscheme: dark; fullheight: false (.hidden)&lt;/h2&gt;">
        </title56><accordion60
        jcr:primaryType="nt:unstructured" sling:resourceType="themecleanflex/components/accordion" showtitle="true" title="Peregrine Toggle" backgroundtype="image" bgcolor="#f1f1f1" color2="#ffffff" bottompadding="30" toppadding="30" toggletype="toggle" showmedia="false" mediawidth="33" blockwidth="article" custombackground="true" bgsize="cover" bgimage="/content/themecleanflex/assets/samples/beach-bird-s-eye-view-daytime-1249586.jpg" colorscheme="dark" fullheight="false"><accordiontoggle jcr:primaryType="nt:unstructured"><c57
        jcr:primaryType="nt:unstructured" text="&lt;p&gt;Lorem Ipsum is simply dummy text of the printing and typesetting industry. Lorem Ipsum has been the industry's standard dummy text ever since the 1500s&lt;/p&gt;" title="Why accordion?">
        </c57><c58
        jcr:primaryType="nt:unstructured" text="&lt;p&gt;when an unknown printer took a galley of type and scrambled it to make a type specimen book. It has survived not only five centuries, but also the leap into electronic typesetting&lt;/p&gt;" title="How to accordion?">
        </c58><c59
        jcr:primaryType="nt:unstructured" text="&lt;p&gt;remaining essentially unchanged. It was popularised in the 1960s with the release of Letraset sheets containing Lorem Ipsum passages, and more recently with desktop publishing software like Aldus PageMaker including versions of Lorem Ipsum.&lt;/p&gt;" title="Join accordion">
        </c59></accordiontoggle>
        </accordion60><title61 jcr:primaryType="nt:unstructured" 
            sling:resourceType="themecleanflex/components/richtext" 
            toppadding="25"
            bottompadding="25"
            custombackground="true"
            backgroundtype="color"
            bgcolor="#eeeeee"
            text="&lt;h2&gt;Toggle Sample Variation - background: image; colorscheme: dark; fullheight: true (.hidden)&lt;/h2&gt;">
        </title61><accordion65
        jcr:primaryType="nt:unstructured" sling:resourceType="themecleanflex/components/accordion" showtitle="true" title="Peregrine Toggle" backgroundtype="image" bgcolor="#f1f1f1" color2="#ffffff" bottompadding="30" toppadding="30" toggletype="toggle" showmedia="false" mediawidth="33" blockwidth="article" custombackground="true" bgsize="cover" bgimage="/content/themecleanflex/assets/samples/beach-bird-s-eye-view-daytime-1249586.jpg" colorscheme="dark" fullheight="true"><accordiontoggle jcr:primaryType="nt:unstructured"><c62
        jcr:primaryType="nt:unstructured" text="&lt;p&gt;Lorem Ipsum is simply dummy text of the printing and typesetting industry. Lorem Ipsum has been the industry's standard dummy text ever since the 1500s&lt;/p&gt;" title="Why accordion?">
        </c62><c63
        jcr:primaryType="nt:unstructured" text="&lt;p&gt;when an unknown printer took a galley of type and scrambled it to make a type specimen book. It has survived not only five centuries, but also the leap into electronic typesetting&lt;/p&gt;" title="How to accordion?">
        </c63><c64
        jcr:primaryType="nt:unstructured" text="&lt;p&gt;remaining essentially unchanged. It was popularised in the 1960s with the release of Letraset sheets containing Lorem Ipsum passages, and more recently with desktop publishing software like Aldus PageMaker including versions of Lorem Ipsum.&lt;/p&gt;" title="Join accordion">
        </c64></accordiontoggle>
        </accordion65><title66 jcr:primaryType="nt:unstructured" 
            sling:resourceType="themecleanflex/components/richtext" 
            toppadding="25"
            bottompadding="25"
            custombackground="true"
            backgroundtype="color"
            bgcolor="#eeeeee"
            text="&lt;h2&gt;Toggle Sample Variation - background: image; colorscheme: light; fullheight: false (.hidden)&lt;/h2&gt;">
        </title66><accordion70
        jcr:primaryType="nt:unstructured" sling:resourceType="themecleanflex/components/accordion" showtitle="true" title="Peregrine Toggle" backgroundtype="image" bgcolor="#f1f1f1" color2="#ffffff" bottompadding="30" toppadding="30" toggletype="toggle" showmedia="false" mediawidth="33" blockwidth="article" custombackground="true" bgsize="cover" bgimage="/content/themecleanflex/assets/samples/beach-bird-s-eye-view-daytime-1249586.jpg" colorscheme="light" fullheight="false"><accordiontoggle jcr:primaryType="nt:unstructured"><c67
        jcr:primaryType="nt:unstructured" text="&lt;p&gt;Lorem Ipsum is simply dummy text of the printing and typesetting industry. Lorem Ipsum has been the industry's standard dummy text ever since the 1500s&lt;/p&gt;" title="Why accordion?">
        </c67><c68
        jcr:primaryType="nt:unstructured" text="&lt;p&gt;when an unknown printer took a galley of type and scrambled it to make a type specimen book. It has survived not only five centuries, but also the leap into electronic typesetting&lt;/p&gt;" title="How to accordion?">
        </c68><c69
        jcr:primaryType="nt:unstructured" text="&lt;p&gt;remaining essentially unchanged. It was popularised in the 1960s with the release of Letraset sheets containing Lorem Ipsum passages, and more recently with desktop publishing software like Aldus PageMaker including versions of Lorem Ipsum.&lt;/p&gt;" title="Join accordion">
        </c69></accordiontoggle>
        </accordion70><title71 jcr:primaryType="nt:unstructured" 
            sling:resourceType="themecleanflex/components/richtext" 
            toppadding="25"
            bottompadding="25"
            custombackground="true"
            backgroundtype="color"
            bgcolor="#eeeeee"
            text="&lt;h2&gt;Toggle Sample Variation - background: image; colorscheme: light; fullheight: true (.hidden)&lt;/h2&gt;">
        </title71><accordion75
        jcr:primaryType="nt:unstructured" sling:resourceType="themecleanflex/components/accordion" showtitle="true" title="Peregrine Toggle" backgroundtype="image" bgcolor="#f1f1f1" color2="#ffffff" bottompadding="30" toppadding="30" toggletype="toggle" showmedia="false" mediawidth="33" blockwidth="article" custombackground="true" bgsize="cover" bgimage="/content/themecleanflex/assets/samples/beach-bird-s-eye-view-daytime-1249586.jpg" colorscheme="light" fullheight="true"><accordiontoggle jcr:primaryType="nt:unstructured"><c72
        jcr:primaryType="nt:unstructured" text="&lt;p&gt;Lorem Ipsum is simply dummy text of the printing and typesetting industry. Lorem Ipsum has been the industry's standard dummy text ever since the 1500s&lt;/p&gt;" title="Why accordion?">
        </c72><c73
        jcr:primaryType="nt:unstructured" text="&lt;p&gt;when an unknown printer took a galley of type and scrambled it to make a type specimen book. It has survived not only five centuries, but also the leap into electronic typesetting&lt;/p&gt;" title="How to accordion?">
        </c73><c74
        jcr:primaryType="nt:unstructured" text="&lt;p&gt;remaining essentially unchanged. It was popularised in the 1960s with the release of Letraset sheets containing Lorem Ipsum passages, and more recently with desktop publishing software like Aldus PageMaker including versions of Lorem Ipsum.&lt;/p&gt;" title="Join accordion">
        </c74></accordiontoggle>
        </accordion75><title76 jcr:primaryType="nt:unstructured" 
            sling:resourceType="themecleanflex/components/richtext" 
            toppadding="25"
            bottompadding="25"
            custombackground="true"
            backgroundtype="color"
            bgcolor="#eeeeee"
            text="&lt;h2&gt;Toggle Sample Variation - background: image; colorscheme: none; fullheight: false (.hidden)&lt;/h2&gt;">
        </title76><accordion80
        jcr:primaryType="nt:unstructured" sling:resourceType="themecleanflex/components/accordion" showtitle="true" title="Peregrine Toggle" backgroundtype="image" bgcolor="#f1f1f1" color2="#ffffff" bottompadding="30" toppadding="30" toggletype="toggle" showmedia="false" mediawidth="33" blockwidth="article" custombackground="true" bgsize="cover" bgimage="/content/themecleanflex/assets/samples/beach-bird-s-eye-view-daytime-1249586.jpg" colorscheme="" fullheight="false"><accordiontoggle jcr:primaryType="nt:unstructured"><c77
        jcr:primaryType="nt:unstructured" text="&lt;p&gt;Lorem Ipsum is simply dummy text of the printing and typesetting industry. Lorem Ipsum has been the industry's standard dummy text ever since the 1500s&lt;/p&gt;" title="Why accordion?">
        </c77><c78
        jcr:primaryType="nt:unstructured" text="&lt;p&gt;when an unknown printer took a galley of type and scrambled it to make a type specimen book. It has survived not only five centuries, but also the leap into electronic typesetting&lt;/p&gt;" title="How to accordion?">
        </c78><c79
        jcr:primaryType="nt:unstructured" text="&lt;p&gt;remaining essentially unchanged. It was popularised in the 1960s with the release of Letraset sheets containing Lorem Ipsum passages, and more recently with desktop publishing software like Aldus PageMaker including versions of Lorem Ipsum.&lt;/p&gt;" title="Join accordion">
        </c79></accordiontoggle>
        </accordion80><title81 jcr:primaryType="nt:unstructured" 
            sling:resourceType="themecleanflex/components/richtext" 
            toppadding="25"
            bottompadding="25"
            custombackground="true"
            backgroundtype="color"
            bgcolor="#eeeeee"
            text="&lt;h2&gt;Toggle Sample Variation - background: image; colorscheme: none; fullheight: true (.hidden)&lt;/h2&gt;">
        </title81><accordion85
        jcr:primaryType="nt:unstructured" sling:resourceType="themecleanflex/components/accordion" showtitle="true" title="Peregrine Toggle" backgroundtype="image" bgcolor="#f1f1f1" color2="#ffffff" bottompadding="30" toppadding="30" toggletype="toggle" showmedia="false" mediawidth="33" blockwidth="article" custombackground="true" bgsize="cover" bgimage="/content/themecleanflex/assets/samples/beach-bird-s-eye-view-daytime-1249586.jpg" colorscheme="" fullheight="true"><accordiontoggle jcr:primaryType="nt:unstructured"><c82
        jcr:primaryType="nt:unstructured" text="&lt;p&gt;Lorem Ipsum is simply dummy text of the printing and typesetting industry. Lorem Ipsum has been the industry's standard dummy text ever since the 1500s&lt;/p&gt;" title="Why accordion?">
        </c82><c83
        jcr:primaryType="nt:unstructured" text="&lt;p&gt;when an unknown printer took a galley of type and scrambled it to make a type specimen book. It has survived not only five centuries, but also the leap into electronic typesetting&lt;/p&gt;" title="How to accordion?">
        </c83><c84
        jcr:primaryType="nt:unstructured" text="&lt;p&gt;remaining essentially unchanged. It was popularised in the 1960s with the release of Letraset sheets containing Lorem Ipsum passages, and more recently with desktop publishing software like Aldus PageMaker including versions of Lorem Ipsum.&lt;/p&gt;" title="Join accordion">
        </c84></accordiontoggle>
        </accordion85><title86 jcr:primaryType="nt:unstructured" 
            sling:resourceType="themecleanflex/components/richtext" 
            toppadding="25"
            bottompadding="25"
            custombackground="true"
            backgroundtype="color"
            bgcolor="#eeeeee"
            text="&lt;h2&gt;Toggle Sample Variation - background: none; colorscheme: dark; fullheight: false (.hidden)&lt;/h2&gt;">
        </title86><accordion90
        jcr:primaryType="nt:unstructured" sling:resourceType="themecleanflex/components/accordion" showtitle="true" title="Peregrine Toggle" backgroundtype="color" bgcolor="#f1f1f1" color2="#ffffff" bottompadding="30" toppadding="30" toggletype="toggle" showmedia="false" mediawidth="33" blockwidth="article" custombackground="false" colorscheme="dark" fullheight="false"><accordiontoggle jcr:primaryType="nt:unstructured"><c87
        jcr:primaryType="nt:unstructured" text="&lt;p&gt;Lorem Ipsum is simply dummy text of the printing and typesetting industry. Lorem Ipsum has been the industry's standard dummy text ever since the 1500s&lt;/p&gt;" title="Why accordion?">
        </c87><c88
        jcr:primaryType="nt:unstructured" text="&lt;p&gt;when an unknown printer took a galley of type and scrambled it to make a type specimen book. It has survived not only five centuries, but also the leap into electronic typesetting&lt;/p&gt;" title="How to accordion?">
        </c88><c89
        jcr:primaryType="nt:unstructured" text="&lt;p&gt;remaining essentially unchanged. It was popularised in the 1960s with the release of Letraset sheets containing Lorem Ipsum passages, and more recently with desktop publishing software like Aldus PageMaker including versions of Lorem Ipsum.&lt;/p&gt;" title="Join accordion">
        </c89></accordiontoggle>
        </accordion90><title91 jcr:primaryType="nt:unstructured" 
            sling:resourceType="themecleanflex/components/richtext" 
            toppadding="25"
            bottompadding="25"
            custombackground="true"
            backgroundtype="color"
            bgcolor="#eeeeee"
            text="&lt;h2&gt;Toggle Sample Variation - background: none; colorscheme: dark; fullheight: true (.hidden)&lt;/h2&gt;">
        </title91><accordion95
        jcr:primaryType="nt:unstructured" sling:resourceType="themecleanflex/components/accordion" showtitle="true" title="Peregrine Toggle" backgroundtype="color" bgcolor="#f1f1f1" color2="#ffffff" bottompadding="30" toppadding="30" toggletype="toggle" showmedia="false" mediawidth="33" blockwidth="article" custombackground="false" colorscheme="dark" fullheight="true"><accordiontoggle jcr:primaryType="nt:unstructured"><c92
        jcr:primaryType="nt:unstructured" text="&lt;p&gt;Lorem Ipsum is simply dummy text of the printing and typesetting industry. Lorem Ipsum has been the industry's standard dummy text ever since the 1500s&lt;/p&gt;" title="Why accordion?">
        </c92><c93
        jcr:primaryType="nt:unstructured" text="&lt;p&gt;when an unknown printer took a galley of type and scrambled it to make a type specimen book. It has survived not only five centuries, but also the leap into electronic typesetting&lt;/p&gt;" title="How to accordion?">
        </c93><c94
        jcr:primaryType="nt:unstructured" text="&lt;p&gt;remaining essentially unchanged. It was popularised in the 1960s with the release of Letraset sheets containing Lorem Ipsum passages, and more recently with desktop publishing software like Aldus PageMaker including versions of Lorem Ipsum.&lt;/p&gt;" title="Join accordion">
        </c94></accordiontoggle>
        </accordion95><title96 jcr:primaryType="nt:unstructured" 
            sling:resourceType="themecleanflex/components/richtext" 
            toppadding="25"
            bottompadding="25"
            custombackground="true"
            backgroundtype="color"
            bgcolor="#eeeeee"
            text="&lt;h2&gt;Toggle Sample Variation - background: none; colorscheme: light; fullheight: false (.hidden)&lt;/h2&gt;">
        </title96><accordion100
        jcr:primaryType="nt:unstructured" sling:resourceType="themecleanflex/components/accordion" showtitle="true" title="Peregrine Toggle" backgroundtype="color" bgcolor="#f1f1f1" color2="#ffffff" bottompadding="30" toppadding="30" toggletype="toggle" showmedia="false" mediawidth="33" blockwidth="article" custombackground="false" colorscheme="light" fullheight="false"><accordiontoggle jcr:primaryType="nt:unstructured"><c97
        jcr:primaryType="nt:unstructured" text="&lt;p&gt;Lorem Ipsum is simply dummy text of the printing and typesetting industry. Lorem Ipsum has been the industry's standard dummy text ever since the 1500s&lt;/p&gt;" title="Why accordion?">
        </c97><c98
        jcr:primaryType="nt:unstructured" text="&lt;p&gt;when an unknown printer took a galley of type and scrambled it to make a type specimen book. It has survived not only five centuries, but also the leap into electronic typesetting&lt;/p&gt;" title="How to accordion?">
        </c98><c99
        jcr:primaryType="nt:unstructured" text="&lt;p&gt;remaining essentially unchanged. It was popularised in the 1960s with the release of Letraset sheets containing Lorem Ipsum passages, and more recently with desktop publishing software like Aldus PageMaker including versions of Lorem Ipsum.&lt;/p&gt;" title="Join accordion">
        </c99></accordiontoggle>
        </accordion100><title101 jcr:primaryType="nt:unstructured" 
            sling:resourceType="themecleanflex/components/richtext" 
            toppadding="25"
            bottompadding="25"
            custombackground="true"
            backgroundtype="color"
            bgcolor="#eeeeee"
            text="&lt;h2&gt;Toggle Sample Variation - background: none; colorscheme: light; fullheight: true (.hidden)&lt;/h2&gt;">
        </title101><accordion105
        jcr:primaryType="nt:unstructured" sling:resourceType="themecleanflex/components/accordion" showtitle="true" title="Peregrine Toggle" backgroundtype="color" bgcolor="#f1f1f1" color2="#ffffff" bottompadding="30" toppadding="30" toggletype="toggle" showmedia="false" mediawidth="33" blockwidth="article" custombackground="false" colorscheme="light" fullheight="true"><accordiontoggle jcr:primaryType="nt:unstructured"><c102
        jcr:primaryType="nt:unstructured" text="&lt;p&gt;Lorem Ipsum is simply dummy text of the printing and typesetting industry. Lorem Ipsum has been the industry's standard dummy text ever since the 1500s&lt;/p&gt;" title="Why accordion?">
        </c102><c103
        jcr:primaryType="nt:unstructured" text="&lt;p&gt;when an unknown printer took a galley of type and scrambled it to make a type specimen book. It has survived not only five centuries, but also the leap into electronic typesetting&lt;/p&gt;" title="How to accordion?">
        </c103><c104
        jcr:primaryType="nt:unstructured" text="&lt;p&gt;remaining essentially unchanged. It was popularised in the 1960s with the release of Letraset sheets containing Lorem Ipsum passages, and more recently with desktop publishing software like Aldus PageMaker including versions of Lorem Ipsum.&lt;/p&gt;" title="Join accordion">
        </c104></accordiontoggle>
        </accordion105><title106 jcr:primaryType="nt:unstructured" 
            sling:resourceType="themecleanflex/components/richtext" 
            toppadding="25"
            bottompadding="25"
            custombackground="true"
            backgroundtype="color"
            bgcolor="#eeeeee"
            text="&lt;h2&gt;Toggle Sample Variation - background: none; colorscheme: none; fullheight: false (.hidden)&lt;/h2&gt;">
        </title106><accordion110
        jcr:primaryType="nt:unstructured" sling:resourceType="themecleanflex/components/accordion" showtitle="true" title="Peregrine Toggle" backgroundtype="color" bgcolor="#f1f1f1" color2="#ffffff" bottompadding="30" toppadding="30" toggletype="toggle" showmedia="false" mediawidth="33" blockwidth="article" custombackground="false" colorscheme="" fullheight="false"><accordiontoggle jcr:primaryType="nt:unstructured"><c107
        jcr:primaryType="nt:unstructured" text="&lt;p&gt;Lorem Ipsum is simply dummy text of the printing and typesetting industry. Lorem Ipsum has been the industry's standard dummy text ever since the 1500s&lt;/p&gt;" title="Why accordion?">
        </c107><c108
        jcr:primaryType="nt:unstructured" text="&lt;p&gt;when an unknown printer took a galley of type and scrambled it to make a type specimen book. It has survived not only five centuries, but also the leap into electronic typesetting&lt;/p&gt;" title="How to accordion?">
        </c108><c109
        jcr:primaryType="nt:unstructured" text="&lt;p&gt;remaining essentially unchanged. It was popularised in the 1960s with the release of Letraset sheets containing Lorem Ipsum passages, and more recently with desktop publishing software like Aldus PageMaker including versions of Lorem Ipsum.&lt;/p&gt;" title="Join accordion">
        </c109></accordiontoggle>
        </accordion110><title111 jcr:primaryType="nt:unstructured" 
            sling:resourceType="themecleanflex/components/richtext" 
            toppadding="25"
            bottompadding="25"
            custombackground="true"
            backgroundtype="color"
            bgcolor="#eeeeee"
            text="&lt;h2&gt;Toggle Sample Variation - background: none; colorscheme: none; fullheight: true (.hidden)&lt;/h2&gt;">
        </title111><accordion115
        jcr:primaryType="nt:unstructured" sling:resourceType="themecleanflex/components/accordion" showtitle="true" title="Peregrine Toggle" backgroundtype="color" bgcolor="#f1f1f1" color2="#ffffff" bottompadding="30" toppadding="30" toggletype="toggle" showmedia="false" mediawidth="33" blockwidth="article" custombackground="false" colorscheme="" fullheight="true"><accordiontoggle jcr:primaryType="nt:unstructured"><c112
        jcr:primaryType="nt:unstructured" text="&lt;p&gt;Lorem Ipsum is simply dummy text of the printing and typesetting industry. Lorem Ipsum has been the industry's standard dummy text ever since the 1500s&lt;/p&gt;" title="Why accordion?">
        </c112><c113
        jcr:primaryType="nt:unstructured" text="&lt;p&gt;when an unknown printer took a galley of type and scrambled it to make a type specimen book. It has survived not only five centuries, but also the leap into electronic typesetting&lt;/p&gt;" title="How to accordion?">
        </c113><c114
        jcr:primaryType="nt:unstructured" text="&lt;p&gt;remaining essentially unchanged. It was popularised in the 1960s with the release of Letraset sheets containing Lorem Ipsum passages, and more recently with desktop publishing software like Aldus PageMaker including versions of Lorem Ipsum.&lt;/p&gt;" title="Join accordion">
        </c114></accordiontoggle>
        </accordion115><title116 jcr:primaryType="nt:unstructured" 
            sling:resourceType="themecleanflex/components/richtext" 
            toppadding="25"
            bottompadding="25"
            custombackground="true"
            backgroundtype="color"
            bgcolor="#eeeeee"
            text="&lt;h2&gt;Toggle Sample Variation - background: video; colorscheme: dark; fullheight: false (.hidden)&lt;/h2&gt;">
        </title116><accordion120
        jcr:primaryType="nt:unstructured" sling:resourceType="themecleanflex/components/accordion" showtitle="true" title="Peregrine Toggle" backgroundtype="video" bgcolor="#f1f1f1" color2="#ffffff" bottompadding="30" toppadding="30" toggletype="toggle" showmedia="false" mediawidth="33" blockwidth="article" custombackground="true" bgsize="cover" bgvideo="https://www.youtube.com/embed/Ju86mknumYM" colorscheme="dark" fullheight="false"><accordiontoggle jcr:primaryType="nt:unstructured"><c117
        jcr:primaryType="nt:unstructured" text="&lt;p&gt;Lorem Ipsum is simply dummy text of the printing and typesetting industry. Lorem Ipsum has been the industry's standard dummy text ever since the 1500s&lt;/p&gt;" title="Why accordion?">
        </c117><c118
        jcr:primaryType="nt:unstructured" text="&lt;p&gt;when an unknown printer took a galley of type and scrambled it to make a type specimen book. It has survived not only five centuries, but also the leap into electronic typesetting&lt;/p&gt;" title="How to accordion?">
        </c118><c119
        jcr:primaryType="nt:unstructured" text="&lt;p&gt;remaining essentially unchanged. It was popularised in the 1960s with the release of Letraset sheets containing Lorem Ipsum passages, and more recently with desktop publishing software like Aldus PageMaker including versions of Lorem Ipsum.&lt;/p&gt;" title="Join accordion">
        </c119></accordiontoggle>
        </accordion120><title121 jcr:primaryType="nt:unstructured" 
            sling:resourceType="themecleanflex/components/richtext" 
            toppadding="25"
            bottompadding="25"
            custombackground="true"
            backgroundtype="color"
            bgcolor="#eeeeee"
            text="&lt;h2&gt;Toggle Sample Variation - background: video; colorscheme: dark; fullheight: true (.hidden)&lt;/h2&gt;">
        </title121><accordion125
        jcr:primaryType="nt:unstructured" sling:resourceType="themecleanflex/components/accordion" showtitle="true" title="Peregrine Toggle" backgroundtype="video" bgcolor="#f1f1f1" color2="#ffffff" bottompadding="30" toppadding="30" toggletype="toggle" showmedia="false" mediawidth="33" blockwidth="article" custombackground="true" bgsize="cover" bgvideo="https://www.youtube.com/embed/Ju86mknumYM" colorscheme="dark" fullheight="true"><accordiontoggle jcr:primaryType="nt:unstructured"><c122
        jcr:primaryType="nt:unstructured" text="&lt;p&gt;Lorem Ipsum is simply dummy text of the printing and typesetting industry. Lorem Ipsum has been the industry's standard dummy text ever since the 1500s&lt;/p&gt;" title="Why accordion?">
        </c122><c123
        jcr:primaryType="nt:unstructured" text="&lt;p&gt;when an unknown printer took a galley of type and scrambled it to make a type specimen book. It has survived not only five centuries, but also the leap into electronic typesetting&lt;/p&gt;" title="How to accordion?">
        </c123><c124
        jcr:primaryType="nt:unstructured" text="&lt;p&gt;remaining essentially unchanged. It was popularised in the 1960s with the release of Letraset sheets containing Lorem Ipsum passages, and more recently with desktop publishing software like Aldus PageMaker including versions of Lorem Ipsum.&lt;/p&gt;" title="Join accordion">
        </c124></accordiontoggle>
        </accordion125><title126 jcr:primaryType="nt:unstructured" 
            sling:resourceType="themecleanflex/components/richtext" 
            toppadding="25"
            bottompadding="25"
            custombackground="true"
            backgroundtype="color"
            bgcolor="#eeeeee"
            text="&lt;h2&gt;Toggle Sample Variation - background: video; colorscheme: light; fullheight: false (.hidden)&lt;/h2&gt;">
        </title126><accordion130
        jcr:primaryType="nt:unstructured" sling:resourceType="themecleanflex/components/accordion" showtitle="true" title="Peregrine Toggle" backgroundtype="video" bgcolor="#f1f1f1" color2="#ffffff" bottompadding="30" toppadding="30" toggletype="toggle" showmedia="false" mediawidth="33" blockwidth="article" custombackground="true" bgsize="cover" bgvideo="https://www.youtube.com/embed/Ju86mknumYM" colorscheme="light" fullheight="false"><accordiontoggle jcr:primaryType="nt:unstructured"><c127
        jcr:primaryType="nt:unstructured" text="&lt;p&gt;Lorem Ipsum is simply dummy text of the printing and typesetting industry. Lorem Ipsum has been the industry's standard dummy text ever since the 1500s&lt;/p&gt;" title="Why accordion?">
        </c127><c128
        jcr:primaryType="nt:unstructured" text="&lt;p&gt;when an unknown printer took a galley of type and scrambled it to make a type specimen book. It has survived not only five centuries, but also the leap into electronic typesetting&lt;/p&gt;" title="How to accordion?">
        </c128><c129
        jcr:primaryType="nt:unstructured" text="&lt;p&gt;remaining essentially unchanged. It was popularised in the 1960s with the release of Letraset sheets containing Lorem Ipsum passages, and more recently with desktop publishing software like Aldus PageMaker including versions of Lorem Ipsum.&lt;/p&gt;" title="Join accordion">
        </c129></accordiontoggle>
        </accordion130><title131 jcr:primaryType="nt:unstructured" 
            sling:resourceType="themecleanflex/components/richtext" 
            toppadding="25"
            bottompadding="25"
            custombackground="true"
            backgroundtype="color"
            bgcolor="#eeeeee"
            text="&lt;h2&gt;Toggle Sample Variation - background: video; colorscheme: light; fullheight: true (.hidden)&lt;/h2&gt;">
        </title131><accordion135
        jcr:primaryType="nt:unstructured" sling:resourceType="themecleanflex/components/accordion" showtitle="true" title="Peregrine Toggle" backgroundtype="video" bgcolor="#f1f1f1" color2="#ffffff" bottompadding="30" toppadding="30" toggletype="toggle" showmedia="false" mediawidth="33" blockwidth="article" custombackground="true" bgsize="cover" bgvideo="https://www.youtube.com/embed/Ju86mknumYM" colorscheme="light" fullheight="true"><accordiontoggle jcr:primaryType="nt:unstructured"><c132
        jcr:primaryType="nt:unstructured" text="&lt;p&gt;Lorem Ipsum is simply dummy text of the printing and typesetting industry. Lorem Ipsum has been the industry's standard dummy text ever since the 1500s&lt;/p&gt;" title="Why accordion?">
        </c132><c133
        jcr:primaryType="nt:unstructured" text="&lt;p&gt;when an unknown printer took a galley of type and scrambled it to make a type specimen book. It has survived not only five centuries, but also the leap into electronic typesetting&lt;/p&gt;" title="How to accordion?">
        </c133><c134
        jcr:primaryType="nt:unstructured" text="&lt;p&gt;remaining essentially unchanged. It was popularised in the 1960s with the release of Letraset sheets containing Lorem Ipsum passages, and more recently with desktop publishing software like Aldus PageMaker including versions of Lorem Ipsum.&lt;/p&gt;" title="Join accordion">
        </c134></accordiontoggle>
        </accordion135><title136 jcr:primaryType="nt:unstructured" 
            sling:resourceType="themecleanflex/components/richtext" 
            toppadding="25"
            bottompadding="25"
            custombackground="true"
            backgroundtype="color"
            bgcolor="#eeeeee"
            text="&lt;h2&gt;Toggle Sample Variation - background: video; colorscheme: none; fullheight: false (.hidden)&lt;/h2&gt;">
        </title136><accordion140
        jcr:primaryType="nt:unstructured" sling:resourceType="themecleanflex/components/accordion" showtitle="true" title="Peregrine Toggle" backgroundtype="video" bgcolor="#f1f1f1" color2="#ffffff" bottompadding="30" toppadding="30" toggletype="toggle" showmedia="false" mediawidth="33" blockwidth="article" custombackground="true" bgsize="cover" bgvideo="https://www.youtube.com/embed/Ju86mknumYM" colorscheme="" fullheight="false"><accordiontoggle jcr:primaryType="nt:unstructured"><c137
        jcr:primaryType="nt:unstructured" text="&lt;p&gt;Lorem Ipsum is simply dummy text of the printing and typesetting industry. Lorem Ipsum has been the industry's standard dummy text ever since the 1500s&lt;/p&gt;" title="Why accordion?">
        </c137><c138
        jcr:primaryType="nt:unstructured" text="&lt;p&gt;when an unknown printer took a galley of type and scrambled it to make a type specimen book. It has survived not only five centuries, but also the leap into electronic typesetting&lt;/p&gt;" title="How to accordion?">
        </c138><c139
        jcr:primaryType="nt:unstructured" text="&lt;p&gt;remaining essentially unchanged. It was popularised in the 1960s with the release of Letraset sheets containing Lorem Ipsum passages, and more recently with desktop publishing software like Aldus PageMaker including versions of Lorem Ipsum.&lt;/p&gt;" title="Join accordion">
        </c139></accordiontoggle>
        </accordion140><title141 jcr:primaryType="nt:unstructured" 
            sling:resourceType="themecleanflex/components/richtext" 
            toppadding="25"
            bottompadding="25"
            custombackground="true"
            backgroundtype="color"
            bgcolor="#eeeeee"
            text="&lt;h2&gt;Toggle Sample Variation - background: video; colorscheme: none; fullheight: true (.hidden)&lt;/h2&gt;">
        </title141><accordion145
        jcr:primaryType="nt:unstructured" sling:resourceType="themecleanflex/components/accordion" showtitle="true" title="Peregrine Toggle" backgroundtype="video" bgcolor="#f1f1f1" color2="#ffffff" bottompadding="30" toppadding="30" toggletype="toggle" showmedia="false" mediawidth="33" blockwidth="article" custombackground="true" bgsize="cover" bgvideo="https://www.youtube.com/embed/Ju86mknumYM" colorscheme="" fullheight="true"><accordiontoggle jcr:primaryType="nt:unstructured"><c142
        jcr:primaryType="nt:unstructured" text="&lt;p&gt;Lorem Ipsum is simply dummy text of the printing and typesetting industry. Lorem Ipsum has been the industry's standard dummy text ever since the 1500s&lt;/p&gt;" title="Why accordion?">
        </c142><c143
        jcr:primaryType="nt:unstructured" text="&lt;p&gt;when an unknown printer took a galley of type and scrambled it to make a type specimen book. It has survived not only five centuries, but also the leap into electronic typesetting&lt;/p&gt;" title="How to accordion?">
        </c143><c144
        jcr:primaryType="nt:unstructured" text="&lt;p&gt;remaining essentially unchanged. It was popularised in the 1960s with the release of Letraset sheets containing Lorem Ipsum passages, and more recently with desktop publishing software like Aldus PageMaker including versions of Lorem Ipsum.&lt;/p&gt;" title="Join accordion">
        </c144></accordiontoggle>
        </accordion145>
        </container146><pager147
        colorscheme="light"
        toppadding="30"
        bottompadding="30"
        custombackground="false"
        backgroundtype="color"
        bgcolor="#eeeeee"
        htmlelement="nav"
        prevlabel="&lt; previous"
        nextlabel="next &gt;"
        jcr:primaryType="nt:unstructured" sling:resourceType="themecleanflex/components/pager">
        </pager147>
        <clfooter
        jcr:primaryType="nt:unstructured" sling:resourceType="themecleanflex/components/footer" htmlelement="footer" backgroundtype="color" bgcolor="#eeeeee" bottompadding="0" toppadding="30" colorscheme="light" showlogo="true" logo="/content/themecleanflex/assets/samples/peregrine-logo.svg" logourl="/content/themecleanflex/pages/library.html" logoalttext="Peregrine CMS Logo" logosize="60" copyright="Copyright 2019 Peregrine - All Rights Reserved">
        <columns jcr:primaryType="nt:unstructured">
        <c3
        jcr:primaryType="nt:unstructured" title="" text="">
        </c3><c4
        jcr:primaryType="nt:unstructured" title="Contact" text="&lt;p&gt;info@headwire.com&lt;br&gt;&lt;/p&gt;">
        </c4><c5
        jcr:primaryType="nt:unstructured" title="Location" text="&lt;p&gt;23293 S Pointe Drive, Laguna Hills, CA 92653&lt;/p&gt;">
        </c5></columns>
<icons jcr:primaryType="nt:unstructured"></icons>
        </clfooter>        
        </jcr:content></jcr:root>