<?xml version="1.0" encoding="utf-8"?>
<jcr:root xmlns:sling="http://sling.apache.org/jcr/sling/1.0" xmlns:jcr="http://www.jcp.org/jcr/1.0" xmlns:nt="http://www.jcp.org/jcr/nt/1.0" jcr:primaryType="per:Component" jcr:title="Video">
  <jcr:content jcr:primaryType="nt:unstructured" __variations="true">
    <sample jcr:primaryType="nt:unstructured" title="Video" group="Features">
      <jcr:content jcr:primaryType="nt:unstructured" mediatype="video" videosrc="https://www.youtube-nocookie.com/embed/NM2wtte1JRE" imagesrc="/content/themeclean/assets/images/013.jpg" toppadding="30" bottompadding="30" backgroundtype="color"/>
    </sample>
    <sample-image jcr:primaryType="nt:unstructured" title="Image" group="Features">
      <jcr:content jcr:primaryType="nt:unstructured" mediatype="image" videosrc="https://www.youtube-nocookie.com/embed/NM2wtte1JRE" imagesrc="/content/themeclean/assets/images/013.jpg" toppadding="30" bottompadding="30" backgroundtype="color"/>
    </sample-image>
  </jcr:content>
</jcr:root>