<?xml version="1.0" encoding="UTF-8"?>
<!--
  #%L
  admin base - UI Apps
  %%
  Copyright (C) 2017 headwire inc.
  %%
  Licensed to the Apache Software Foundation (ASF) under one
  or more contributor license agreements.  See the NOTICE file
  distributed with this work for additional information
  regarding copyright ownership.  The ASF licenses this file
  to you under the Apache License, Version 2.0 (the
  "License"); you may not use this file except in compliance
  with the License.  You may obtain a copy of the License at

  http://www.apache.org/licenses/LICENSE-2.0

  Unless required by applicable law or agreed to in writing,
  software distributed under the License is distributed on an
  "AS IS" BASIS, WITHOUT WARRANTIES OR CONDITIONS OF ANY
  KIND, either express or implied.  See the License for the
  specific language governing permissions and limitations
  under the License.
  #L%
  -->
<jcr:root
  xmlns:sling="http://sling.apache.org/jcr/sling/1.0"
  xmlns:jcr="http://www.jcp.org/jcr/1.0"
  xmlns:nt="http://www.jcp.org/jcr/nt/1.0"
  jcr:primaryType="per:Page">

  <jcr:content
    jcr:primaryType="per:PageContent"
    sling:resourceType="admin/components/toolingpage"
    jcr:title="Page Editor"
    jcr:description="admin base Content Root"
    dataFrom="/pageView/path"
    dataDefault="/content/admin/pages"
    suffixToParameter="[path,/pageView/path,path,/state/tools/page]"
    loaders="[populatePageView:/pageView/path,setInitialPageEditorState:/pageView/path,populateNodesForBrowser:/state/tools/pages,populateComponents:/pageView/path]">

    <nav jcr:primaryType="nt:unstructured"
      sling:resourceType="admin/components/nav">

      <subnav jcr:primaryType="nt:unstructured"
        sling:resourceType="admin/components/subnav"
        classes="navcenter">

        <multiselect jcr:primaryType="nt:unstructured"
          sling:resourceType="admin/components/multiselect">

          <mobile jcr:primaryType="nt:unstructured"
            sling:resourceType="admin/components/action"
            target="mobile"
            type="icon"
            title="mobile"
            stateFrom="/state/tools/workspace/view"
            command="editPreview"
            icon="phone_android">
            <experiences jcr:primaryType="nt:unstructured">
              <de jcr:primaryType="nt:unstructured" experiences="[lang:de]" title="Mobil"/>
            </experiences>
          </mobile>

          <mobile-landscape jcr:primaryType="nt:unstructured"
            sling:resourceType="admin/components/action"
            target="mobile-landscape"
            type="icon"
            title="mobile-landscape"
            stateFrom="/state/tools/workspace/view"
            command="editPreview"
            icon="stay_current_landscape">
            <experiences jcr:primaryType="nt:unstructured">
              <de jcr:primaryType="nt:unstructured" experiences="[lang:de]"
                title="Mobil Querformat"/>
            </experiences>
          </mobile-landscape>

          <tablet jcr:primaryType="nt:unstructured"
            sling:resourceType="admin/components/action"
            target="tablet"
            type="icon"
            title="tablet"
            stateFrom="/state/tools/workspace/view"
            command="editPreview"
            icon="tablet_android">
            <experiences jcr:primaryType="nt:unstructured">
              <de jcr:primaryType="nt:unstructured" experiences="[lang:de]" title="Tablet"/>
            </experiences>
          </tablet>

          <tablet-landscape jcr:primaryType="nt:unstructured"
            sling:resourceType="admin/components/action"
            target="tablet-landscape"
            type="icon"
            title="tablet-landscape"
            stateFrom="/state/tools/workspace/view"
            command="editPreview"
            icon="tablet">
            <experiences jcr:primaryType="nt:unstructured">
              <de jcr:primaryType="nt:unstructured" experiences="[lang:de]"
                title="Tablet Querformat"/>
            </experiences>
          </tablet-landscape>

          <laptop jcr:primaryType="nt:unstructured"
            sling:resourceType="admin/components/action"
            target="laptop"
            type="icon"
            title="laptop"
            stateFrom="/state/tools/workspace/view"
            command="editPreview"
            icon="laptop_mac">
            <experiences jcr:primaryType="nt:unstructured">
              <de jcr:primaryType="nt:unstructured" experiences="[lang:de]"
                title="Laptop"/>
            </experiences>
          </laptop>

          <desktop jcr:primaryType="nt:unstructured"
            sling:resourceType="admin/components/action"
            target="desktop"
            type="icon"
            title="desktop"
            stateFrom="/state/tools/workspace/view"
            stateFromDefault="true"
            command="editPreview"
            icon="desktop_mac">
            <experiences jcr:primaryType="nt:unstructured">
              <de jcr:primaryType="nt:unstructured" experiences="[lang:de]" title="Desktop"/>
            </experiences>
          </desktop>

        </multiselect>

        <separator jcr:primaryType="nt:unstructured"
          sling:resourceType="admin/components/separator"/>

        <ignore-containers jcr:primaryType="nt:unstructured"
          sling:resourceType="admin/components/action"
          target="ignore-containers"
          type="icon"
          title="ignore-containers"
          stateFrom="/state/tools/workspace/ignoreContainers"
          command="editPreview" icon="layers_clear"/>

        <preview jcr:primaryType="nt:unstructured"
          sling:resourceType="admin/components/action"
          target="preview"
          type="icon"
          title="preview"
          stateFrom="/state/tools/workspace/preview"
          command="editPreview"
          icon="visibility">
          <experiences jcr:primaryType="nt:unstructured">
            <de jcr:primaryType="nt:unstructured" experiences="[lang:de]" title="Vorschau"/>
          </experiences>
        </preview>

      </subnav>

    </nav>

    <workspace jcr:primaryType="nt:unstructured"
      sling:resourceType="admin/components/workspace">

      <contentview jcr:primaryType="nt:unstructured"
        sling:resourceType="admin/components/contentview" text="content"/>

      <editor jcr:primaryType="nt:unstructured"
        sling:resourceType="admin/components/editor" text="content"/>

      <right-panel jcr:primaryType="nt:unstructured"
        sling:resourceType="admin/components/pageview"/>

    </workspace>

    <jsonview jcr:primaryType="nt:unstructured"
      sling:resourceType="admin/components/debugger" dataFrom="/"/>

    <!-- <tour jcr:primaryType="nt:unstructured"
      sling:resourceType="admin/components/tour">

      <item1
        jcr:primaryType="nt:unstructured"
        locator="/jcr:content/workspace"
        text="Welcome to the editor, here you can customize your selected page."
        anchor="top right">
        <experiences jcr:primaryType="nt:unstructured">
          <de jcr:primaryType="nt:unstructured" experiences="[lang:de]"
            text="Willkommen zum Editor, hier kannst du deine ausgewählte Seite anpassen."/>
        </experiences>
      </item1>

      <item2
        jcr:primaryType="nt:unstructured"
        locator="/jcr:content/workspace"
        text="In this section, your page is created by adding components and arranging them."
        selector="#editviewoverlay">
        <experiences jcr:primaryType="nt:unstructured">
          <de jcr:primaryType="nt:unstructured" experiences="[lang:de]"
            text="In diesem Bereich entsteht deine Seite, indem du Komponenten hinzufügst und diese anordnest."/>
        </experiences>
      </item2>

      <item3
        jcr:primaryType="nt:unstructured"
        locator="/jcr:content/workspace"
        text="The components can be found here. Just drag them into the page area. You can also search for components with keywords or have them listed by group (see above)."
        selector=".component-explorer">
        <experiences jcr:primaryType="nt:unstructured">
          <de jcr:primaryType="nt:unstructured" experiences="[lang:de]"
            text="Die Komponenten findest du hier. Ziehe diese einfach in den Seitenbereich rein. Du kannst auch nach Komponenten mit Stichworten suchen oder sie nach Gruppen anzeigen lassen (siehe oben)."/>
        </experiences>
      </item3>

      <item4
        jcr:primaryType="nt:unstructured"
        locator="/jcr:content/nav"
        text="Here you can choose the screen format used to display your page."
        selector=".multiselect__single>i.material-icons">
        <experiences jcr:primaryType="nt:unstructured">
          <de jcr:primaryType="nt:unstructured" experiences="[lang:de]"
            text="Hier kannst du das Bildschirmformat wählen, mit dem deine Seite angezeigt wird."/>
        </experiences>
      </item4>

      <item5
        jcr:primaryType="nt:unstructured"
        locator="/jcr:content/nav"
        text="To preview your page, click here."
        selector="a[title='preview']">
        <experiences jcr:primaryType="nt:unstructured">
          <de jcr:primaryType="nt:unstructured" experiences="[lang:de]"
            text="Um eine Vorschau deiner Seite anzusehen, klicke hier."/>
        </experiences>
      </item5>

      <item6
        jcr:primaryType="nt:unstructured"
        locator="/jcr:content/nav"
        text="Here you can export your page."
        selector="a[title='export module']">
        <experiences jcr:primaryType="nt:unstructured">
          <de jcr:primaryType="nt:unstructured" experiences="[lang:de]"
            text="Hier kannst du deine Seite exportieren."/>
        </experiences>
      </item6>

      <item7
        jcr:primaryType="nt:unstructured"
        locator="/jcr:content/workspace"
        text="That’s all. Have Fun!"
        anchor="center">
        <experiences jcr:primaryType="nt:unstructured">
          <de jcr:primaryType="nt:unstructured" experiences="[lang:de]"
            text="Das ist alles. Viel Spaß!"/>
        </experiences>
      </item7>

    </tour> -->

  </jcr:content>

</jcr:root>
