{
  "fields": [
    {
      "type": "materialswitch",
      "textOn": "yes",
      "textOff": "no",
      "valueOn": "true",
      "valueOff": "false",
      "placeholder": "showtitle",
      "label": "Show Card Title",
      "model": "showtitle"
    },
    {
      "type": "materialswitch",
      "textOn": "yes",
      "textOff": "no",
      "valueOn": "true",
      "valueOff": "false",
      "placeholder": "showtext",
      "label": "Show Card Text",
      "model": "showtext"
    },
    {
      "type": "materialswitch",
      "textOn": "yes",
      "textOff": "no",
      "valueOn": "true",
      "valueOff": "false",
      "placeholder": "showbutton",
      "label": "Show Card Button",
      "model": "showbutton"
    },
    {
      "type": "materialswitch",
      "textOn": "yes",
      "textOff": "no",
      "valueOn": "true",
      "valueOff": "false",
      "placeholder": "showcard",
      "label": "Show Card Background",
      "model": "showcard"
    },
    {
      "type": "materialswitch",
      "textOn": "yes",
      "textOff": "no",
      "valueOn": "true",
      "valueOff": "false",
      "placeholder": "customcardcolor",
      "label": "Custom Card Color",
      "model": "customcardcolor",
      "visible": "model.showcard == 'true'"
    },
    {
      "type": "input",
      "inputType": "color",
      "placeholder": "cardcolor",
      "label": "Card Color",
      "model": "cardcolor",
      "visible": "model.showcard == 'true' and model.customcardcolor == 'true'"
    },
    {
      "type": "materialswitch",
      "textOn": "yes",
      "textOff": "no",
      "valueOn": "true",
      "valueOff": "false",
      "placeholder": "cardborder",
      "label": "Show Card Border",
      "model": "cardborder"
    },
    {
      "type": "material-select",
      "values": [
        {
          "name": "none",
          "value": "none"
        },
        {
          "name": "small",
          "value": "small"
        },
        {
          "name": "medium",
          "value": "medium"
        },
        {
          "name": "large",
          "value": "large"
        }
      ],
      "placeholder": "roundedcorners",
      "label": "Rounded Corners",
      "model": "roundedcorners"
    },
    {
      "type": "material-range",
      "placeholder": "cardsperrow",
      "label": "Cards Per Row",
      "model": "cardsperrow",
      "min": 1,
      "max": 6
    },
    {
      "type": "material-range",
      "placeholder": "cardsperrowtab",
      "label": "Cards Per Row (Tablet)",
      "model": "cardsperrowtab",
      "min": 1,
      "max": 6
    },
    {
      "type": "material-range",
      "placeholder": "cardsperrowmobile",
      "label": "Cards Per Row (Mobile)",
      "model": "cardsperrowmobile",
      "min": 1,
      "max": 6
    },
    {
      "type": "collection",
      "multifield": true,
      "fieldLabel": [
        "title",
        "value"
      ],
      "fields": [
        {
          "type": "input",
          "inputType": "text",
          "placeholder": "title",
          "label": "Card Title",
          "model": "title",
          "visible": "model.showtitle == 'true'"
        },
        {
          "type": "texteditor",
          "rows": 10,
          "placeholder": "text",
          "label": "Card Text",
          "model": "text",
          "visible": "model.showtext == 'true'"
        },
        {
          "type": "pathbrowser",
          "browserRoot": "/content/themecleanflex/assets",
          "placeholder": "image",
          "label": "Card Image",
          "model": "image"
        },
        {
          "type": "material-range",
          "placeholder": "imagewidth",
          "label": "Image Width",
          "model": "imagewidth",
          "min": "10",
          "max": "100"
        },
        {
          "type": "input",
          "inputType": "text",
          "placeholder": "imagealttext",
          "label": "Image Alt Text",
          "model": "imagealttext"
        },
        {
          "type": "input",
          "inputType": "text",
          "placeholder": "buttontext",
          "label": "Button Text",
          "model": "buttontext",
          "visible": "model.showbutton == 'true'"
        },
        {
          "type": "pathbrowser",
          "browserRoot": "/content/themecleanflex/pages",
          "placeholder": "buttonlink",
          "label": "Button Link",
          "model": "buttonlink",
          "visible": "model.showbutton == 'true'"
        },
        {
          "type": "material-select",
          "values": [
            {
              "name": "Primary",
              "value": "primary"
            },
            {
              "name": "Secondary",
              "value": "secondary"
            },
            {
              "name": "Success",
              "value": "success"
            },
            {
              "name": "Danger",
              "value": "danger"
            },
            {
              "name": "Warning",
              "value": "warning"
            },
            {
              "name": "Info",
              "value": "info"
            }
          ],
          "placeholder": "buttoncolor",
          "label": "Button Color",
          "model": "buttoncolor"
        },
        {
          "type": "material-select",
          "values": [
            {
              "name": "Default",
              "value": "default"
            },
            {
              "name": "Large",
              "value": "large"
            },
            {
              "name": "Small",
              "value": "small"
            }
          ],
          "placeholder": "buttonsize",
          "label": "Button Size",
          "model": "buttonsize"
        },
        {
          "type": "material-select",
          "values": [
            {
              "name": "Left",
              "value": "left"
            },
            {
              "name": "Center",
              "value": "center"
            },
            {
              "name": "Right",
              "value": "right"
            }
          ],
          "placeholder": "buttonalign",
          "label": "Button Alignment",
          "model": "buttonalign"
        }
      ],
      "placeholder": "cards",
      "label": "Cards",
      "model": "cards"
    },
    {
      "type": "input",
      "inputType": "text",
      "placeholder": "anchorname",
      "label": "Anchor Name",
      "model": "anchorname"
    },
    {
      "type": "input",
      "inputType": "text",
      "placeholder": "extraclasses",
      "label": "Additonal Classes",
      "model": "extraclasses"
    },
    {
      "type": "material-select",
      "values": [
        {
          "name": "section",
          "value": "section"
        },
        {
          "name": "article",
          "value": "article"
        },
        {
          "name": "main",
          "value": "main"
        },
        {
          "name": "div",
          "value": "div"
        },
        {
          "name": "header",
          "value": "header"
        },
        {
          "name": "nav",
          "value": "nav"
        },
        {
          "name": "footer",
          "value": "footer"
        }
      ],
      "placeholder": "htmlelement",
      "label": "Semantic Element",
      "model": "htmlelement"
    },
    {
      "type": "material-radios",
      "values": [
        {
          "name": "None",
          "value": ""
        },
        {
          "name": "Light",
          "value": "light"
        },
        {
          "name": "Dark",
          "value": "dark"
        }
      ],
      "placeholder": "colorscheme",
      "label": "Block Color Scheme",
      "model": "colorscheme"
    },
    {
      "type": "materialswitch",
      "textOn": "yes",
      "textOff": "no",
      "valueOn": "true",
      "valueOff": "false",
      "placeholder": "custombackground",
      "label": "Custom Background",
      "model": "custombackground"
    },
    {
      "type": "material-radios",
      "values": [
        {
          "name": "Color",
          "value": "color"
        },
        {
          "name": "Gradient",
          "value": "gradient"
        },
        {
          "name": "Image",
          "value": "image"
        },
        {
          "name": "Video",
          "value": "video"
        }
      ],
      "placeholder": "backgroundtype",
      "label": "Background Type",
      "model": "backgroundtype",
      "visible": "model.custombackground == 'true'"
    },
    {
      "type": "pathbrowser",
      "browserRoot": "/content/themecleanflex/assets",
      "placeholder": "bgvideo",
      "label": "Background Video",
      "model": "bgvideo",
      "visible": "model.backgroundtype == 'video' and model.custombackground == 'true'"
    },
    {
      "type": "pathbrowser",
      "browserRoot": "/content/themecleanflex/assets",
      "placeholder": "bgimage",
      "label": "Background Image",
      "model": "bgimage",
      "visible": "model.backgroundtype == 'image' and model.custombackground == 'true'"
    },
    {
      "type": "material-range",
      "placeholder": "bgxposition",
      "label": "Background X Position",
      "model": "bgxposition",
      "visible": "model.backgroundtype == 'image' and model.custombackground == 'true'",
      "min": 0,
      "max": 100
    },
    {
      "type": "material-range",
      "placeholder": "bgyposition",
      "label": "Background Y Position",
      "model": "bgyposition",
      "visible": "model.backgroundtype == 'image' and model.custombackground == 'true'",
      "min": 0,
      "max": 100
    },
    {
      "type": "input",
      "inputType": "text",
      "placeholder": "bgsize",
      "label": "Background Size Style",
      "model": "bgsize"
    },
    {
      "type": "materialswitch",
      "textOn": "yes",
      "textOff": "no",
      "valueOn": "true",
      "valueOff": "false",
      "placeholder": "overlay",
      "label": "Overlay",
      "model": "overlay",
      "visible": "model.backgroundtype == 'image' and model.custombackground == 'true'"
    },
    {
      "type": "input",
      "inputType": "color",
      "placeholder": "overlaycolor",
      "label": "Overlay Color",
      "model": "overlaycolor",
      "visible": "model.overlay == 'true' and model.backgroundtype == 'image' and model.custombackground == 'true'"
    },
    {
      "type": "material-range",
      "placeholder": "overlayopacity",
      "label": "Overlay opacity",
      "model": "overlayopacity",
      "visible": "model.overlay == 'true' and model.backgroundtype == 'image' and model.custombackground == 'true'",
      "min": 0,
      "max": 100
    },
    {
      "type": "input",
      "inputType": "color",
      "placeholder": "bgcolor",
      "label": "Background Color",
      "model": "bgcolor",
      "visible": "(model.backgroundtype == 'color' or model.backgroundtype == 'gradient') and model.custombackground == 'true'"
    },
    {
      "type": "input",
      "inputType": "color",
      "placeholder": "color2",
      "label": "Color 2",
      "model": "color2",
      "visible": "model.backgroundtype == 'gradient' and model.custombackground == 'true'"
    },
    {
      "type": "material-radios",
      "values": [
        {
          "name": "Default",
          "value": "default"
        },
        {
          "name": "Full Width",
          "value": "full"
        },
        {
          "name": "Article Width",
          "value": "article"
        }
      ],
      "placeholder": "blockwidth",
      "label": "Block Width",
      "model": "blockwidth"
    },
    {
      "type": "materialswitch",
      "textOn": "yes",
      "textOff": "no",
      "valueOn": "true",
      "valueOff": "false",
      "placeholder": "fullheight",
      "label": "Full Height",
      "model": "fullheight"
    },
    {
      "type": "material-range",
      "placeholder": "toppadding",
      "label": "Top Padding",
      "model": "toppadding",
      "visible": "model.fullheight != 'true'",
      "min": 0,
      "max": 300
    },
    {
      "type": "material-range",
      "placeholder": "bottompadding",
      "label": "Bottom Padding",
      "model": "bottompadding",
      "visible": "model.fullheight != 'true'",
      "min": 0,
      "max": 300
    },
    {
      "type": "input",
      "inputType": "text",
      "placeholder": "contentname",
      "label": "Content Name",
      "model": "contentname"
    }
  ]
}