<?xml version="1.0" encoding="UTF-8"?>
<jcr:root xmlns:sling="http://sling.apache.org/jcr/sling/1.0" xmlns:jcr="http://www.jcp.org/jcr/1.0" xmlns:nt="http://www.jcp.org/jcr/nt/1.0"
            jcr:primaryType="per:Page"
            jcr:title="tf-cl | code"
            jcr:description="code themecleanflex component library"
>
    <jcr:content
        jcr:primaryType="per:PageContent"
        sling:resourceType="themecleanflex/components/page"
        jcr:title="code"
        description="code themecleanflex component library"
        brand="themecleanflex"
        template="/content/themecleanflex/templates"
            ><clheader
            jcr:primaryType="nt:unstructured" sling:resourceType="themecleanflex/components/header" htmlelement="header" backgroundtype="color" bgcolor="#eeeeee" colorscheme="light" toppadding="10" bottompadding="10" bgvideo="https://www.youtube.com/embed/Ju86mknumYM" collapsed="false" logo="/content/themecleanflex/assets/samples/peregrine-logo.svg" logoalttext="Peregrine CMS Logo" logourl="/content/themecleanflex/pages/library.html" logosize="60" buttonsize="default"><elevation jcr:primaryType="nt:unstructured"></elevation>
    <links jcr:primaryType="nt:unstructured"></links>
    <buttons jcr:primaryType="nt:unstructured"></buttons>
            </clheader><clbreadcrumb
        colorscheme="light"
        custombackground="false"
        backgroundtype="color"
        bgcolor="#eeeeee"
        htmlelement="nav"
        jcr:primaryType="nt:unstructured" sling:resourceType="themecleanflex/components/breadcrumb" level="2"><toppadding jcr:primaryType="nt:unstructured"></toppadding>
        <bottompadding jcr:primaryType="nt:unstructured"></bottompadding>
        </clbreadcrumb><pager0
        colorscheme="light"
        toppadding="30"
        bottompadding="30"
        custombackground="false"
        backgroundtype="color"
        bgcolor="#eeeeee"
        htmlelement="nav"
        prevlabel="&lt; previous"
        nextlabel="next &gt;"
        jcr:primaryType="nt:unstructured" sling:resourceType="themecleanflex/components/pager">
        </pager0><container6
            jcr:primaryType="nt:unstructured"
            sling:resourceType="themecleanflex/components/container"
            htmlelement="main">
            
        <intro1 jcr:primaryType="nt:unstructured" 
            sling:resourceType="themecleanflex/components/richtext" 
            bottompadding="25"
            toppadding="25"
            htmlelement="banner"
            custombackground="true"
            backgroundtype="color"
            bgcolor="#eeeeee"
            text="&lt;h1 id=&quot;code&quot;&gt;Code&lt;/h1&gt;
&lt;p&gt;This component renders the text as &lt;code&gt;&amp;lt;pre&amp;gt;&amp;lt;code class=&amp;quot;language-{{language}} {{classes}}&amp;quot;&amp;gt;{{text}}&amp;lt;/code&amp;gt;&amp;lt;/pre&amp;gt;&lt;/code&gt;&lt;/p&gt;
&lt;p&gt;If the base template includes prism.js it will be used to generate the markup of the code. &lt;/p&gt;
&lt;h2 id=&quot;configuring-prism&quot;&gt;Configuring Prism&lt;/h2&gt;
&lt;p&gt;&lt;em&gt;Please note: Using Prism will impact your site&amp;#39;s accessibility and mobile performance score. This is not an issue with Peregrine, rather a consequence of using Prism.&lt;/em&gt;&lt;/p&gt;
&lt;p&gt;If you wish to use &lt;a href=&quot;Prism&quot;&gt;https://prismjs.com/&lt;/a&gt; with the code component, perform the following steps:&lt;/p&gt;
&lt;ol&gt;
&lt;li&gt;&lt;p&gt;Visit the Prism &lt;a href=&quot;https://prismjs.com/download.html&quot;&gt;download page&lt;/a&gt; and download &lt;code&gt;prism.js&lt;/code&gt; and &lt;code&gt;prism.css&lt;/code&gt; with the options that you need.&lt;/p&gt;
&lt;/li&gt;
&lt;li&gt;&lt;p&gt;Upload &lt;code&gt;prism.js&lt;/code&gt; and &lt;code&gt;prism.css&lt;/code&gt; to &lt;code&gt;Assets&lt;/code&gt;. It is recommended that you create folders for &lt;code&gt;/content/_tenant_/assets/css/&lt;/code&gt; and &lt;code&gt;/content/_tenant_/assets/js/&lt;/code&gt; first, then upload &lt;code&gt;prism.js&lt;/code&gt; and &lt;code&gt;prism.css&lt;/code&gt; to their respective folders.&lt;/p&gt;
&lt;/li&gt;
&lt;li&gt;&lt;p&gt;Click on the &lt;code&gt;Template&lt;/code&gt; tile from the home screen, then click on the page icon for your tenant.  &lt;/p&gt;
&lt;/li&gt;
&lt;li&gt;&lt;p&gt;Click &lt;code&gt;page start&lt;/code&gt;.&lt;/p&gt;
&lt;/li&gt;
&lt;li&gt;&lt;p&gt;(optional) If you enabled the &lt;code&gt;Copy to Clipboard button&lt;/code&gt; when you downloaded Prism, add &lt;code&gt;https://cdnjs.cloudflare.com/ajax/libs/clipboard.js/2.0.4/clipboard.min.js&lt;/code&gt; to &lt;code&gt;Site JS Files&lt;/code&gt;.&lt;/p&gt;
&lt;/li&gt;
&lt;li&gt;&lt;p&gt;Add &lt;code&gt;/content/_tenant_/assets/js/prism.js&lt;/code&gt; to &lt;code&gt;Site JS Files&lt;/code&gt;.&lt;/p&gt;
&lt;/li&gt;
&lt;li&gt;&lt;p&gt;Add &lt;code&gt;/content/_tenant_/assets/css/prism.css&lt;/code&gt; to &lt;code&gt;Site CSS Files&lt;/code&gt;.&lt;/p&gt;
&lt;/li&gt;
&lt;li&gt;&lt;p&gt;Navigate to your site, edit a page and place a &lt;em&gt;Code&lt;/em&gt; component on the page. Enter your language without the &lt;code&gt;language-&lt;/code&gt; prefix (e.g., ruby, script, java, etc). You can add additional classes to the &lt;code&gt;classes&lt;/code&gt; property. For example, adding &lt;code&gt;line-numbers&lt;/code&gt; will enable line numbers if you included the line number plugin when you downloaded Prism.&lt;/p&gt;
&lt;/li&gt;
&lt;/ol&gt;
&lt;h2 id=&quot;pending-features--issues&quot;&gt;Pending Features &amp;amp; Issues&lt;/h2&gt;
&lt;ul&gt;
&lt;li&gt;Add support for defining Prism data attributes&lt;/li&gt;
&lt;li&gt;Update the code component to be less plugin dependent&lt;/li&gt;
&lt;/ul&gt;
">
        </intro1>
        <title2 jcr:primaryType="nt:unstructured" 
            sling:resourceType="themecleanflex/components/richtext" 
            toppadding="25"
            bottompadding="25"
            custombackground="true"
            backgroundtype="color"
            bgcolor="#eeeeee"
            text="&lt;h2&gt;Code (Text Components)&lt;/h2&gt;">
        </title2><code3
        jcr:primaryType="nt:unstructured" sling:resourceType="themecleanflex/components/code" text="" language="">
        </code3><title4 jcr:primaryType="nt:unstructured" 
            sling:resourceType="themecleanflex/components/richtext" 
            toppadding="25"
            bottompadding="25"
            custombackground="true"
            backgroundtype="color"
            bgcolor="#eeeeee"
            text="&lt;h2&gt;Code - Example (Text Components)&lt;/h2&gt;">
        </title4><code5
        jcr:primaryType="nt:unstructured" sling:resourceType="themecleanflex/components/code" text="var a = {};" language="javascript">
        </code5>
        </container6><pager7
        colorscheme="light"
        toppadding="30"
        bottompadding="30"
        custombackground="false"
        backgroundtype="color"
        bgcolor="#eeeeee"
        htmlelement="nav"
        prevlabel="&lt; previous"
        nextlabel="next &gt;"
        jcr:primaryType="nt:unstructured" sling:resourceType="themecleanflex/components/pager">
        </pager7>
        <clfooter
        jcr:primaryType="nt:unstructured" sling:resourceType="themecleanflex/components/footer" htmlelement="footer" backgroundtype="color" bgcolor="#eeeeee" bottompadding="0" toppadding="30" colorscheme="light" showlogo="true" logo="/content/themecleanflex/assets/samples/peregrine-logo.svg" logourl="/content/themecleanflex/pages/library.html" logoalttext="Peregrine CMS Logo" logosize="60" copyright="Copyright 2019 Peregrine - All Rights Reserved">
        <columns jcr:primaryType="nt:unstructured">
        <c3
        jcr:primaryType="nt:unstructured" title="" text="">
        </c3><c4
        jcr:primaryType="nt:unstructured" title="Contact" text="&lt;p&gt;info@headwire.com&lt;br&gt;&lt;/p&gt;">
        </c4><c5
        jcr:primaryType="nt:unstructured" title="Location" text="&lt;p&gt;23293 S Pointe Drive, Laguna Hills, CA 92653&lt;/p&gt;">
        </c5></columns>
<icons jcr:primaryType="nt:unstructured"></icons>
        </clfooter>        
        </jcr:content></jcr:root>