<?xml version="1.0" encoding="UTF-8"?>
<jcr:root xmlns:sling="http://sling.apache.org/jcr/sling/1.0" xmlns:jcr="http://www.jcp.org/jcr/1.0" xmlns:nt="http://www.jcp.org/jcr/nt/1.0" xmlns:per="http://www.peregrine-cms.com/jcr/cms/1.0"
    jcr:lastModified="{Date}2020-07-13T15:10:32.048-07:00"
    jcr:lastModifiedBy="admin"
    jcr:primaryType="per:Page">
    <jcr:content
        jcr:lastModified="{Date}2020-07-13T15:10:32.048-07:00"
        jcr:lastModifiedBy="admin"
        jcr:primaryType="per:PageContent"
        jcr:title="articles"
        sling:resourceType="themecleanflex/components/page"
        name="articles"
        skeletonPagePath=""
        template="/content/themecleanflex/templates/footer/header-footer"
        templatePath="/content/themecleanflex/templates/footer/header-footer"
        title="articles">
        <nebf8e89b-7765-4d9c-9e19-bff3f4d03a7b jcr:primaryType="nt:unstructured">
            <n764b8eef-0b83-434a-94dd-c03d6da81778 jcr:primaryType="nt:unstructured">
                <nde275831-3d90-4955-98e2-5bacd59cb2a9
                    jcr:lastModified="{Date}2020-07-13T15:10:32.048-07:00"
                    jcr:lastModifiedBy="admin"
                    jcr:primaryType="nt:unstructured"
                    sling:resourceType="themecleanflex/components/pagelist"
                    bgcolor="#ffffff"
                    bgsize="cover"
                    bgvideo="https://www.youtube.com/embed/Ju86mknumYM"
                    bgxposition="50"
                    bgyposition="50"
                    blockwidth="default"
                    bottompadding="20"
                    color2="#c0c0c0"
                    colorscheme=""
                    custombackground="false"
                    excludesitemapexcludes="true"
                    extraclasses="articlelist"
                    fullheight="false"
                    htmlelement="section"
                    levels="2"
                    overlaycolor="#ffffff"
                    overlayopacity="50"
                    rootpage="/content/themecleanflex/pages/articles"
                    rootPageLink="/content/themecleanflex/pages/articles"
                    rootPageTitle="articles"
                    toppadding="20">
                    <references jcr:primaryType="nt:unstructured">
                        <n1594675067070
                            jcr:lastModified="{Date}2020-07-13T15:10:32.045-07:00"
                            jcr:lastModifiedBy="admin"
                            jcr:primaryType="nt:unstructured"
                            component="nt:unstructured"
                            contentfield="title"
                            contentname="heading"
                            cssclass=""
                            htmlelement="h2"
                            name="n1594675067070"
                            path="/jcr:content/nebf8e89b-7765-4d9c-9e19-bff3f4d03a7b/n764b8eef-0b83-434a-94dd-c03d6da81778/nde275831-3d90-4955-98e2-5bacd59cb2a9/references/n1594675067070"/>
                        <n1594674340162
                            jcr:lastModified="{Date}2020-07-13T15:10:32.046-07:00"
                            jcr:lastModifiedBy="admin"
                            jcr:primaryType="nt:unstructured"
                            component="nt:unstructured"
                            contentfield="text"
                            contentname="byline"
                            cssclass="byline"
                            htmlelement="div"
                            name="n1594674340162"
                            path="/jcr:content/nebf8e89b-7765-4d9c-9e19-bff3f4d03a7b/n764b8eef-0b83-434a-94dd-c03d6da81778/nde275831-3d90-4955-98e2-5bacd59cb2a9/references/n1594674340162"/>
                        <n1594678204448
                            jcr:lastModified="{Date}2020-07-13T15:10:32.046-07:00"
                            jcr:lastModifiedBy="admin"
                            jcr:primaryType="nt:unstructured"
                            contentfield="text"
                            contentname="heading"
                            cssclass=""
                            htmlelement="div"/>
                    </references>
                </nde275831-3d90-4955-98e2-5bacd59cb2a9>
            </n764b8eef-0b83-434a-94dd-c03d6da81778>
        </nebf8e89b-7765-4d9c-9e19-bff3f4d03a7b>
    </jcr:content>
    <welcome/>
</jcr:root>
