<?xml version="1.0" encoding="UTF-8"?>
<jcr:root 
   xmlns:sling="http://sling.apache.org/jcr/sling/1.0" 
   xmlns:jcr="http://www.jcp.org/jcr/1.0"
   xmlns:nt="http://www.jcp.org/jcr/nt/1.0"
   jcr:primaryType="per:Page">
   
   <jcr:content
      jcr:primaryType="per:PageContent"
      sling:resourceType="example/components/page"
      jcr:title="write"
      template="/content/example/templates/base">
     
      <content jcr:primaryType="nt:unstructured"
        sling:resourceType="example/components/container">
        
        <row jcr:primaryType="nt:unstructured"
          sling:resourceType="example/components/row">

          <col1 jcr:primaryType="nt:unstructured"
            sling:resourceType="example/components/col"
            classes="col-md-12">
            
            <text2 jcr:primaryType="nt:unstructured"
              sling:resourceType="example/components/text"
              text="&lt;h1 id=&quot;things-we-have-to-document-so-people-can-understand-it&quot;&gt;things we have to document so people can understand it&lt;/h1&gt;
&lt;h2 id=&quot;allowedobjects&quot;&gt;allowedObjects&lt;/h2&gt;
&lt;p&gt;A folder under /content/&lt;tenant&gt;/objects can have a allowedObjects array propety. This array 
contains a list of the names of object types that are allowed to be created in the 
folder (and any subfolder [not implemented yet]) Need to decide if we also extend 
this to the objects for the ones that allow children to be created&lt;/p&gt;
&lt;h2 id=&quot;page-components&quot;&gt;page components&lt;/h2&gt;
&lt;p&gt;a component is considered a page component if it&amp;#39;s name is page or if a property 
templateComponent=&amp;quot;true&amp;quot; is set on the component. This allows for the component to be 
used as a root component of a template and drives the list of the create template wizard&lt;/p&gt;
&lt;h2 id=&quot;group-property-of-components&quot;&gt;group property of components&lt;/h2&gt;
&lt;p&gt;if a component has a property group that is set to .hidden then the component does not
show up in the component explorer to be dragged onto a page&lt;/p&gt;
&lt;h2 id=&quot;need-to-document-the-basic-extension-mechanism&quot;&gt;need to document the basic extension mechanism&lt;/h2&gt;
&lt;p&gt;apps/example/extensions is a sample of an extension for admin.pages. In general the page
defines an extension point with an id and the example project registers an extension for
that location. &lt;/p&gt;
&lt;p&gt;We still need to implement a way in the toolingpage/renderer.html to pull and define all
the extensions that can be found in the system. &lt;/p&gt;
&lt;h2 id=&quot;percli-changes-to-support-author-and-publish-node&quot;&gt;percli changes to support author and publish node&lt;/h2&gt;
&lt;p&gt;&lt;code&gt;percli server start [-a|-p]&lt;/code&gt;&lt;/p&gt;
&lt;h2 id=&quot;explain-how-distribution-works&quot;&gt;explain how distribution works&lt;/h2&gt;
&lt;p&gt;&lt;a href=&quot;https://github.com/apache/sling/tree/trunk/contrib/extensions/distribution&quot;&gt;https://github.com/apache/sling/tree/trunk/contrib/extensions/distribution&lt;/a&gt; for more info&lt;/p&gt;
&lt;h2 id=&quot;documentation-about-the-existing-field-types&quot;&gt;documentation about the existing field types&lt;/h2&gt;
&lt;p&gt;we need to document the field types currently available in peregrine&lt;/p&gt;
&lt;h2 id=&quot;support-for-percli-htmltovue--added&quot;&gt;support for percli htmltovue * added&lt;/h2&gt;
&lt;p&gt;we can now compile all fragments at once with &lt;code&gt;percli htmltovue &amp;quot;*&amp;quot;&lt;/code&gt; (On Unix systems the
star needs to be wrapped into double quotes to avoid greedy expasion). This can also be used
in the &lt;code&gt;ui.apps/packages.json&lt;/code&gt; file (add to the beginning of build: 
&lt;code&gt;cd .. &amp;amp;&amp;amp; percli htmltovue \&amp;quot;*\&amp;quot; &amp;amp;&amp;amp; cd ui.apps &amp;amp;&amp;amp;&lt;/code&gt; needs to be escaped with backslash
as this is a JSon file). &lt;strong&gt;node&lt;/strong&gt; for archetype needs to be bumped to 7.10+&lt;/p&gt;
&lt;p&gt;also mention &lt;code&gt;blockgenerator&lt;/code&gt; file to block htmltovue on a component&lt;/p&gt;
&lt;h2 id=&quot;document-support-in-percli-for-named-servers&quot;&gt;document support in percli for named servers&lt;/h2&gt;
&lt;p&gt;&amp;nbsp;&lt;/p&gt;"/>
              
          </col1>

        </row>

      </content>

    </jcr:content>
    
    
   
</jcr:root>