<?xml version="1.0" encoding="UTF-8"?>
<!--
  #%L
  admin base - UI Apps
  %%
  Copyright (C) 2017 headwire inc.
  %%
  Licensed to the Apache Software Foundation (ASF) under one
  or more contributor license agreements.  See the NOTICE file
  distributed with this work for additional information
  regarding copyright ownership.  The ASF licenses this file
  to you under the Apache License, Version 2.0 (the
  "License"); you may not use this file except in compliance
  with the License.  You may obtain a copy of the License at
  
  http://www.apache.org/licenses/LICENSE-2.0
  
  Unless required by applicable law or agreed to in writing,
  software distributed under the License is distributed on an
  "AS IS" BASIS, WITHOUT WARRANTIES OR CONDITIONS OF ANY
  KIND, either express or implied.  See the License for the
  specific language governing permissions and limitations
  under the License.¡
  #L%
  -->
<jcr:root
  xmlns:sling="http://sling.apache.org/jcr/sling/1.0"
  xmlns:jcr="http://www.jcp.org/jcr/1.0"
  xmlns:nt="http://www.jcp.org/jcr/nt/1.0"
  jcr:primaryType="per:Page">

  <jcr:content
    jcr:primaryType="per:PageContent"
    sling:resourceType="admin/components/toolingpage"
    jcr:title="Home"
    jcr:description="admin base home page">

    <content jcr:primaryType="nt:unstructured"
      sling:resourceType="pagerendervue/structure/container">

      <row jcr:primaryType="nt:unstructured"
        sling:resourceType="admin/components/row">

        <col1 jcr:primaryType="nt:unstructured"
          sling:resourceType="admin/components/col" classes="col">

          <text jcr:primaryType="nt:unstructured"
            sling:resourceType="pagerendervue/components/base"
            text="peregrine-cms is a head optional, api first cms built on top of vuejs, apache sling and apache jackrabbit">
            <experiences
              jcr:primaryType="nt:unstructured">
              <de jcr:primaryType="nt:unstructured" experiences="[lang:de]"
                text="peregrine-cms ist ein 'head optional', 'api first' cms basierend auf VueJS, Apache Sling und Apache Jackrabbit"/>
            </experiences>
          </text>

        </col1>

      </row>


    </content>

  </jcr:content>

</jcr:root>
