<?xml version="1.0" encoding="UTF-8"?>
<!--
  #%L
  example site - UI Apps
  %%
  Copyright (C) 2017 headwire inc.
  %%
  Licensed to the Apache Software Foundation (ASF) under one
  or more contributor license agreements.  See the NOTICE file
  distributed with this work for additional information
  regarding copyright ownership.  The ASF licenses this file
  to you under the Apache License, Version 2.0 (the
  "License"); you may not use this file except in compliance
  with the License.  You may obtain a copy of the License at
  
  http://www.apache.org/licenses/LICENSE-2.0
  
  Unless required by applicable law or agreed to in writing,
  software distributed under the License is distributed on an
  "AS IS" BASIS, WITHOUT WARRANTIES OR CONDITIONS OF ANY
  KIND, either express or implied.  See the License for the
  specific language governing permissions and limitations
  under the License.
  #L%
  -->

<jcr:root xmlns:per="http://www.peregrine-cms.com/jcr/cms/1.0" xmlns:sling="http://sling.apache.org/jcr/sling/1.0"
          xmlns:jcr="http://www.jcp.org/jcr/1.0" xmlns:nt="http://www.jcp.org/jcr/nt/1.0"
          jcr:primaryType="per:Object"
          jcr:title="sample"
          sling:resourceType="example/objects/allfields"
          colorfield="#ffad27" 
          singlechildren="[single item one,single item two,single item three]"
          textfield="Byron Ponce" 
          rangefield="50"  
          textarea="Lorem ipsum dolor sit amet." 
          texteditor="Lorem ipsum dolor sit amet." 
          checkbox="true" 
          switch="true" 
          pagePath="/content/example/pages"
          imagePath="/content/example/assets/images"
          date="2017-08-16" 
          time="19:30:00.000Z" 
          datetime="2017-09-01T01:30:00.000Z"
          radios="bp@headwire.com" 
          icon="material:material-icons:build"
          language="en">

  <author jcr:primaryType="nt:unstructured">
    <author0 
        jcr:primaryType="nt:unstructured" 
        name="Byron Ponce" 
        value="bp@headwire.com" />
    <author1 
        jcr:primaryType="nt:unstructured" 
        name="Ruben Reusser" 
        value="rr@headwire.com" />
    <author2  
        jcr:primaryType="nt:unstructured" 
        name="Dustin Pelland" 
        value="dp@headwire.com" />
  </author>

  <collection jcr:primaryType="nt:unstructured">
      <collection0 
        jcr:primaryType="nt:unstructured" 
        key="multi item one key" 
        value="multi item one value" />
      <collection1 
        jcr:primaryType="nt:unstructured" 
        key="multi item two key" 
        value="multi item two value" />
      <collection2 
        jcr:primaryType="nt:unstructured" 
        key="multi item three key" 
        value="multi item three value" />
  </collection>
</jcr:root>
