<?xml version="1.0" encoding="UTF-8"?>
<!--
  #%L
  example site - UI Apps
  %%
  Copyright (C) 2017 headwire inc.
  %%
  Licensed to the Apache Software Foundation (ASF) under one
  or more contributor license agreements.  See the NOTICE file
  distributed with this work for additional information
  regarding copyright ownership.  The ASF licenses this file
  to you under the Apache License, Version 2.0 (the
  "License"); you may not use this file except in compliance
  with the License.  You may obtain a copy of the License at
  
  http://www.apache.org/licenses/LICENSE-2.0
  
  Unless required by applicable law or agreed to in writing,
  software distributed under the License is distributed on an
  "AS IS" BASIS, WITHOUT WARRANTIES OR CONDITIONS OF ANY
  KIND, either express or implied.  See the License for the
  specific language governing permissions and limitations
  under the License.
  #L%
  -->

<jcr:root xmlns:sling="http://sling.apache.org/jcr/sling/1.0" xmlns:jcr="http://www.jcp.org/jcr/1.0" xmlns:nt="http://www.jcp.org/jcr/nt/1.0"
          jcr:primaryType="per:Component"
          jcr:title="Text"
          group="Content"
          >
    <!--<jcr:content-->
            <!--jcr:primaryType="nt:unstructured"-->
            <!--text="example">-->
    <!--</jcr:content>-->
    <jcr:content
        jcr:primaryType="nt:unstructured"
        __variations="true"
    >
        <v1 jcr:primaryType="nt:unstructured" title="Text Lorem ipsum">
            <jcr:content jcr:primaryType="nt:unstructured"
                         text="Lorem ipsum dolor sit amet, consectetur adipiscing elit. Sed facilisis sem fringilla, commodo erat id, ultricies orci. Etiam sit amet eleifend ipsum. Phasellus vitae purus metus. Sed et eros enim. Pellentesque habitant morbi tristique senectus et netus et malesuada fames ac turpis egestas. Phasellus in ullamcorper augue. Aenean accumsan dictum nibh non sollicitudin. Integer venenatis nisi in nulla posuere, vitae congue sem lacinia. Sed vulputate feugiat quam, dapibus condimentum diam congue id. Sed condimentum metus mauris, vitae ultricies leo rutrum a. Ut cursus a nisi id tincidunt. Mauris dui enim, vehicula eget ante sit amet, pretium elementum orci. In hac habitasse platea dictumst. Nunc faucibus nibh vitae placerat feugiat. Nulla ac maximus sem. Duis ullamcorper lacinia erat, sollicitudin blandit nisl tempor at."
            />
        </v1>
        <v2 jcr:primaryType="nt:unstructured" title="Text Integer vel">
            <jcr:content jcr:primaryType="nt:unstructured"
                         text="Integer vel ornare mauris, a volutpat quam. Nunc ullamcorper in sapien vel elementum. Ut porttitor semper dolor, sit amet gravida nulla maximus quis. Vivamus accumsan aliquet ligula sit amet tristique. Morbi porta, est nec egestas eleifend, lacus justo cursus lorem, ut venenatis quam neque quis massa. Proin pellentesque tincidunt sagittis. Nam eget libero nec nibh laoreet pharetra eu vitae purus. Integer lacinia viverra sollicitudin. Etiam eget mauris et purus pharetra lacinia a vitae nulla. Nulla mattis metus lacus, iaculis bibendum velit interdum nec."
            />
        </v2>
    </jcr:content>
</jcr:root>
