<?xml version="1.0" encoding="UTF-8"?>
<jcr:root xmlns:sling="http://sling.apache.org/jcr/sling/1.0" xmlns:jcr="http://www.jcp.org/jcr/1.0" xmlns:nt="http://www.jcp.org/jcr/nt/1.0"
            jcr:primaryType="per:Page"
            jcr:title="tf-cl | quotesample-blockquote"
            jcr:description="quotesample-blockquote themecleanflex component library"
>
    <jcr:content
        jcr:primaryType="per:PageContent"
        sling:resourceType="themecleanflex/components/page"
        jcr:title="quotesample-blockquote"
        description="quotesample-blockquote themecleanflex component library"
        brand="themecleanflex"
        template="/content/themecleanflex/templates"
            ><clheader
            jcr:primaryType="nt:unstructured" sling:resourceType="themecleanflex/components/header" htmlelement="header" backgroundtype="color" bgcolor="#eeeeee" colorscheme="light" toppadding="10" bottompadding="10" bgvideo="https://www.youtube.com/embed/Ju86mknumYM" collapsed="false" logo="/content/themecleanflex/assets/samples/peregrine-logo.svg" logoalttext="Peregrine CMS Logo" logourl="/content/themecleanflex/pages/library.html" logosize="60" buttonsize="default"><elevation jcr:primaryType="nt:unstructured"></elevation>
    <links jcr:primaryType="nt:unstructured"></links>
    <buttons jcr:primaryType="nt:unstructured"></buttons>
            </clheader><clbreadcrumb
        colorscheme="light"
        custombackground="false"
        backgroundtype="color"
        bgcolor="#eeeeee"
        htmlelement="nav"
        jcr:primaryType="nt:unstructured" sling:resourceType="themecleanflex/components/breadcrumb" level="2"><toppadding jcr:primaryType="nt:unstructured"></toppadding>
        <bottompadding jcr:primaryType="nt:unstructured"></bottompadding>
        </clbreadcrumb><pager0
        colorscheme="light"
        toppadding="30"
        bottompadding="30"
        custombackground="false"
        backgroundtype="color"
        bgcolor="#eeeeee"
        htmlelement="nav"
        prevlabel="&lt; previous"
        nextlabel="next &gt;"
        jcr:primaryType="nt:unstructured" sling:resourceType="themecleanflex/components/pager">
        </pager0><container59
            jcr:primaryType="nt:unstructured"
            sling:resourceType="themecleanflex/components/container"
            htmlelement="main">
            [object Object]<title1 jcr:primaryType="nt:unstructured" 
            sling:resourceType="themecleanflex/components/richtext" 
            toppadding="25"
            bottompadding="25"
            custombackground="true"
            backgroundtype="color"
            bgcolor="#eeeeee"
            text="&lt;h2&gt;Quote - Block Sample Variation - background: color; colorscheme: dark; fullheight: true (.hidden)&lt;/h2&gt;">
        </title1><quote2
        jcr:primaryType="nt:unstructured" sling:resourceType="themecleanflex/components/quote" text="&lt;p&gt;If you think you can do a thing or think you cant do a thing, youre right. &lt;/p&gt;&lt;/i&gt;- Henry Ford&lt;/i&gt;" blockquote="true" blockwidth="article" toppadding="30" bottompadding="30" custombackground="true" bgsize="cover" backgroundtype="color" bgcolor="#ff80c0" colorscheme="dark" fullheight="true">
        </quote2><title3 jcr:primaryType="nt:unstructured" 
            sling:resourceType="themecleanflex/components/richtext" 
            toppadding="25"
            bottompadding="25"
            custombackground="true"
            backgroundtype="color"
            bgcolor="#eeeeee"
            text="&lt;h2&gt;Quote - Block Sample Variation - background: color; colorscheme: light; fullheight: false (.hidden)&lt;/h2&gt;">
        </title3><quote4
        jcr:primaryType="nt:unstructured" sling:resourceType="themecleanflex/components/quote" text="&lt;p&gt;If you think you can do a thing or think you cant do a thing, youre right. &lt;/p&gt;&lt;/i&gt;- Henry Ford&lt;/i&gt;" blockquote="true" blockwidth="article" toppadding="30" bottompadding="30" custombackground="true" bgsize="cover" backgroundtype="color" bgcolor="#ff80c0" colorscheme="light" fullheight="false">
        </quote4><title5 jcr:primaryType="nt:unstructured" 
            sling:resourceType="themecleanflex/components/richtext" 
            toppadding="25"
            bottompadding="25"
            custombackground="true"
            backgroundtype="color"
            bgcolor="#eeeeee"
            text="&lt;h2&gt;Quote - Block Sample Variation - background: color; colorscheme: light; fullheight: true (.hidden)&lt;/h2&gt;">
        </title5><quote6
        jcr:primaryType="nt:unstructured" sling:resourceType="themecleanflex/components/quote" text="&lt;p&gt;If you think you can do a thing or think you cant do a thing, youre right. &lt;/p&gt;&lt;/i&gt;- Henry Ford&lt;/i&gt;" blockquote="true" blockwidth="article" toppadding="30" bottompadding="30" custombackground="true" bgsize="cover" backgroundtype="color" bgcolor="#ff80c0" colorscheme="light" fullheight="true">
        </quote6><title7 jcr:primaryType="nt:unstructured" 
            sling:resourceType="themecleanflex/components/richtext" 
            toppadding="25"
            bottompadding="25"
            custombackground="true"
            backgroundtype="color"
            bgcolor="#eeeeee"
            text="&lt;h2&gt;Quote - Block Sample Variation - background: color; colorscheme: none; fullheight: false (.hidden)&lt;/h2&gt;">
        </title7><quote8
        jcr:primaryType="nt:unstructured" sling:resourceType="themecleanflex/components/quote" text="&lt;p&gt;If you think you can do a thing or think you cant do a thing, youre right. &lt;/p&gt;&lt;/i&gt;- Henry Ford&lt;/i&gt;" blockquote="true" blockwidth="article" toppadding="30" bottompadding="30" custombackground="true" bgsize="cover" backgroundtype="color" bgcolor="#ff80c0" colorscheme="" fullheight="false">
        </quote8><title9 jcr:primaryType="nt:unstructured" 
            sling:resourceType="themecleanflex/components/richtext" 
            toppadding="25"
            bottompadding="25"
            custombackground="true"
            backgroundtype="color"
            bgcolor="#eeeeee"
            text="&lt;h2&gt;Quote - Block Sample Variation - background: color; colorscheme: none; fullheight: true (.hidden)&lt;/h2&gt;">
        </title9><quote10
        jcr:primaryType="nt:unstructured" sling:resourceType="themecleanflex/components/quote" text="&lt;p&gt;If you think you can do a thing or think you cant do a thing, youre right. &lt;/p&gt;&lt;/i&gt;- Henry Ford&lt;/i&gt;" blockquote="true" blockwidth="article" toppadding="30" bottompadding="30" custombackground="true" bgsize="cover" backgroundtype="color" bgcolor="#ff80c0" colorscheme="" fullheight="true">
        </quote10><title11 jcr:primaryType="nt:unstructured" 
            sling:resourceType="themecleanflex/components/richtext" 
            toppadding="25"
            bottompadding="25"
            custombackground="true"
            backgroundtype="color"
            bgcolor="#eeeeee"
            text="&lt;h2&gt;Quote - Block Sample Variation - background: gradient; colorscheme: dark; fullheight: false (.hidden)&lt;/h2&gt;">
        </title11><quote12
        jcr:primaryType="nt:unstructured" sling:resourceType="themecleanflex/components/quote" text="&lt;p&gt;If you think you can do a thing or think you cant do a thing, youre right. &lt;/p&gt;&lt;/i&gt;- Henry Ford&lt;/i&gt;" blockquote="true" blockwidth="article" toppadding="30" bottompadding="30" custombackground="true" bgsize="cover" backgroundtype="gradient" bgcolor="#ff8040" color2="#0080ff" colorscheme="dark" fullheight="false">
        </quote12><title13 jcr:primaryType="nt:unstructured" 
            sling:resourceType="themecleanflex/components/richtext" 
            toppadding="25"
            bottompadding="25"
            custombackground="true"
            backgroundtype="color"
            bgcolor="#eeeeee"
            text="&lt;h2&gt;Quote - Block Sample Variation - background: gradient; colorscheme: dark; fullheight: true (.hidden)&lt;/h2&gt;">
        </title13><quote14
        jcr:primaryType="nt:unstructured" sling:resourceType="themecleanflex/components/quote" text="&lt;p&gt;If you think you can do a thing or think you cant do a thing, youre right. &lt;/p&gt;&lt;/i&gt;- Henry Ford&lt;/i&gt;" blockquote="true" blockwidth="article" toppadding="30" bottompadding="30" custombackground="true" bgsize="cover" backgroundtype="gradient" bgcolor="#ff8040" color2="#0080ff" colorscheme="dark" fullheight="true">
        </quote14><title15 jcr:primaryType="nt:unstructured" 
            sling:resourceType="themecleanflex/components/richtext" 
            toppadding="25"
            bottompadding="25"
            custombackground="true"
            backgroundtype="color"
            bgcolor="#eeeeee"
            text="&lt;h2&gt;Quote - Block Sample Variation - background: gradient; colorscheme: light; fullheight: false (.hidden)&lt;/h2&gt;">
        </title15><quote16
        jcr:primaryType="nt:unstructured" sling:resourceType="themecleanflex/components/quote" text="&lt;p&gt;If you think you can do a thing or think you cant do a thing, youre right. &lt;/p&gt;&lt;/i&gt;- Henry Ford&lt;/i&gt;" blockquote="true" blockwidth="article" toppadding="30" bottompadding="30" custombackground="true" bgsize="cover" backgroundtype="gradient" bgcolor="#ff8040" color2="#0080ff" colorscheme="light" fullheight="false">
        </quote16><title17 jcr:primaryType="nt:unstructured" 
            sling:resourceType="themecleanflex/components/richtext" 
            toppadding="25"
            bottompadding="25"
            custombackground="true"
            backgroundtype="color"
            bgcolor="#eeeeee"
            text="&lt;h2&gt;Quote - Block Sample Variation - background: gradient; colorscheme: light; fullheight: true (.hidden)&lt;/h2&gt;">
        </title17><quote18
        jcr:primaryType="nt:unstructured" sling:resourceType="themecleanflex/components/quote" text="&lt;p&gt;If you think you can do a thing or think you cant do a thing, youre right. &lt;/p&gt;&lt;/i&gt;- Henry Ford&lt;/i&gt;" blockquote="true" blockwidth="article" toppadding="30" bottompadding="30" custombackground="true" bgsize="cover" backgroundtype="gradient" bgcolor="#ff8040" color2="#0080ff" colorscheme="light" fullheight="true">
        </quote18><title19 jcr:primaryType="nt:unstructured" 
            sling:resourceType="themecleanflex/components/richtext" 
            toppadding="25"
            bottompadding="25"
            custombackground="true"
            backgroundtype="color"
            bgcolor="#eeeeee"
            text="&lt;h2&gt;Quote - Block Sample Variation - background: gradient; colorscheme: none; fullheight: false (.hidden)&lt;/h2&gt;">
        </title19><quote20
        jcr:primaryType="nt:unstructured" sling:resourceType="themecleanflex/components/quote" text="&lt;p&gt;If you think you can do a thing or think you cant do a thing, youre right. &lt;/p&gt;&lt;/i&gt;- Henry Ford&lt;/i&gt;" blockquote="true" blockwidth="article" toppadding="30" bottompadding="30" custombackground="true" bgsize="cover" backgroundtype="gradient" bgcolor="#ff8040" color2="#0080ff" colorscheme="" fullheight="false">
        </quote20><title21 jcr:primaryType="nt:unstructured" 
            sling:resourceType="themecleanflex/components/richtext" 
            toppadding="25"
            bottompadding="25"
            custombackground="true"
            backgroundtype="color"
            bgcolor="#eeeeee"
            text="&lt;h2&gt;Quote - Block Sample Variation - background: gradient; colorscheme: none; fullheight: true (.hidden)&lt;/h2&gt;">
        </title21><quote22
        jcr:primaryType="nt:unstructured" sling:resourceType="themecleanflex/components/quote" text="&lt;p&gt;If you think you can do a thing or think you cant do a thing, youre right. &lt;/p&gt;&lt;/i&gt;- Henry Ford&lt;/i&gt;" blockquote="true" blockwidth="article" toppadding="30" bottompadding="30" custombackground="true" bgsize="cover" backgroundtype="gradient" bgcolor="#ff8040" color2="#0080ff" colorscheme="" fullheight="true">
        </quote22><title23 jcr:primaryType="nt:unstructured" 
            sling:resourceType="themecleanflex/components/richtext" 
            toppadding="25"
            bottompadding="25"
            custombackground="true"
            backgroundtype="color"
            bgcolor="#eeeeee"
            text="&lt;h2&gt;Quote - Block Sample Variation - background: image; colorscheme: dark; fullheight: false (.hidden)&lt;/h2&gt;">
        </title23><quote24
        jcr:primaryType="nt:unstructured" sling:resourceType="themecleanflex/components/quote" text="&lt;p&gt;If you think you can do a thing or think you cant do a thing, youre right. &lt;/p&gt;&lt;/i&gt;- Henry Ford&lt;/i&gt;" blockquote="true" blockwidth="article" toppadding="30" bottompadding="30" custombackground="true" bgsize="cover" backgroundtype="image" bgimage="/content/themecleanflex/assets/samples/beach-bird-s-eye-view-daytime-1249586.jpg" colorscheme="dark" fullheight="false">
        </quote24><title25 jcr:primaryType="nt:unstructured" 
            sling:resourceType="themecleanflex/components/richtext" 
            toppadding="25"
            bottompadding="25"
            custombackground="true"
            backgroundtype="color"
            bgcolor="#eeeeee"
            text="&lt;h2&gt;Quote - Block Sample Variation - background: image; colorscheme: dark; fullheight: true (.hidden)&lt;/h2&gt;">
        </title25><quote26
        jcr:primaryType="nt:unstructured" sling:resourceType="themecleanflex/components/quote" text="&lt;p&gt;If you think you can do a thing or think you cant do a thing, youre right. &lt;/p&gt;&lt;/i&gt;- Henry Ford&lt;/i&gt;" blockquote="true" blockwidth="article" toppadding="30" bottompadding="30" custombackground="true" bgsize="cover" backgroundtype="image" bgimage="/content/themecleanflex/assets/samples/beach-bird-s-eye-view-daytime-1249586.jpg" colorscheme="dark" fullheight="true">
        </quote26><title27 jcr:primaryType="nt:unstructured" 
            sling:resourceType="themecleanflex/components/richtext" 
            toppadding="25"
            bottompadding="25"
            custombackground="true"
            backgroundtype="color"
            bgcolor="#eeeeee"
            text="&lt;h2&gt;Quote - Block Sample Variation - background: image; colorscheme: light; fullheight: false (.hidden)&lt;/h2&gt;">
        </title27><quote28
        jcr:primaryType="nt:unstructured" sling:resourceType="themecleanflex/components/quote" text="&lt;p&gt;If you think you can do a thing or think you cant do a thing, youre right. &lt;/p&gt;&lt;/i&gt;- Henry Ford&lt;/i&gt;" blockquote="true" blockwidth="article" toppadding="30" bottompadding="30" custombackground="true" bgsize="cover" backgroundtype="image" bgimage="/content/themecleanflex/assets/samples/beach-bird-s-eye-view-daytime-1249586.jpg" colorscheme="light" fullheight="false">
        </quote28><title29 jcr:primaryType="nt:unstructured" 
            sling:resourceType="themecleanflex/components/richtext" 
            toppadding="25"
            bottompadding="25"
            custombackground="true"
            backgroundtype="color"
            bgcolor="#eeeeee"
            text="&lt;h2&gt;Quote - Block Sample Variation - background: image; colorscheme: light; fullheight: true (.hidden)&lt;/h2&gt;">
        </title29><quote30
        jcr:primaryType="nt:unstructured" sling:resourceType="themecleanflex/components/quote" text="&lt;p&gt;If you think you can do a thing or think you cant do a thing, youre right. &lt;/p&gt;&lt;/i&gt;- Henry Ford&lt;/i&gt;" blockquote="true" blockwidth="article" toppadding="30" bottompadding="30" custombackground="true" bgsize="cover" backgroundtype="image" bgimage="/content/themecleanflex/assets/samples/beach-bird-s-eye-view-daytime-1249586.jpg" colorscheme="light" fullheight="true">
        </quote30><title31 jcr:primaryType="nt:unstructured" 
            sling:resourceType="themecleanflex/components/richtext" 
            toppadding="25"
            bottompadding="25"
            custombackground="true"
            backgroundtype="color"
            bgcolor="#eeeeee"
            text="&lt;h2&gt;Quote - Block Sample Variation - background: image; colorscheme: none; fullheight: false (.hidden)&lt;/h2&gt;">
        </title31><quote32
        jcr:primaryType="nt:unstructured" sling:resourceType="themecleanflex/components/quote" text="&lt;p&gt;If you think you can do a thing or think you cant do a thing, youre right. &lt;/p&gt;&lt;/i&gt;- Henry Ford&lt;/i&gt;" blockquote="true" blockwidth="article" toppadding="30" bottompadding="30" custombackground="true" bgsize="cover" backgroundtype="image" bgimage="/content/themecleanflex/assets/samples/beach-bird-s-eye-view-daytime-1249586.jpg" colorscheme="" fullheight="false">
        </quote32><title33 jcr:primaryType="nt:unstructured" 
            sling:resourceType="themecleanflex/components/richtext" 
            toppadding="25"
            bottompadding="25"
            custombackground="true"
            backgroundtype="color"
            bgcolor="#eeeeee"
            text="&lt;h2&gt;Quote - Block Sample Variation - background: image; colorscheme: none; fullheight: true (.hidden)&lt;/h2&gt;">
        </title33><quote34
        jcr:primaryType="nt:unstructured" sling:resourceType="themecleanflex/components/quote" text="&lt;p&gt;If you think you can do a thing or think you cant do a thing, youre right. &lt;/p&gt;&lt;/i&gt;- Henry Ford&lt;/i&gt;" blockquote="true" blockwidth="article" toppadding="30" bottompadding="30" custombackground="true" bgsize="cover" backgroundtype="image" bgimage="/content/themecleanflex/assets/samples/beach-bird-s-eye-view-daytime-1249586.jpg" colorscheme="" fullheight="true">
        </quote34><title35 jcr:primaryType="nt:unstructured" 
            sling:resourceType="themecleanflex/components/richtext" 
            toppadding="25"
            bottompadding="25"
            custombackground="true"
            backgroundtype="color"
            bgcolor="#eeeeee"
            text="&lt;h2&gt;Quote - Block Sample Variation - background: none; colorscheme: dark; fullheight: false (.hidden)&lt;/h2&gt;">
        </title35><quote36
        jcr:primaryType="nt:unstructured" sling:resourceType="themecleanflex/components/quote" text="&lt;p&gt;If you think you can do a thing or think you cant do a thing, youre right. &lt;/p&gt;&lt;/i&gt;- Henry Ford&lt;/i&gt;" blockquote="true" blockwidth="article" toppadding="30" bottompadding="30" custombackground="false" colorscheme="dark" fullheight="false">
        </quote36><title37 jcr:primaryType="nt:unstructured" 
            sling:resourceType="themecleanflex/components/richtext" 
            toppadding="25"
            bottompadding="25"
            custombackground="true"
            backgroundtype="color"
            bgcolor="#eeeeee"
            text="&lt;h2&gt;Quote - Block Sample Variation - background: none; colorscheme: dark; fullheight: true (.hidden)&lt;/h2&gt;">
        </title37><quote38
        jcr:primaryType="nt:unstructured" sling:resourceType="themecleanflex/components/quote" text="&lt;p&gt;If you think you can do a thing or think you cant do a thing, youre right. &lt;/p&gt;&lt;/i&gt;- Henry Ford&lt;/i&gt;" blockquote="true" blockwidth="article" toppadding="30" bottompadding="30" custombackground="false" colorscheme="dark" fullheight="true">
        </quote38><title39 jcr:primaryType="nt:unstructured" 
            sling:resourceType="themecleanflex/components/richtext" 
            toppadding="25"
            bottompadding="25"
            custombackground="true"
            backgroundtype="color"
            bgcolor="#eeeeee"
            text="&lt;h2&gt;Quote - Block Sample Variation - background: none; colorscheme: light; fullheight: false (.hidden)&lt;/h2&gt;">
        </title39><quote40
        jcr:primaryType="nt:unstructured" sling:resourceType="themecleanflex/components/quote" text="&lt;p&gt;If you think you can do a thing or think you cant do a thing, youre right. &lt;/p&gt;&lt;/i&gt;- Henry Ford&lt;/i&gt;" blockquote="true" blockwidth="article" toppadding="30" bottompadding="30" custombackground="false" colorscheme="light" fullheight="false">
        </quote40><title41 jcr:primaryType="nt:unstructured" 
            sling:resourceType="themecleanflex/components/richtext" 
            toppadding="25"
            bottompadding="25"
            custombackground="true"
            backgroundtype="color"
            bgcolor="#eeeeee"
            text="&lt;h2&gt;Quote - Block Sample Variation - background: none; colorscheme: light; fullheight: true (.hidden)&lt;/h2&gt;">
        </title41><quote42
        jcr:primaryType="nt:unstructured" sling:resourceType="themecleanflex/components/quote" text="&lt;p&gt;If you think you can do a thing or think you cant do a thing, youre right. &lt;/p&gt;&lt;/i&gt;- Henry Ford&lt;/i&gt;" blockquote="true" blockwidth="article" toppadding="30" bottompadding="30" custombackground="false" colorscheme="light" fullheight="true">
        </quote42><title43 jcr:primaryType="nt:unstructured" 
            sling:resourceType="themecleanflex/components/richtext" 
            toppadding="25"
            bottompadding="25"
            custombackground="true"
            backgroundtype="color"
            bgcolor="#eeeeee"
            text="&lt;h2&gt;Quote - Block Sample Variation - background: none; colorscheme: none; fullheight: false (.hidden)&lt;/h2&gt;">
        </title43><quote44
        jcr:primaryType="nt:unstructured" sling:resourceType="themecleanflex/components/quote" text="&lt;p&gt;If you think you can do a thing or think you cant do a thing, youre right. &lt;/p&gt;&lt;/i&gt;- Henry Ford&lt;/i&gt;" blockquote="true" blockwidth="article" toppadding="30" bottompadding="30" custombackground="false" colorscheme="" fullheight="false">
        </quote44><title45 jcr:primaryType="nt:unstructured" 
            sling:resourceType="themecleanflex/components/richtext" 
            toppadding="25"
            bottompadding="25"
            custombackground="true"
            backgroundtype="color"
            bgcolor="#eeeeee"
            text="&lt;h2&gt;Quote - Block Sample Variation - background: none; colorscheme: none; fullheight: true (.hidden)&lt;/h2&gt;">
        </title45><quote46
        jcr:primaryType="nt:unstructured" sling:resourceType="themecleanflex/components/quote" text="&lt;p&gt;If you think you can do a thing or think you cant do a thing, youre right. &lt;/p&gt;&lt;/i&gt;- Henry Ford&lt;/i&gt;" blockquote="true" blockwidth="article" toppadding="30" bottompadding="30" custombackground="false" colorscheme="" fullheight="true">
        </quote46><title47 jcr:primaryType="nt:unstructured" 
            sling:resourceType="themecleanflex/components/richtext" 
            toppadding="25"
            bottompadding="25"
            custombackground="true"
            backgroundtype="color"
            bgcolor="#eeeeee"
            text="&lt;h2&gt;Quote - Block Sample Variation - background: video; colorscheme: dark; fullheight: false (.hidden)&lt;/h2&gt;">
        </title47><quote48
        jcr:primaryType="nt:unstructured" sling:resourceType="themecleanflex/components/quote" text="&lt;p&gt;If you think you can do a thing or think you cant do a thing, youre right. &lt;/p&gt;&lt;/i&gt;- Henry Ford&lt;/i&gt;" blockquote="true" blockwidth="article" toppadding="30" bottompadding="30" custombackground="true" bgsize="cover" backgroundtype="video" bgvideo="https://www.youtube.com/embed/Ju86mknumYM" colorscheme="dark" fullheight="false">
        </quote48><title49 jcr:primaryType="nt:unstructured" 
            sling:resourceType="themecleanflex/components/richtext" 
            toppadding="25"
            bottompadding="25"
            custombackground="true"
            backgroundtype="color"
            bgcolor="#eeeeee"
            text="&lt;h2&gt;Quote - Block Sample Variation - background: video; colorscheme: dark; fullheight: true (.hidden)&lt;/h2&gt;">
        </title49><quote50
        jcr:primaryType="nt:unstructured" sling:resourceType="themecleanflex/components/quote" text="&lt;p&gt;If you think you can do a thing or think you cant do a thing, youre right. &lt;/p&gt;&lt;/i&gt;- Henry Ford&lt;/i&gt;" blockquote="true" blockwidth="article" toppadding="30" bottompadding="30" custombackground="true" bgsize="cover" backgroundtype="video" bgvideo="https://www.youtube.com/embed/Ju86mknumYM" colorscheme="dark" fullheight="true">
        </quote50><title51 jcr:primaryType="nt:unstructured" 
            sling:resourceType="themecleanflex/components/richtext" 
            toppadding="25"
            bottompadding="25"
            custombackground="true"
            backgroundtype="color"
            bgcolor="#eeeeee"
            text="&lt;h2&gt;Quote - Block Sample Variation - background: video; colorscheme: light; fullheight: false (.hidden)&lt;/h2&gt;">
        </title51><quote52
        jcr:primaryType="nt:unstructured" sling:resourceType="themecleanflex/components/quote" text="&lt;p&gt;If you think you can do a thing or think you cant do a thing, youre right. &lt;/p&gt;&lt;/i&gt;- Henry Ford&lt;/i&gt;" blockquote="true" blockwidth="article" toppadding="30" bottompadding="30" custombackground="true" bgsize="cover" backgroundtype="video" bgvideo="https://www.youtube.com/embed/Ju86mknumYM" colorscheme="light" fullheight="false">
        </quote52><title53 jcr:primaryType="nt:unstructured" 
            sling:resourceType="themecleanflex/components/richtext" 
            toppadding="25"
            bottompadding="25"
            custombackground="true"
            backgroundtype="color"
            bgcolor="#eeeeee"
            text="&lt;h2&gt;Quote - Block Sample Variation - background: video; colorscheme: light; fullheight: true (.hidden)&lt;/h2&gt;">
        </title53><quote54
        jcr:primaryType="nt:unstructured" sling:resourceType="themecleanflex/components/quote" text="&lt;p&gt;If you think you can do a thing or think you cant do a thing, youre right. &lt;/p&gt;&lt;/i&gt;- Henry Ford&lt;/i&gt;" blockquote="true" blockwidth="article" toppadding="30" bottompadding="30" custombackground="true" bgsize="cover" backgroundtype="video" bgvideo="https://www.youtube.com/embed/Ju86mknumYM" colorscheme="light" fullheight="true">
        </quote54><title55 jcr:primaryType="nt:unstructured" 
            sling:resourceType="themecleanflex/components/richtext" 
            toppadding="25"
            bottompadding="25"
            custombackground="true"
            backgroundtype="color"
            bgcolor="#eeeeee"
            text="&lt;h2&gt;Quote - Block Sample Variation - background: video; colorscheme: none; fullheight: false (.hidden)&lt;/h2&gt;">
        </title55><quote56
        jcr:primaryType="nt:unstructured" sling:resourceType="themecleanflex/components/quote" text="&lt;p&gt;If you think you can do a thing or think you cant do a thing, youre right. &lt;/p&gt;&lt;/i&gt;- Henry Ford&lt;/i&gt;" blockquote="true" blockwidth="article" toppadding="30" bottompadding="30" custombackground="true" bgsize="cover" backgroundtype="video" bgvideo="https://www.youtube.com/embed/Ju86mknumYM" colorscheme="" fullheight="false">
        </quote56><title57 jcr:primaryType="nt:unstructured" 
            sling:resourceType="themecleanflex/components/richtext" 
            toppadding="25"
            bottompadding="25"
            custombackground="true"
            backgroundtype="color"
            bgcolor="#eeeeee"
            text="&lt;h2&gt;Quote - Block Sample Variation - background: video; colorscheme: none; fullheight: true (.hidden)&lt;/h2&gt;">
        </title57><quote58
        jcr:primaryType="nt:unstructured" sling:resourceType="themecleanflex/components/quote" text="&lt;p&gt;If you think you can do a thing or think you cant do a thing, youre right. &lt;/p&gt;&lt;/i&gt;- Henry Ford&lt;/i&gt;" blockquote="true" blockwidth="article" toppadding="30" bottompadding="30" custombackground="true" bgsize="cover" backgroundtype="video" bgvideo="https://www.youtube.com/embed/Ju86mknumYM" colorscheme="" fullheight="true">
        </quote58>
        </container59><pager60
        colorscheme="light"
        toppadding="30"
        bottompadding="30"
        custombackground="false"
        backgroundtype="color"
        bgcolor="#eeeeee"
        htmlelement="nav"
        prevlabel="&lt; previous"
        nextlabel="next &gt;"
        jcr:primaryType="nt:unstructured" sling:resourceType="themecleanflex/components/pager">
        </pager60>
        <clfooter
        jcr:primaryType="nt:unstructured" sling:resourceType="themecleanflex/components/footer" htmlelement="footer" backgroundtype="color" bgcolor="#eeeeee" bottompadding="0" toppadding="30" colorscheme="light" showlogo="true" logo="/content/themecleanflex/assets/samples/peregrine-logo.svg" logourl="/content/themecleanflex/pages/library.html" logoalttext="Peregrine CMS Logo" logosize="60" copyright="Copyright 2019 Peregrine - All Rights Reserved">
        <columns jcr:primaryType="nt:unstructured">
        <c3
        jcr:primaryType="nt:unstructured" title="" text="">
        </c3><c4
        jcr:primaryType="nt:unstructured" title="Contact" text="&lt;p&gt;info@headwire.com&lt;br&gt;&lt;/p&gt;">
        </c4><c5
        jcr:primaryType="nt:unstructured" title="Location" text="&lt;p&gt;23293 S Pointe Drive, Laguna Hills, CA 92653&lt;/p&gt;">
        </c5></columns>
<icons jcr:primaryType="nt:unstructured"></icons>
        </clfooter>        
        </jcr:content></jcr:root>