<?xml version="1.0" encoding="UTF-8"?>
<!--
  #%L
  example site - UI Apps
  %%
  Copyright (C) 2017 headwire inc.
  %%
  Licensed to the Apache Software Foundation (ASF) under one
  or more contributor license agreements.  See the NOTICE file
  distributed with this work for additional information
  regarding copyright ownership.  The ASF licenses this file
  to you under the Apache License, Version 2.0 (the
  "License"); you may not use this file except in compliance
  with the License.  You may obtain a copy of the License at
  
  http://www.apache.org/licenses/LICENSE-2.0
  
  Unless required by applicable law or agreed to in writing,
  software distributed under the License is distributed on an
  "AS IS" BASIS, WITHOUT WARRANTIES OR CONDITIONS OF ANY
  KIND, either express or implied.  See the License for the
  specific language governing permissions and limitations
  under the License.
  #L%
  -->
<jcr:root
  xmlns:sling="http://sling.apache.org/jcr/sling/1.0"
  xmlns:jcr="http://www.jcp.org/jcr/1.0"
  xmlns:nt="http://www.jcp.org/jcr/nt/1.0"
  jcr:primaryType="per:Page">

  <jcr:content
    jcr:primaryType="per:PageContent"
    sling:resourceType="example/components/page"
    jcr:title="about"
    template="/content/example/templates/base">

    <content jcr:primaryType="nt:unstructured"
      sling:resourceType="example/components/container">

      <row jcr:primaryType="nt:unstructured"
        sling:resourceType="example/components/row">

        <col1 jcr:primaryType="nt:unstructured"
          sling:resourceType="example/components/col"
          classes="col-md-12">

          <carousel jcr:primaryType="nt:unstructured"
            sling:resourceType="example/components/carousel"
            interval="5000"
            pause="hover"
            ride="true"
            indicators="true"
            controls="true"
            wrap="true"
            keyboard="true">

            <slide1 jcr:primaryType="nt:unstructured"
              imagePath="/content/admin/assets/images/tesla.jpg"
              sling:resourceType="example/components/carouselItem"
              name="slide1"
              heading="ITS A TESLA"
              text="its not only a car"/>

            <slide2 jcr:primaryType="nt:unstructured"
              imagePath="/content/admin/assets/images/tesla1.jpg"
              sling:resourceType="example/components/carouselItem"
              name="slide2"/>

          </carousel>

          <text2 jcr:primaryType="nt:unstructured"
            sling:resourceType="example/components/text"
            text="this is the about page"/>
        </col1>

      </row>

    </content>

  </jcr:content>

</jcr:root>
