<?xml version="1.0" encoding="UTF-8"?>
<jcr:root xmlns:sling="http://sling.apache.org/jcr/sling/1.0" xmlns:jcr="http://www.jcp.org/jcr/1.0" xmlns:nt="http://www.jcp.org/jcr/nt/1.0"
            jcr:primaryType="per:Page"
            jcr:title="tf-cl | tabssample"
            jcr:description="tabssample themecleanflex component library"
>
    <jcr:content
        jcr:primaryType="per:PageContent"
        sling:resourceType="themecleanflex/components/page"
        jcr:title="tabssample"
        description="tabssample themecleanflex component library"
        brand="themecleanflex"
        template="/content/themecleanflex/templates"
            ><clheader
            jcr:primaryType="nt:unstructured" sling:resourceType="themecleanflex/components/header" htmlelement="header" backgroundtype="color" bgcolor="#eeeeee" colorscheme="light" toppadding="10" bottompadding="10" bgvideo="https://www.youtube.com/embed/Ju86mknumYM" collapsed="false" logo="/content/themecleanflex/assets/samples/peregrine-logo.svg" logoalttext="Peregrine CMS Logo" logourl="/content/themecleanflex/pages/library.html" logosize="60" buttonsize="default"><elevation jcr:primaryType="nt:unstructured"></elevation>
    <links jcr:primaryType="nt:unstructured"></links>
    <buttons jcr:primaryType="nt:unstructured"></buttons>
            </clheader><clbreadcrumb
        colorscheme="light"
        custombackground="false"
        backgroundtype="color"
        bgcolor="#eeeeee"
        htmlelement="nav"
        jcr:primaryType="nt:unstructured" sling:resourceType="themecleanflex/components/breadcrumb" level="2"><toppadding jcr:primaryType="nt:unstructured"></toppadding>
        <bottompadding jcr:primaryType="nt:unstructured"></bottompadding>
        </clbreadcrumb><pager0
        colorscheme="light"
        toppadding="30"
        bottompadding="30"
        custombackground="false"
        backgroundtype="color"
        bgcolor="#eeeeee"
        htmlelement="nav"
        prevlabel="&lt; previous"
        nextlabel="next &gt;"
        jcr:primaryType="nt:unstructured" sling:resourceType="themecleanflex/components/pager">
        </pager0><container146
            jcr:primaryType="nt:unstructured"
            sling:resourceType="themecleanflex/components/container"
            htmlelement="main">
            [object Object]<title1 jcr:primaryType="nt:unstructured" 
            sling:resourceType="themecleanflex/components/richtext" 
            toppadding="25"
            bottompadding="25"
            custombackground="true"
            backgroundtype="color"
            bgcolor="#eeeeee"
            text="&lt;h2&gt;Tabs - Example Sample Variation - background: color; colorscheme: dark; fullheight: true (.hidden)&lt;/h2&gt;">
        </title1><tabs5
        jcr:primaryType="nt:unstructured" sling:resourceType="themecleanflex/components/tabs" bgcolor="#ff80c0" color2="#e7e7e7" fullheight="true" backgroundtype="color" bottompadding="40" toppadding="10" showmedia="false" mediatype="image" imagesrc="/content/themecleanflex/assets/samples/beach-clouds-daytime_small.jpg" mediaposition="before" mediawidth="33" mediaiconsize="200" custombackground="true" bgsize="cover" colorscheme="dark"><tabs jcr:primaryType="nt:unstructured"><c2
        jcr:primaryType="nt:unstructured" text="&lt;p&gt;Lorem Ipsum is simply dummy text of the printing and typesetting industry. Lorem Ipsum has been the industry's standard dummy text ever since the 1500s&lt;/p&gt;" title="Learn More">
        </c2><c3
        jcr:primaryType="nt:unstructured" text="&lt;p&gt;when an unknown printer took a galley of type and scrambled it to make a type specimen book. It has survived not only five centuries, but also the leap into electronic typesetting&lt;/p&gt;" title="Contact Us">
        </c3><c4
        jcr:primaryType="nt:unstructured" text="&lt;p&gt;Again when an unknown printer took a galley of type and scrambled it to make a type specimen book. It has survived not only five centuries, but also the leap into electronic typesetting&lt;/p&gt;" title="About Us">
        </c4></tabs>
        </tabs5><title6 jcr:primaryType="nt:unstructured" 
            sling:resourceType="themecleanflex/components/richtext" 
            toppadding="25"
            bottompadding="25"
            custombackground="true"
            backgroundtype="color"
            bgcolor="#eeeeee"
            text="&lt;h2&gt;Tabs - Example Sample Variation - background: color; colorscheme: light; fullheight: false (.hidden)&lt;/h2&gt;">
        </title6><tabs10
        jcr:primaryType="nt:unstructured" sling:resourceType="themecleanflex/components/tabs" bgcolor="#ff80c0" color2="#e7e7e7" fullheight="false" backgroundtype="color" bottompadding="40" toppadding="10" showmedia="false" mediatype="image" imagesrc="/content/themecleanflex/assets/samples/beach-clouds-daytime_small.jpg" mediaposition="before" mediawidth="33" mediaiconsize="200" custombackground="true" bgsize="cover" colorscheme="light"><tabs jcr:primaryType="nt:unstructured"><c7
        jcr:primaryType="nt:unstructured" text="&lt;p&gt;Lorem Ipsum is simply dummy text of the printing and typesetting industry. Lorem Ipsum has been the industry's standard dummy text ever since the 1500s&lt;/p&gt;" title="Learn More">
        </c7><c8
        jcr:primaryType="nt:unstructured" text="&lt;p&gt;when an unknown printer took a galley of type and scrambled it to make a type specimen book. It has survived not only five centuries, but also the leap into electronic typesetting&lt;/p&gt;" title="Contact Us">
        </c8><c9
        jcr:primaryType="nt:unstructured" text="&lt;p&gt;Again when an unknown printer took a galley of type and scrambled it to make a type specimen book. It has survived not only five centuries, but also the leap into electronic typesetting&lt;/p&gt;" title="About Us">
        </c9></tabs>
        </tabs10><title11 jcr:primaryType="nt:unstructured" 
            sling:resourceType="themecleanflex/components/richtext" 
            toppadding="25"
            bottompadding="25"
            custombackground="true"
            backgroundtype="color"
            bgcolor="#eeeeee"
            text="&lt;h2&gt;Tabs - Example Sample Variation - background: color; colorscheme: light; fullheight: true (.hidden)&lt;/h2&gt;">
        </title11><tabs15
        jcr:primaryType="nt:unstructured" sling:resourceType="themecleanflex/components/tabs" bgcolor="#ff80c0" color2="#e7e7e7" fullheight="true" backgroundtype="color" bottompadding="40" toppadding="10" showmedia="false" mediatype="image" imagesrc="/content/themecleanflex/assets/samples/beach-clouds-daytime_small.jpg" mediaposition="before" mediawidth="33" mediaiconsize="200" custombackground="true" bgsize="cover" colorscheme="light"><tabs jcr:primaryType="nt:unstructured"><c12
        jcr:primaryType="nt:unstructured" text="&lt;p&gt;Lorem Ipsum is simply dummy text of the printing and typesetting industry. Lorem Ipsum has been the industry's standard dummy text ever since the 1500s&lt;/p&gt;" title="Learn More">
        </c12><c13
        jcr:primaryType="nt:unstructured" text="&lt;p&gt;when an unknown printer took a galley of type and scrambled it to make a type specimen book. It has survived not only five centuries, but also the leap into electronic typesetting&lt;/p&gt;" title="Contact Us">
        </c13><c14
        jcr:primaryType="nt:unstructured" text="&lt;p&gt;Again when an unknown printer took a galley of type and scrambled it to make a type specimen book. It has survived not only five centuries, but also the leap into electronic typesetting&lt;/p&gt;" title="About Us">
        </c14></tabs>
        </tabs15><title16 jcr:primaryType="nt:unstructured" 
            sling:resourceType="themecleanflex/components/richtext" 
            toppadding="25"
            bottompadding="25"
            custombackground="true"
            backgroundtype="color"
            bgcolor="#eeeeee"
            text="&lt;h2&gt;Tabs - Example Sample Variation - background: color; colorscheme: none; fullheight: false (.hidden)&lt;/h2&gt;">
        </title16><tabs20
        jcr:primaryType="nt:unstructured" sling:resourceType="themecleanflex/components/tabs" bgcolor="#ff80c0" color2="#e7e7e7" fullheight="false" backgroundtype="color" bottompadding="40" toppadding="10" showmedia="false" mediatype="image" imagesrc="/content/themecleanflex/assets/samples/beach-clouds-daytime_small.jpg" mediaposition="before" mediawidth="33" mediaiconsize="200" custombackground="true" bgsize="cover" colorscheme=""><tabs jcr:primaryType="nt:unstructured"><c17
        jcr:primaryType="nt:unstructured" text="&lt;p&gt;Lorem Ipsum is simply dummy text of the printing and typesetting industry. Lorem Ipsum has been the industry's standard dummy text ever since the 1500s&lt;/p&gt;" title="Learn More">
        </c17><c18
        jcr:primaryType="nt:unstructured" text="&lt;p&gt;when an unknown printer took a galley of type and scrambled it to make a type specimen book. It has survived not only five centuries, but also the leap into electronic typesetting&lt;/p&gt;" title="Contact Us">
        </c18><c19
        jcr:primaryType="nt:unstructured" text="&lt;p&gt;Again when an unknown printer took a galley of type and scrambled it to make a type specimen book. It has survived not only five centuries, but also the leap into electronic typesetting&lt;/p&gt;" title="About Us">
        </c19></tabs>
        </tabs20><title21 jcr:primaryType="nt:unstructured" 
            sling:resourceType="themecleanflex/components/richtext" 
            toppadding="25"
            bottompadding="25"
            custombackground="true"
            backgroundtype="color"
            bgcolor="#eeeeee"
            text="&lt;h2&gt;Tabs - Example Sample Variation - background: color; colorscheme: none; fullheight: true (.hidden)&lt;/h2&gt;">
        </title21><tabs25
        jcr:primaryType="nt:unstructured" sling:resourceType="themecleanflex/components/tabs" bgcolor="#ff80c0" color2="#e7e7e7" fullheight="true" backgroundtype="color" bottompadding="40" toppadding="10" showmedia="false" mediatype="image" imagesrc="/content/themecleanflex/assets/samples/beach-clouds-daytime_small.jpg" mediaposition="before" mediawidth="33" mediaiconsize="200" custombackground="true" bgsize="cover" colorscheme=""><tabs jcr:primaryType="nt:unstructured"><c22
        jcr:primaryType="nt:unstructured" text="&lt;p&gt;Lorem Ipsum is simply dummy text of the printing and typesetting industry. Lorem Ipsum has been the industry's standard dummy text ever since the 1500s&lt;/p&gt;" title="Learn More">
        </c22><c23
        jcr:primaryType="nt:unstructured" text="&lt;p&gt;when an unknown printer took a galley of type and scrambled it to make a type specimen book. It has survived not only five centuries, but also the leap into electronic typesetting&lt;/p&gt;" title="Contact Us">
        </c23><c24
        jcr:primaryType="nt:unstructured" text="&lt;p&gt;Again when an unknown printer took a galley of type and scrambled it to make a type specimen book. It has survived not only five centuries, but also the leap into electronic typesetting&lt;/p&gt;" title="About Us">
        </c24></tabs>
        </tabs25><title26 jcr:primaryType="nt:unstructured" 
            sling:resourceType="themecleanflex/components/richtext" 
            toppadding="25"
            bottompadding="25"
            custombackground="true"
            backgroundtype="color"
            bgcolor="#eeeeee"
            text="&lt;h2&gt;Tabs - Example Sample Variation - background: gradient; colorscheme: dark; fullheight: false (.hidden)&lt;/h2&gt;">
        </title26><tabs30
        jcr:primaryType="nt:unstructured" sling:resourceType="themecleanflex/components/tabs" bgcolor="#ff8040" color2="#0080ff" fullheight="false" backgroundtype="gradient" bottompadding="40" toppadding="10" showmedia="false" mediatype="image" imagesrc="/content/themecleanflex/assets/samples/beach-clouds-daytime_small.jpg" mediaposition="before" mediawidth="33" mediaiconsize="200" custombackground="true" bgsize="cover" colorscheme="dark"><tabs jcr:primaryType="nt:unstructured"><c27
        jcr:primaryType="nt:unstructured" text="&lt;p&gt;Lorem Ipsum is simply dummy text of the printing and typesetting industry. Lorem Ipsum has been the industry's standard dummy text ever since the 1500s&lt;/p&gt;" title="Learn More">
        </c27><c28
        jcr:primaryType="nt:unstructured" text="&lt;p&gt;when an unknown printer took a galley of type and scrambled it to make a type specimen book. It has survived not only five centuries, but also the leap into electronic typesetting&lt;/p&gt;" title="Contact Us">
        </c28><c29
        jcr:primaryType="nt:unstructured" text="&lt;p&gt;Again when an unknown printer took a galley of type and scrambled it to make a type specimen book. It has survived not only five centuries, but also the leap into electronic typesetting&lt;/p&gt;" title="About Us">
        </c29></tabs>
        </tabs30><title31 jcr:primaryType="nt:unstructured" 
            sling:resourceType="themecleanflex/components/richtext" 
            toppadding="25"
            bottompadding="25"
            custombackground="true"
            backgroundtype="color"
            bgcolor="#eeeeee"
            text="&lt;h2&gt;Tabs - Example Sample Variation - background: gradient; colorscheme: dark; fullheight: true (.hidden)&lt;/h2&gt;">
        </title31><tabs35
        jcr:primaryType="nt:unstructured" sling:resourceType="themecleanflex/components/tabs" bgcolor="#ff8040" color2="#0080ff" fullheight="true" backgroundtype="gradient" bottompadding="40" toppadding="10" showmedia="false" mediatype="image" imagesrc="/content/themecleanflex/assets/samples/beach-clouds-daytime_small.jpg" mediaposition="before" mediawidth="33" mediaiconsize="200" custombackground="true" bgsize="cover" colorscheme="dark"><tabs jcr:primaryType="nt:unstructured"><c32
        jcr:primaryType="nt:unstructured" text="&lt;p&gt;Lorem Ipsum is simply dummy text of the printing and typesetting industry. Lorem Ipsum has been the industry's standard dummy text ever since the 1500s&lt;/p&gt;" title="Learn More">
        </c32><c33
        jcr:primaryType="nt:unstructured" text="&lt;p&gt;when an unknown printer took a galley of type and scrambled it to make a type specimen book. It has survived not only five centuries, but also the leap into electronic typesetting&lt;/p&gt;" title="Contact Us">
        </c33><c34
        jcr:primaryType="nt:unstructured" text="&lt;p&gt;Again when an unknown printer took a galley of type and scrambled it to make a type specimen book. It has survived not only five centuries, but also the leap into electronic typesetting&lt;/p&gt;" title="About Us">
        </c34></tabs>
        </tabs35><title36 jcr:primaryType="nt:unstructured" 
            sling:resourceType="themecleanflex/components/richtext" 
            toppadding="25"
            bottompadding="25"
            custombackground="true"
            backgroundtype="color"
            bgcolor="#eeeeee"
            text="&lt;h2&gt;Tabs - Example Sample Variation - background: gradient; colorscheme: light; fullheight: false (.hidden)&lt;/h2&gt;">
        </title36><tabs40
        jcr:primaryType="nt:unstructured" sling:resourceType="themecleanflex/components/tabs" bgcolor="#ff8040" color2="#0080ff" fullheight="false" backgroundtype="gradient" bottompadding="40" toppadding="10" showmedia="false" mediatype="image" imagesrc="/content/themecleanflex/assets/samples/beach-clouds-daytime_small.jpg" mediaposition="before" mediawidth="33" mediaiconsize="200" custombackground="true" bgsize="cover" colorscheme="light"><tabs jcr:primaryType="nt:unstructured"><c37
        jcr:primaryType="nt:unstructured" text="&lt;p&gt;Lorem Ipsum is simply dummy text of the printing and typesetting industry. Lorem Ipsum has been the industry's standard dummy text ever since the 1500s&lt;/p&gt;" title="Learn More">
        </c37><c38
        jcr:primaryType="nt:unstructured" text="&lt;p&gt;when an unknown printer took a galley of type and scrambled it to make a type specimen book. It has survived not only five centuries, but also the leap into electronic typesetting&lt;/p&gt;" title="Contact Us">
        </c38><c39
        jcr:primaryType="nt:unstructured" text="&lt;p&gt;Again when an unknown printer took a galley of type and scrambled it to make a type specimen book. It has survived not only five centuries, but also the leap into electronic typesetting&lt;/p&gt;" title="About Us">
        </c39></tabs>
        </tabs40><title41 jcr:primaryType="nt:unstructured" 
            sling:resourceType="themecleanflex/components/richtext" 
            toppadding="25"
            bottompadding="25"
            custombackground="true"
            backgroundtype="color"
            bgcolor="#eeeeee"
            text="&lt;h2&gt;Tabs - Example Sample Variation - background: gradient; colorscheme: light; fullheight: true (.hidden)&lt;/h2&gt;">
        </title41><tabs45
        jcr:primaryType="nt:unstructured" sling:resourceType="themecleanflex/components/tabs" bgcolor="#ff8040" color2="#0080ff" fullheight="true" backgroundtype="gradient" bottompadding="40" toppadding="10" showmedia="false" mediatype="image" imagesrc="/content/themecleanflex/assets/samples/beach-clouds-daytime_small.jpg" mediaposition="before" mediawidth="33" mediaiconsize="200" custombackground="true" bgsize="cover" colorscheme="light"><tabs jcr:primaryType="nt:unstructured"><c42
        jcr:primaryType="nt:unstructured" text="&lt;p&gt;Lorem Ipsum is simply dummy text of the printing and typesetting industry. Lorem Ipsum has been the industry's standard dummy text ever since the 1500s&lt;/p&gt;" title="Learn More">
        </c42><c43
        jcr:primaryType="nt:unstructured" text="&lt;p&gt;when an unknown printer took a galley of type and scrambled it to make a type specimen book. It has survived not only five centuries, but also the leap into electronic typesetting&lt;/p&gt;" title="Contact Us">
        </c43><c44
        jcr:primaryType="nt:unstructured" text="&lt;p&gt;Again when an unknown printer took a galley of type and scrambled it to make a type specimen book. It has survived not only five centuries, but also the leap into electronic typesetting&lt;/p&gt;" title="About Us">
        </c44></tabs>
        </tabs45><title46 jcr:primaryType="nt:unstructured" 
            sling:resourceType="themecleanflex/components/richtext" 
            toppadding="25"
            bottompadding="25"
            custombackground="true"
            backgroundtype="color"
            bgcolor="#eeeeee"
            text="&lt;h2&gt;Tabs - Example Sample Variation - background: gradient; colorscheme: none; fullheight: false (.hidden)&lt;/h2&gt;">
        </title46><tabs50
        jcr:primaryType="nt:unstructured" sling:resourceType="themecleanflex/components/tabs" bgcolor="#ff8040" color2="#0080ff" fullheight="false" backgroundtype="gradient" bottompadding="40" toppadding="10" showmedia="false" mediatype="image" imagesrc="/content/themecleanflex/assets/samples/beach-clouds-daytime_small.jpg" mediaposition="before" mediawidth="33" mediaiconsize="200" custombackground="true" bgsize="cover" colorscheme=""><tabs jcr:primaryType="nt:unstructured"><c47
        jcr:primaryType="nt:unstructured" text="&lt;p&gt;Lorem Ipsum is simply dummy text of the printing and typesetting industry. Lorem Ipsum has been the industry's standard dummy text ever since the 1500s&lt;/p&gt;" title="Learn More">
        </c47><c48
        jcr:primaryType="nt:unstructured" text="&lt;p&gt;when an unknown printer took a galley of type and scrambled it to make a type specimen book. It has survived not only five centuries, but also the leap into electronic typesetting&lt;/p&gt;" title="Contact Us">
        </c48><c49
        jcr:primaryType="nt:unstructured" text="&lt;p&gt;Again when an unknown printer took a galley of type and scrambled it to make a type specimen book. It has survived not only five centuries, but also the leap into electronic typesetting&lt;/p&gt;" title="About Us">
        </c49></tabs>
        </tabs50><title51 jcr:primaryType="nt:unstructured" 
            sling:resourceType="themecleanflex/components/richtext" 
            toppadding="25"
            bottompadding="25"
            custombackground="true"
            backgroundtype="color"
            bgcolor="#eeeeee"
            text="&lt;h2&gt;Tabs - Example Sample Variation - background: gradient; colorscheme: none; fullheight: true (.hidden)&lt;/h2&gt;">
        </title51><tabs55
        jcr:primaryType="nt:unstructured" sling:resourceType="themecleanflex/components/tabs" bgcolor="#ff8040" color2="#0080ff" fullheight="true" backgroundtype="gradient" bottompadding="40" toppadding="10" showmedia="false" mediatype="image" imagesrc="/content/themecleanflex/assets/samples/beach-clouds-daytime_small.jpg" mediaposition="before" mediawidth="33" mediaiconsize="200" custombackground="true" bgsize="cover" colorscheme=""><tabs jcr:primaryType="nt:unstructured"><c52
        jcr:primaryType="nt:unstructured" text="&lt;p&gt;Lorem Ipsum is simply dummy text of the printing and typesetting industry. Lorem Ipsum has been the industry's standard dummy text ever since the 1500s&lt;/p&gt;" title="Learn More">
        </c52><c53
        jcr:primaryType="nt:unstructured" text="&lt;p&gt;when an unknown printer took a galley of type and scrambled it to make a type specimen book. It has survived not only five centuries, but also the leap into electronic typesetting&lt;/p&gt;" title="Contact Us">
        </c53><c54
        jcr:primaryType="nt:unstructured" text="&lt;p&gt;Again when an unknown printer took a galley of type and scrambled it to make a type specimen book. It has survived not only five centuries, but also the leap into electronic typesetting&lt;/p&gt;" title="About Us">
        </c54></tabs>
        </tabs55><title56 jcr:primaryType="nt:unstructured" 
            sling:resourceType="themecleanflex/components/richtext" 
            toppadding="25"
            bottompadding="25"
            custombackground="true"
            backgroundtype="color"
            bgcolor="#eeeeee"
            text="&lt;h2&gt;Tabs - Example Sample Variation - background: image; colorscheme: dark; fullheight: false (.hidden)&lt;/h2&gt;">
        </title56><tabs60
        jcr:primaryType="nt:unstructured" sling:resourceType="themecleanflex/components/tabs" bgcolor="#ffffff" color2="#e7e7e7" fullheight="false" backgroundtype="image" bottompadding="40" toppadding="10" showmedia="false" mediatype="image" imagesrc="/content/themecleanflex/assets/samples/beach-clouds-daytime_small.jpg" mediaposition="before" mediawidth="33" mediaiconsize="200" custombackground="true" bgsize="cover" bgimage="/content/themecleanflex/assets/samples/beach-bird-s-eye-view-daytime-1249586.jpg" colorscheme="dark"><tabs jcr:primaryType="nt:unstructured"><c57
        jcr:primaryType="nt:unstructured" text="&lt;p&gt;Lorem Ipsum is simply dummy text of the printing and typesetting industry. Lorem Ipsum has been the industry's standard dummy text ever since the 1500s&lt;/p&gt;" title="Learn More">
        </c57><c58
        jcr:primaryType="nt:unstructured" text="&lt;p&gt;when an unknown printer took a galley of type and scrambled it to make a type specimen book. It has survived not only five centuries, but also the leap into electronic typesetting&lt;/p&gt;" title="Contact Us">
        </c58><c59
        jcr:primaryType="nt:unstructured" text="&lt;p&gt;Again when an unknown printer took a galley of type and scrambled it to make a type specimen book. It has survived not only five centuries, but also the leap into electronic typesetting&lt;/p&gt;" title="About Us">
        </c59></tabs>
        </tabs60><title61 jcr:primaryType="nt:unstructured" 
            sling:resourceType="themecleanflex/components/richtext" 
            toppadding="25"
            bottompadding="25"
            custombackground="true"
            backgroundtype="color"
            bgcolor="#eeeeee"
            text="&lt;h2&gt;Tabs - Example Sample Variation - background: image; colorscheme: dark; fullheight: true (.hidden)&lt;/h2&gt;">
        </title61><tabs65
        jcr:primaryType="nt:unstructured" sling:resourceType="themecleanflex/components/tabs" bgcolor="#ffffff" color2="#e7e7e7" fullheight="true" backgroundtype="image" bottompadding="40" toppadding="10" showmedia="false" mediatype="image" imagesrc="/content/themecleanflex/assets/samples/beach-clouds-daytime_small.jpg" mediaposition="before" mediawidth="33" mediaiconsize="200" custombackground="true" bgsize="cover" bgimage="/content/themecleanflex/assets/samples/beach-bird-s-eye-view-daytime-1249586.jpg" colorscheme="dark"><tabs jcr:primaryType="nt:unstructured"><c62
        jcr:primaryType="nt:unstructured" text="&lt;p&gt;Lorem Ipsum is simply dummy text of the printing and typesetting industry. Lorem Ipsum has been the industry's standard dummy text ever since the 1500s&lt;/p&gt;" title="Learn More">
        </c62><c63
        jcr:primaryType="nt:unstructured" text="&lt;p&gt;when an unknown printer took a galley of type and scrambled it to make a type specimen book. It has survived not only five centuries, but also the leap into electronic typesetting&lt;/p&gt;" title="Contact Us">
        </c63><c64
        jcr:primaryType="nt:unstructured" text="&lt;p&gt;Again when an unknown printer took a galley of type and scrambled it to make a type specimen book. It has survived not only five centuries, but also the leap into electronic typesetting&lt;/p&gt;" title="About Us">
        </c64></tabs>
        </tabs65><title66 jcr:primaryType="nt:unstructured" 
            sling:resourceType="themecleanflex/components/richtext" 
            toppadding="25"
            bottompadding="25"
            custombackground="true"
            backgroundtype="color"
            bgcolor="#eeeeee"
            text="&lt;h2&gt;Tabs - Example Sample Variation - background: image; colorscheme: light; fullheight: false (.hidden)&lt;/h2&gt;">
        </title66><tabs70
        jcr:primaryType="nt:unstructured" sling:resourceType="themecleanflex/components/tabs" bgcolor="#ffffff" color2="#e7e7e7" fullheight="false" backgroundtype="image" bottompadding="40" toppadding="10" showmedia="false" mediatype="image" imagesrc="/content/themecleanflex/assets/samples/beach-clouds-daytime_small.jpg" mediaposition="before" mediawidth="33" mediaiconsize="200" custombackground="true" bgsize="cover" bgimage="/content/themecleanflex/assets/samples/beach-bird-s-eye-view-daytime-1249586.jpg" colorscheme="light"><tabs jcr:primaryType="nt:unstructured"><c67
        jcr:primaryType="nt:unstructured" text="&lt;p&gt;Lorem Ipsum is simply dummy text of the printing and typesetting industry. Lorem Ipsum has been the industry's standard dummy text ever since the 1500s&lt;/p&gt;" title="Learn More">
        </c67><c68
        jcr:primaryType="nt:unstructured" text="&lt;p&gt;when an unknown printer took a galley of type and scrambled it to make a type specimen book. It has survived not only five centuries, but also the leap into electronic typesetting&lt;/p&gt;" title="Contact Us">
        </c68><c69
        jcr:primaryType="nt:unstructured" text="&lt;p&gt;Again when an unknown printer took a galley of type and scrambled it to make a type specimen book. It has survived not only five centuries, but also the leap into electronic typesetting&lt;/p&gt;" title="About Us">
        </c69></tabs>
        </tabs70><title71 jcr:primaryType="nt:unstructured" 
            sling:resourceType="themecleanflex/components/richtext" 
            toppadding="25"
            bottompadding="25"
            custombackground="true"
            backgroundtype="color"
            bgcolor="#eeeeee"
            text="&lt;h2&gt;Tabs - Example Sample Variation - background: image; colorscheme: light; fullheight: true (.hidden)&lt;/h2&gt;">
        </title71><tabs75
        jcr:primaryType="nt:unstructured" sling:resourceType="themecleanflex/components/tabs" bgcolor="#ffffff" color2="#e7e7e7" fullheight="true" backgroundtype="image" bottompadding="40" toppadding="10" showmedia="false" mediatype="image" imagesrc="/content/themecleanflex/assets/samples/beach-clouds-daytime_small.jpg" mediaposition="before" mediawidth="33" mediaiconsize="200" custombackground="true" bgsize="cover" bgimage="/content/themecleanflex/assets/samples/beach-bird-s-eye-view-daytime-1249586.jpg" colorscheme="light"><tabs jcr:primaryType="nt:unstructured"><c72
        jcr:primaryType="nt:unstructured" text="&lt;p&gt;Lorem Ipsum is simply dummy text of the printing and typesetting industry. Lorem Ipsum has been the industry's standard dummy text ever since the 1500s&lt;/p&gt;" title="Learn More">
        </c72><c73
        jcr:primaryType="nt:unstructured" text="&lt;p&gt;when an unknown printer took a galley of type and scrambled it to make a type specimen book. It has survived not only five centuries, but also the leap into electronic typesetting&lt;/p&gt;" title="Contact Us">
        </c73><c74
        jcr:primaryType="nt:unstructured" text="&lt;p&gt;Again when an unknown printer took a galley of type and scrambled it to make a type specimen book. It has survived not only five centuries, but also the leap into electronic typesetting&lt;/p&gt;" title="About Us">
        </c74></tabs>
        </tabs75><title76 jcr:primaryType="nt:unstructured" 
            sling:resourceType="themecleanflex/components/richtext" 
            toppadding="25"
            bottompadding="25"
            custombackground="true"
            backgroundtype="color"
            bgcolor="#eeeeee"
            text="&lt;h2&gt;Tabs - Example Sample Variation - background: image; colorscheme: none; fullheight: false (.hidden)&lt;/h2&gt;">
        </title76><tabs80
        jcr:primaryType="nt:unstructured" sling:resourceType="themecleanflex/components/tabs" bgcolor="#ffffff" color2="#e7e7e7" fullheight="false" backgroundtype="image" bottompadding="40" toppadding="10" showmedia="false" mediatype="image" imagesrc="/content/themecleanflex/assets/samples/beach-clouds-daytime_small.jpg" mediaposition="before" mediawidth="33" mediaiconsize="200" custombackground="true" bgsize="cover" bgimage="/content/themecleanflex/assets/samples/beach-bird-s-eye-view-daytime-1249586.jpg" colorscheme=""><tabs jcr:primaryType="nt:unstructured"><c77
        jcr:primaryType="nt:unstructured" text="&lt;p&gt;Lorem Ipsum is simply dummy text of the printing and typesetting industry. Lorem Ipsum has been the industry's standard dummy text ever since the 1500s&lt;/p&gt;" title="Learn More">
        </c77><c78
        jcr:primaryType="nt:unstructured" text="&lt;p&gt;when an unknown printer took a galley of type and scrambled it to make a type specimen book. It has survived not only five centuries, but also the leap into electronic typesetting&lt;/p&gt;" title="Contact Us">
        </c78><c79
        jcr:primaryType="nt:unstructured" text="&lt;p&gt;Again when an unknown printer took a galley of type and scrambled it to make a type specimen book. It has survived not only five centuries, but also the leap into electronic typesetting&lt;/p&gt;" title="About Us">
        </c79></tabs>
        </tabs80><title81 jcr:primaryType="nt:unstructured" 
            sling:resourceType="themecleanflex/components/richtext" 
            toppadding="25"
            bottompadding="25"
            custombackground="true"
            backgroundtype="color"
            bgcolor="#eeeeee"
            text="&lt;h2&gt;Tabs - Example Sample Variation - background: image; colorscheme: none; fullheight: true (.hidden)&lt;/h2&gt;">
        </title81><tabs85
        jcr:primaryType="nt:unstructured" sling:resourceType="themecleanflex/components/tabs" bgcolor="#ffffff" color2="#e7e7e7" fullheight="true" backgroundtype="image" bottompadding="40" toppadding="10" showmedia="false" mediatype="image" imagesrc="/content/themecleanflex/assets/samples/beach-clouds-daytime_small.jpg" mediaposition="before" mediawidth="33" mediaiconsize="200" custombackground="true" bgsize="cover" bgimage="/content/themecleanflex/assets/samples/beach-bird-s-eye-view-daytime-1249586.jpg" colorscheme=""><tabs jcr:primaryType="nt:unstructured"><c82
        jcr:primaryType="nt:unstructured" text="&lt;p&gt;Lorem Ipsum is simply dummy text of the printing and typesetting industry. Lorem Ipsum has been the industry's standard dummy text ever since the 1500s&lt;/p&gt;" title="Learn More">
        </c82><c83
        jcr:primaryType="nt:unstructured" text="&lt;p&gt;when an unknown printer took a galley of type and scrambled it to make a type specimen book. It has survived not only five centuries, but also the leap into electronic typesetting&lt;/p&gt;" title="Contact Us">
        </c83><c84
        jcr:primaryType="nt:unstructured" text="&lt;p&gt;Again when an unknown printer took a galley of type and scrambled it to make a type specimen book. It has survived not only five centuries, but also the leap into electronic typesetting&lt;/p&gt;" title="About Us">
        </c84></tabs>
        </tabs85><title86 jcr:primaryType="nt:unstructured" 
            sling:resourceType="themecleanflex/components/richtext" 
            toppadding="25"
            bottompadding="25"
            custombackground="true"
            backgroundtype="color"
            bgcolor="#eeeeee"
            text="&lt;h2&gt;Tabs - Example Sample Variation - background: none; colorscheme: dark; fullheight: false (.hidden)&lt;/h2&gt;">
        </title86><tabs90
        jcr:primaryType="nt:unstructured" sling:resourceType="themecleanflex/components/tabs" bgcolor="#ffffff" color2="#e7e7e7" fullheight="false" backgroundtype="gradient" bottompadding="40" toppadding="10" showmedia="false" mediatype="image" imagesrc="/content/themecleanflex/assets/samples/beach-clouds-daytime_small.jpg" mediaposition="before" mediawidth="33" mediaiconsize="200" custombackground="false" colorscheme="dark"><tabs jcr:primaryType="nt:unstructured"><c87
        jcr:primaryType="nt:unstructured" text="&lt;p&gt;Lorem Ipsum is simply dummy text of the printing and typesetting industry. Lorem Ipsum has been the industry's standard dummy text ever since the 1500s&lt;/p&gt;" title="Learn More">
        </c87><c88
        jcr:primaryType="nt:unstructured" text="&lt;p&gt;when an unknown printer took a galley of type and scrambled it to make a type specimen book. It has survived not only five centuries, but also the leap into electronic typesetting&lt;/p&gt;" title="Contact Us">
        </c88><c89
        jcr:primaryType="nt:unstructured" text="&lt;p&gt;Again when an unknown printer took a galley of type and scrambled it to make a type specimen book. It has survived not only five centuries, but also the leap into electronic typesetting&lt;/p&gt;" title="About Us">
        </c89></tabs>
        </tabs90><title91 jcr:primaryType="nt:unstructured" 
            sling:resourceType="themecleanflex/components/richtext" 
            toppadding="25"
            bottompadding="25"
            custombackground="true"
            backgroundtype="color"
            bgcolor="#eeeeee"
            text="&lt;h2&gt;Tabs - Example Sample Variation - background: none; colorscheme: dark; fullheight: true (.hidden)&lt;/h2&gt;">
        </title91><tabs95
        jcr:primaryType="nt:unstructured" sling:resourceType="themecleanflex/components/tabs" bgcolor="#ffffff" color2="#e7e7e7" fullheight="true" backgroundtype="gradient" bottompadding="40" toppadding="10" showmedia="false" mediatype="image" imagesrc="/content/themecleanflex/assets/samples/beach-clouds-daytime_small.jpg" mediaposition="before" mediawidth="33" mediaiconsize="200" custombackground="false" colorscheme="dark"><tabs jcr:primaryType="nt:unstructured"><c92
        jcr:primaryType="nt:unstructured" text="&lt;p&gt;Lorem Ipsum is simply dummy text of the printing and typesetting industry. Lorem Ipsum has been the industry's standard dummy text ever since the 1500s&lt;/p&gt;" title="Learn More">
        </c92><c93
        jcr:primaryType="nt:unstructured" text="&lt;p&gt;when an unknown printer took a galley of type and scrambled it to make a type specimen book. It has survived not only five centuries, but also the leap into electronic typesetting&lt;/p&gt;" title="Contact Us">
        </c93><c94
        jcr:primaryType="nt:unstructured" text="&lt;p&gt;Again when an unknown printer took a galley of type and scrambled it to make a type specimen book. It has survived not only five centuries, but also the leap into electronic typesetting&lt;/p&gt;" title="About Us">
        </c94></tabs>
        </tabs95><title96 jcr:primaryType="nt:unstructured" 
            sling:resourceType="themecleanflex/components/richtext" 
            toppadding="25"
            bottompadding="25"
            custombackground="true"
            backgroundtype="color"
            bgcolor="#eeeeee"
            text="&lt;h2&gt;Tabs - Example Sample Variation - background: none; colorscheme: light; fullheight: false (.hidden)&lt;/h2&gt;">
        </title96><tabs100
        jcr:primaryType="nt:unstructured" sling:resourceType="themecleanflex/components/tabs" bgcolor="#ffffff" color2="#e7e7e7" fullheight="false" backgroundtype="gradient" bottompadding="40" toppadding="10" showmedia="false" mediatype="image" imagesrc="/content/themecleanflex/assets/samples/beach-clouds-daytime_small.jpg" mediaposition="before" mediawidth="33" mediaiconsize="200" custombackground="false" colorscheme="light"><tabs jcr:primaryType="nt:unstructured"><c97
        jcr:primaryType="nt:unstructured" text="&lt;p&gt;Lorem Ipsum is simply dummy text of the printing and typesetting industry. Lorem Ipsum has been the industry's standard dummy text ever since the 1500s&lt;/p&gt;" title="Learn More">
        </c97><c98
        jcr:primaryType="nt:unstructured" text="&lt;p&gt;when an unknown printer took a galley of type and scrambled it to make a type specimen book. It has survived not only five centuries, but also the leap into electronic typesetting&lt;/p&gt;" title="Contact Us">
        </c98><c99
        jcr:primaryType="nt:unstructured" text="&lt;p&gt;Again when an unknown printer took a galley of type and scrambled it to make a type specimen book. It has survived not only five centuries, but also the leap into electronic typesetting&lt;/p&gt;" title="About Us">
        </c99></tabs>
        </tabs100><title101 jcr:primaryType="nt:unstructured" 
            sling:resourceType="themecleanflex/components/richtext" 
            toppadding="25"
            bottompadding="25"
            custombackground="true"
            backgroundtype="color"
            bgcolor="#eeeeee"
            text="&lt;h2&gt;Tabs - Example Sample Variation - background: none; colorscheme: light; fullheight: true (.hidden)&lt;/h2&gt;">
        </title101><tabs105
        jcr:primaryType="nt:unstructured" sling:resourceType="themecleanflex/components/tabs" bgcolor="#ffffff" color2="#e7e7e7" fullheight="true" backgroundtype="gradient" bottompadding="40" toppadding="10" showmedia="false" mediatype="image" imagesrc="/content/themecleanflex/assets/samples/beach-clouds-daytime_small.jpg" mediaposition="before" mediawidth="33" mediaiconsize="200" custombackground="false" colorscheme="light"><tabs jcr:primaryType="nt:unstructured"><c102
        jcr:primaryType="nt:unstructured" text="&lt;p&gt;Lorem Ipsum is simply dummy text of the printing and typesetting industry. Lorem Ipsum has been the industry's standard dummy text ever since the 1500s&lt;/p&gt;" title="Learn More">
        </c102><c103
        jcr:primaryType="nt:unstructured" text="&lt;p&gt;when an unknown printer took a galley of type and scrambled it to make a type specimen book. It has survived not only five centuries, but also the leap into electronic typesetting&lt;/p&gt;" title="Contact Us">
        </c103><c104
        jcr:primaryType="nt:unstructured" text="&lt;p&gt;Again when an unknown printer took a galley of type and scrambled it to make a type specimen book. It has survived not only five centuries, but also the leap into electronic typesetting&lt;/p&gt;" title="About Us">
        </c104></tabs>
        </tabs105><title106 jcr:primaryType="nt:unstructured" 
            sling:resourceType="themecleanflex/components/richtext" 
            toppadding="25"
            bottompadding="25"
            custombackground="true"
            backgroundtype="color"
            bgcolor="#eeeeee"
            text="&lt;h2&gt;Tabs - Example Sample Variation - background: none; colorscheme: none; fullheight: false (.hidden)&lt;/h2&gt;">
        </title106><tabs110
        jcr:primaryType="nt:unstructured" sling:resourceType="themecleanflex/components/tabs" bgcolor="#ffffff" color2="#e7e7e7" fullheight="false" backgroundtype="gradient" bottompadding="40" toppadding="10" showmedia="false" mediatype="image" imagesrc="/content/themecleanflex/assets/samples/beach-clouds-daytime_small.jpg" mediaposition="before" mediawidth="33" mediaiconsize="200" custombackground="false" colorscheme=""><tabs jcr:primaryType="nt:unstructured"><c107
        jcr:primaryType="nt:unstructured" text="&lt;p&gt;Lorem Ipsum is simply dummy text of the printing and typesetting industry. Lorem Ipsum has been the industry's standard dummy text ever since the 1500s&lt;/p&gt;" title="Learn More">
        </c107><c108
        jcr:primaryType="nt:unstructured" text="&lt;p&gt;when an unknown printer took a galley of type and scrambled it to make a type specimen book. It has survived not only five centuries, but also the leap into electronic typesetting&lt;/p&gt;" title="Contact Us">
        </c108><c109
        jcr:primaryType="nt:unstructured" text="&lt;p&gt;Again when an unknown printer took a galley of type and scrambled it to make a type specimen book. It has survived not only five centuries, but also the leap into electronic typesetting&lt;/p&gt;" title="About Us">
        </c109></tabs>
        </tabs110><title111 jcr:primaryType="nt:unstructured" 
            sling:resourceType="themecleanflex/components/richtext" 
            toppadding="25"
            bottompadding="25"
            custombackground="true"
            backgroundtype="color"
            bgcolor="#eeeeee"
            text="&lt;h2&gt;Tabs - Example Sample Variation - background: none; colorscheme: none; fullheight: true (.hidden)&lt;/h2&gt;">
        </title111><tabs115
        jcr:primaryType="nt:unstructured" sling:resourceType="themecleanflex/components/tabs" bgcolor="#ffffff" color2="#e7e7e7" fullheight="true" backgroundtype="gradient" bottompadding="40" toppadding="10" showmedia="false" mediatype="image" imagesrc="/content/themecleanflex/assets/samples/beach-clouds-daytime_small.jpg" mediaposition="before" mediawidth="33" mediaiconsize="200" custombackground="false" colorscheme=""><tabs jcr:primaryType="nt:unstructured"><c112
        jcr:primaryType="nt:unstructured" text="&lt;p&gt;Lorem Ipsum is simply dummy text of the printing and typesetting industry. Lorem Ipsum has been the industry's standard dummy text ever since the 1500s&lt;/p&gt;" title="Learn More">
        </c112><c113
        jcr:primaryType="nt:unstructured" text="&lt;p&gt;when an unknown printer took a galley of type and scrambled it to make a type specimen book. It has survived not only five centuries, but also the leap into electronic typesetting&lt;/p&gt;" title="Contact Us">
        </c113><c114
        jcr:primaryType="nt:unstructured" text="&lt;p&gt;Again when an unknown printer took a galley of type and scrambled it to make a type specimen book. It has survived not only five centuries, but also the leap into electronic typesetting&lt;/p&gt;" title="About Us">
        </c114></tabs>
        </tabs115><title116 jcr:primaryType="nt:unstructured" 
            sling:resourceType="themecleanflex/components/richtext" 
            toppadding="25"
            bottompadding="25"
            custombackground="true"
            backgroundtype="color"
            bgcolor="#eeeeee"
            text="&lt;h2&gt;Tabs - Example Sample Variation - background: video; colorscheme: dark; fullheight: false (.hidden)&lt;/h2&gt;">
        </title116><tabs120
        jcr:primaryType="nt:unstructured" sling:resourceType="themecleanflex/components/tabs" bgcolor="#ffffff" color2="#e7e7e7" fullheight="false" backgroundtype="video" bottompadding="40" toppadding="10" showmedia="false" mediatype="image" imagesrc="/content/themecleanflex/assets/samples/beach-clouds-daytime_small.jpg" mediaposition="before" mediawidth="33" mediaiconsize="200" custombackground="true" bgsize="cover" bgvideo="https://www.youtube.com/embed/Ju86mknumYM" colorscheme="dark"><tabs jcr:primaryType="nt:unstructured"><c117
        jcr:primaryType="nt:unstructured" text="&lt;p&gt;Lorem Ipsum is simply dummy text of the printing and typesetting industry. Lorem Ipsum has been the industry's standard dummy text ever since the 1500s&lt;/p&gt;" title="Learn More">
        </c117><c118
        jcr:primaryType="nt:unstructured" text="&lt;p&gt;when an unknown printer took a galley of type and scrambled it to make a type specimen book. It has survived not only five centuries, but also the leap into electronic typesetting&lt;/p&gt;" title="Contact Us">
        </c118><c119
        jcr:primaryType="nt:unstructured" text="&lt;p&gt;Again when an unknown printer took a galley of type and scrambled it to make a type specimen book. It has survived not only five centuries, but also the leap into electronic typesetting&lt;/p&gt;" title="About Us">
        </c119></tabs>
        </tabs120><title121 jcr:primaryType="nt:unstructured" 
            sling:resourceType="themecleanflex/components/richtext" 
            toppadding="25"
            bottompadding="25"
            custombackground="true"
            backgroundtype="color"
            bgcolor="#eeeeee"
            text="&lt;h2&gt;Tabs - Example Sample Variation - background: video; colorscheme: dark; fullheight: true (.hidden)&lt;/h2&gt;">
        </title121><tabs125
        jcr:primaryType="nt:unstructured" sling:resourceType="themecleanflex/components/tabs" bgcolor="#ffffff" color2="#e7e7e7" fullheight="true" backgroundtype="video" bottompadding="40" toppadding="10" showmedia="false" mediatype="image" imagesrc="/content/themecleanflex/assets/samples/beach-clouds-daytime_small.jpg" mediaposition="before" mediawidth="33" mediaiconsize="200" custombackground="true" bgsize="cover" bgvideo="https://www.youtube.com/embed/Ju86mknumYM" colorscheme="dark"><tabs jcr:primaryType="nt:unstructured"><c122
        jcr:primaryType="nt:unstructured" text="&lt;p&gt;Lorem Ipsum is simply dummy text of the printing and typesetting industry. Lorem Ipsum has been the industry's standard dummy text ever since the 1500s&lt;/p&gt;" title="Learn More">
        </c122><c123
        jcr:primaryType="nt:unstructured" text="&lt;p&gt;when an unknown printer took a galley of type and scrambled it to make a type specimen book. It has survived not only five centuries, but also the leap into electronic typesetting&lt;/p&gt;" title="Contact Us">
        </c123><c124
        jcr:primaryType="nt:unstructured" text="&lt;p&gt;Again when an unknown printer took a galley of type and scrambled it to make a type specimen book. It has survived not only five centuries, but also the leap into electronic typesetting&lt;/p&gt;" title="About Us">
        </c124></tabs>
        </tabs125><title126 jcr:primaryType="nt:unstructured" 
            sling:resourceType="themecleanflex/components/richtext" 
            toppadding="25"
            bottompadding="25"
            custombackground="true"
            backgroundtype="color"
            bgcolor="#eeeeee"
            text="&lt;h2&gt;Tabs - Example Sample Variation - background: video; colorscheme: light; fullheight: false (.hidden)&lt;/h2&gt;">
        </title126><tabs130
        jcr:primaryType="nt:unstructured" sling:resourceType="themecleanflex/components/tabs" bgcolor="#ffffff" color2="#e7e7e7" fullheight="false" backgroundtype="video" bottompadding="40" toppadding="10" showmedia="false" mediatype="image" imagesrc="/content/themecleanflex/assets/samples/beach-clouds-daytime_small.jpg" mediaposition="before" mediawidth="33" mediaiconsize="200" custombackground="true" bgsize="cover" bgvideo="https://www.youtube.com/embed/Ju86mknumYM" colorscheme="light"><tabs jcr:primaryType="nt:unstructured"><c127
        jcr:primaryType="nt:unstructured" text="&lt;p&gt;Lorem Ipsum is simply dummy text of the printing and typesetting industry. Lorem Ipsum has been the industry's standard dummy text ever since the 1500s&lt;/p&gt;" title="Learn More">
        </c127><c128
        jcr:primaryType="nt:unstructured" text="&lt;p&gt;when an unknown printer took a galley of type and scrambled it to make a type specimen book. It has survived not only five centuries, but also the leap into electronic typesetting&lt;/p&gt;" title="Contact Us">
        </c128><c129
        jcr:primaryType="nt:unstructured" text="&lt;p&gt;Again when an unknown printer took a galley of type and scrambled it to make a type specimen book. It has survived not only five centuries, but also the leap into electronic typesetting&lt;/p&gt;" title="About Us">
        </c129></tabs>
        </tabs130><title131 jcr:primaryType="nt:unstructured" 
            sling:resourceType="themecleanflex/components/richtext" 
            toppadding="25"
            bottompadding="25"
            custombackground="true"
            backgroundtype="color"
            bgcolor="#eeeeee"
            text="&lt;h2&gt;Tabs - Example Sample Variation - background: video; colorscheme: light; fullheight: true (.hidden)&lt;/h2&gt;">
        </title131><tabs135
        jcr:primaryType="nt:unstructured" sling:resourceType="themecleanflex/components/tabs" bgcolor="#ffffff" color2="#e7e7e7" fullheight="true" backgroundtype="video" bottompadding="40" toppadding="10" showmedia="false" mediatype="image" imagesrc="/content/themecleanflex/assets/samples/beach-clouds-daytime_small.jpg" mediaposition="before" mediawidth="33" mediaiconsize="200" custombackground="true" bgsize="cover" bgvideo="https://www.youtube.com/embed/Ju86mknumYM" colorscheme="light"><tabs jcr:primaryType="nt:unstructured"><c132
        jcr:primaryType="nt:unstructured" text="&lt;p&gt;Lorem Ipsum is simply dummy text of the printing and typesetting industry. Lorem Ipsum has been the industry's standard dummy text ever since the 1500s&lt;/p&gt;" title="Learn More">
        </c132><c133
        jcr:primaryType="nt:unstructured" text="&lt;p&gt;when an unknown printer took a galley of type and scrambled it to make a type specimen book. It has survived not only five centuries, but also the leap into electronic typesetting&lt;/p&gt;" title="Contact Us">
        </c133><c134
        jcr:primaryType="nt:unstructured" text="&lt;p&gt;Again when an unknown printer took a galley of type and scrambled it to make a type specimen book. It has survived not only five centuries, but also the leap into electronic typesetting&lt;/p&gt;" title="About Us">
        </c134></tabs>
        </tabs135><title136 jcr:primaryType="nt:unstructured" 
            sling:resourceType="themecleanflex/components/richtext" 
            toppadding="25"
            bottompadding="25"
            custombackground="true"
            backgroundtype="color"
            bgcolor="#eeeeee"
            text="&lt;h2&gt;Tabs - Example Sample Variation - background: video; colorscheme: none; fullheight: false (.hidden)&lt;/h2&gt;">
        </title136><tabs140
        jcr:primaryType="nt:unstructured" sling:resourceType="themecleanflex/components/tabs" bgcolor="#ffffff" color2="#e7e7e7" fullheight="false" backgroundtype="video" bottompadding="40" toppadding="10" showmedia="false" mediatype="image" imagesrc="/content/themecleanflex/assets/samples/beach-clouds-daytime_small.jpg" mediaposition="before" mediawidth="33" mediaiconsize="200" custombackground="true" bgsize="cover" bgvideo="https://www.youtube.com/embed/Ju86mknumYM" colorscheme=""><tabs jcr:primaryType="nt:unstructured"><c137
        jcr:primaryType="nt:unstructured" text="&lt;p&gt;Lorem Ipsum is simply dummy text of the printing and typesetting industry. Lorem Ipsum has been the industry's standard dummy text ever since the 1500s&lt;/p&gt;" title="Learn More">
        </c137><c138
        jcr:primaryType="nt:unstructured" text="&lt;p&gt;when an unknown printer took a galley of type and scrambled it to make a type specimen book. It has survived not only five centuries, but also the leap into electronic typesetting&lt;/p&gt;" title="Contact Us">
        </c138><c139
        jcr:primaryType="nt:unstructured" text="&lt;p&gt;Again when an unknown printer took a galley of type and scrambled it to make a type specimen book. It has survived not only five centuries, but also the leap into electronic typesetting&lt;/p&gt;" title="About Us">
        </c139></tabs>
        </tabs140><title141 jcr:primaryType="nt:unstructured" 
            sling:resourceType="themecleanflex/components/richtext" 
            toppadding="25"
            bottompadding="25"
            custombackground="true"
            backgroundtype="color"
            bgcolor="#eeeeee"
            text="&lt;h2&gt;Tabs - Example Sample Variation - background: video; colorscheme: none; fullheight: true (.hidden)&lt;/h2&gt;">
        </title141><tabs145
        jcr:primaryType="nt:unstructured" sling:resourceType="themecleanflex/components/tabs" bgcolor="#ffffff" color2="#e7e7e7" fullheight="true" backgroundtype="video" bottompadding="40" toppadding="10" showmedia="false" mediatype="image" imagesrc="/content/themecleanflex/assets/samples/beach-clouds-daytime_small.jpg" mediaposition="before" mediawidth="33" mediaiconsize="200" custombackground="true" bgsize="cover" bgvideo="https://www.youtube.com/embed/Ju86mknumYM" colorscheme=""><tabs jcr:primaryType="nt:unstructured"><c142
        jcr:primaryType="nt:unstructured" text="&lt;p&gt;Lorem Ipsum is simply dummy text of the printing and typesetting industry. Lorem Ipsum has been the industry's standard dummy text ever since the 1500s&lt;/p&gt;" title="Learn More">
        </c142><c143
        jcr:primaryType="nt:unstructured" text="&lt;p&gt;when an unknown printer took a galley of type and scrambled it to make a type specimen book. It has survived not only five centuries, but also the leap into electronic typesetting&lt;/p&gt;" title="Contact Us">
        </c143><c144
        jcr:primaryType="nt:unstructured" text="&lt;p&gt;Again when an unknown printer took a galley of type and scrambled it to make a type specimen book. It has survived not only five centuries, but also the leap into electronic typesetting&lt;/p&gt;" title="About Us">
        </c144></tabs>
        </tabs145>
        </container146><pager147
        colorscheme="light"
        toppadding="30"
        bottompadding="30"
        custombackground="false"
        backgroundtype="color"
        bgcolor="#eeeeee"
        htmlelement="nav"
        prevlabel="&lt; previous"
        nextlabel="next &gt;"
        jcr:primaryType="nt:unstructured" sling:resourceType="themecleanflex/components/pager">
        </pager147>
        <clfooter
        jcr:primaryType="nt:unstructured" sling:resourceType="themecleanflex/components/footer" htmlelement="footer" backgroundtype="color" bgcolor="#eeeeee" bottompadding="0" toppadding="30" colorscheme="light" showlogo="true" logo="/content/themecleanflex/assets/samples/peregrine-logo.svg" logourl="/content/themecleanflex/pages/library.html" logoalttext="Peregrine CMS Logo" logosize="60" copyright="Copyright 2019 Peregrine - All Rights Reserved">
        <columns jcr:primaryType="nt:unstructured">
        <c3
        jcr:primaryType="nt:unstructured" title="" text="">
        </c3><c4
        jcr:primaryType="nt:unstructured" title="Contact" text="&lt;p&gt;info@headwire.com&lt;br&gt;&lt;/p&gt;">
        </c4><c5
        jcr:primaryType="nt:unstructured" title="Location" text="&lt;p&gt;23293 S Pointe Drive, Laguna Hills, CA 92653&lt;/p&gt;">
        </c5></columns>
<icons jcr:primaryType="nt:unstructured"></icons>
        </clfooter>        
        </jcr:content></jcr:root>