<?xml version="1.0" encoding="UTF-8"?>
<jcr:root xmlns:sling="http://sling.apache.org/jcr/sling/1.0" xmlns:jcr="http://www.jcp.org/jcr/1.0" xmlns:nt="http://www.jcp.org/jcr/nt/1.0"
            jcr:primaryType="per:Page"
            jcr:title="tf-cl | teaserhorizontalsample"
            jcr:description="teaserhorizontalsample themecleanflex component library"
>
    <jcr:content
        jcr:primaryType="per:PageContent"
        sling:resourceType="themecleanflex/components/page"
        jcr:title="teaserhorizontalsample"
        description="teaserhorizontalsample themecleanflex component library"
        brand="themecleanflex"
        template="/content/themecleanflex/templates"
            ><clheader
            jcr:primaryType="nt:unstructured" sling:resourceType="themecleanflex/components/header" htmlelement="header" backgroundtype="color" bgcolor="#eeeeee" colorscheme="light" toppadding="10" bottompadding="10" bgvideo="https://www.youtube.com/embed/Ju86mknumYM" collapsed="false" logo="/content/themecleanflex/assets/samples/peregrine-logo.svg" logoalttext="Peregrine CMS Logo" logourl="/content/themecleanflex/pages/library.html" logosize="60" buttonsize="default"><elevation jcr:primaryType="nt:unstructured"></elevation>
    <links jcr:primaryType="nt:unstructured"></links>
    <buttons jcr:primaryType="nt:unstructured"></buttons>
            </clheader><clbreadcrumb
        colorscheme="light"
        custombackground="false"
        backgroundtype="color"
        bgcolor="#eeeeee"
        htmlelement="nav"
        jcr:primaryType="nt:unstructured" sling:resourceType="themecleanflex/components/breadcrumb" level="2"><toppadding jcr:primaryType="nt:unstructured"></toppadding>
        <bottompadding jcr:primaryType="nt:unstructured"></bottompadding>
        </clbreadcrumb><pager0
        colorscheme="light"
        toppadding="30"
        bottompadding="30"
        custombackground="false"
        backgroundtype="color"
        bgcolor="#eeeeee"
        htmlelement="nav"
        prevlabel="&lt; previous"
        nextlabel="next &gt;"
        jcr:primaryType="nt:unstructured" sling:resourceType="themecleanflex/components/pager">
        </pager0><container117
            jcr:primaryType="nt:unstructured"
            sling:resourceType="themecleanflex/components/container"
            htmlelement="main">
            [object Object]<title1 jcr:primaryType="nt:unstructured" 
            sling:resourceType="themecleanflex/components/richtext" 
            toppadding="25"
            bottompadding="25"
            custombackground="true"
            backgroundtype="color"
            bgcolor="#eeeeee"
            text="&lt;h2&gt;Teaser Horizontal - Example Sample Variation - background: color; colorscheme: dark; fullheight: true (.hidden)&lt;/h2&gt;">
        </title1><teaserhorizontal4
        jcr:primaryType="nt:unstructured" sling:resourceType="themecleanflex/components/teaserhorizontal" aligncontent="left" showtitle="true" showsubtitle="true" showtext="true" showbutton="true" fullheight="true" textwidth="60" backgroundtype="color" bgcolor="#ff80c0" gradient="true" color2="#c0c0c0" bottompadding="30" toppadding="30" text="&lt;p&gt;Eligendi fugit asperiores et. Corrupti voluptatum quasi sit. Adipisci ut voluptatem necessitatibus cumque aspernatur.&lt;/p&gt;" isprimary="false" subtitle="Molestiae alias et inventore voluptas" title="Peregrine blocks" buttonsize="default" custombackground="true" bgsize="cover" colorscheme="dark"><buttons jcr:primaryType="nt:unstructured"><c2
        jcr:primaryType="nt:unstructured" buttonlink="/content/themecleanflex/pages" buttontext="See More" buttoncolor="primary" iconclass="">
        </c2><c3
        jcr:primaryType="nt:unstructured" buttonlink="/content/themecleanflex/pages" buttontext="About Us" buttoncolor="primary" iconclass="">
        </c3></buttons>
        </teaserhorizontal4><title5 jcr:primaryType="nt:unstructured" 
            sling:resourceType="themecleanflex/components/richtext" 
            toppadding="25"
            bottompadding="25"
            custombackground="true"
            backgroundtype="color"
            bgcolor="#eeeeee"
            text="&lt;h2&gt;Teaser Horizontal - Example Sample Variation - background: color; colorscheme: light; fullheight: false (.hidden)&lt;/h2&gt;">
        </title5><teaserhorizontal8
        jcr:primaryType="nt:unstructured" sling:resourceType="themecleanflex/components/teaserhorizontal" aligncontent="left" showtitle="true" showsubtitle="true" showtext="true" showbutton="true" fullheight="false" textwidth="60" backgroundtype="color" bgcolor="#ff80c0" gradient="true" color2="#c0c0c0" bottompadding="30" toppadding="30" text="&lt;p&gt;Eligendi fugit asperiores et. Corrupti voluptatum quasi sit. Adipisci ut voluptatem necessitatibus cumque aspernatur.&lt;/p&gt;" isprimary="false" subtitle="Molestiae alias et inventore voluptas" title="Peregrine blocks" buttonsize="default" custombackground="true" bgsize="cover" colorscheme="light"><buttons jcr:primaryType="nt:unstructured"><c6
        jcr:primaryType="nt:unstructured" buttonlink="/content/themecleanflex/pages" buttontext="See More" buttoncolor="primary" iconclass="">
        </c6><c7
        jcr:primaryType="nt:unstructured" buttonlink="/content/themecleanflex/pages" buttontext="About Us" buttoncolor="primary" iconclass="">
        </c7></buttons>
        </teaserhorizontal8><title9 jcr:primaryType="nt:unstructured" 
            sling:resourceType="themecleanflex/components/richtext" 
            toppadding="25"
            bottompadding="25"
            custombackground="true"
            backgroundtype="color"
            bgcolor="#eeeeee"
            text="&lt;h2&gt;Teaser Horizontal - Example Sample Variation - background: color; colorscheme: light; fullheight: true (.hidden)&lt;/h2&gt;">
        </title9><teaserhorizontal12
        jcr:primaryType="nt:unstructured" sling:resourceType="themecleanflex/components/teaserhorizontal" aligncontent="left" showtitle="true" showsubtitle="true" showtext="true" showbutton="true" fullheight="true" textwidth="60" backgroundtype="color" bgcolor="#ff80c0" gradient="true" color2="#c0c0c0" bottompadding="30" toppadding="30" text="&lt;p&gt;Eligendi fugit asperiores et. Corrupti voluptatum quasi sit. Adipisci ut voluptatem necessitatibus cumque aspernatur.&lt;/p&gt;" isprimary="false" subtitle="Molestiae alias et inventore voluptas" title="Peregrine blocks" buttonsize="default" custombackground="true" bgsize="cover" colorscheme="light"><buttons jcr:primaryType="nt:unstructured"><c10
        jcr:primaryType="nt:unstructured" buttonlink="/content/themecleanflex/pages" buttontext="See More" buttoncolor="primary" iconclass="">
        </c10><c11
        jcr:primaryType="nt:unstructured" buttonlink="/content/themecleanflex/pages" buttontext="About Us" buttoncolor="primary" iconclass="">
        </c11></buttons>
        </teaserhorizontal12><title13 jcr:primaryType="nt:unstructured" 
            sling:resourceType="themecleanflex/components/richtext" 
            toppadding="25"
            bottompadding="25"
            custombackground="true"
            backgroundtype="color"
            bgcolor="#eeeeee"
            text="&lt;h2&gt;Teaser Horizontal - Example Sample Variation - background: color; colorscheme: none; fullheight: false (.hidden)&lt;/h2&gt;">
        </title13><teaserhorizontal16
        jcr:primaryType="nt:unstructured" sling:resourceType="themecleanflex/components/teaserhorizontal" aligncontent="left" showtitle="true" showsubtitle="true" showtext="true" showbutton="true" fullheight="false" textwidth="60" backgroundtype="color" bgcolor="#ff80c0" gradient="true" color2="#c0c0c0" bottompadding="30" toppadding="30" text="&lt;p&gt;Eligendi fugit asperiores et. Corrupti voluptatum quasi sit. Adipisci ut voluptatem necessitatibus cumque aspernatur.&lt;/p&gt;" isprimary="false" subtitle="Molestiae alias et inventore voluptas" title="Peregrine blocks" buttonsize="default" custombackground="true" bgsize="cover" colorscheme=""><buttons jcr:primaryType="nt:unstructured"><c14
        jcr:primaryType="nt:unstructured" buttonlink="/content/themecleanflex/pages" buttontext="See More" buttoncolor="primary" iconclass="">
        </c14><c15
        jcr:primaryType="nt:unstructured" buttonlink="/content/themecleanflex/pages" buttontext="About Us" buttoncolor="primary" iconclass="">
        </c15></buttons>
        </teaserhorizontal16><title17 jcr:primaryType="nt:unstructured" 
            sling:resourceType="themecleanflex/components/richtext" 
            toppadding="25"
            bottompadding="25"
            custombackground="true"
            backgroundtype="color"
            bgcolor="#eeeeee"
            text="&lt;h2&gt;Teaser Horizontal - Example Sample Variation - background: color; colorscheme: none; fullheight: true (.hidden)&lt;/h2&gt;">
        </title17><teaserhorizontal20
        jcr:primaryType="nt:unstructured" sling:resourceType="themecleanflex/components/teaserhorizontal" aligncontent="left" showtitle="true" showsubtitle="true" showtext="true" showbutton="true" fullheight="true" textwidth="60" backgroundtype="color" bgcolor="#ff80c0" gradient="true" color2="#c0c0c0" bottompadding="30" toppadding="30" text="&lt;p&gt;Eligendi fugit asperiores et. Corrupti voluptatum quasi sit. Adipisci ut voluptatem necessitatibus cumque aspernatur.&lt;/p&gt;" isprimary="false" subtitle="Molestiae alias et inventore voluptas" title="Peregrine blocks" buttonsize="default" custombackground="true" bgsize="cover" colorscheme=""><buttons jcr:primaryType="nt:unstructured"><c18
        jcr:primaryType="nt:unstructured" buttonlink="/content/themecleanflex/pages" buttontext="See More" buttoncolor="primary" iconclass="">
        </c18><c19
        jcr:primaryType="nt:unstructured" buttonlink="/content/themecleanflex/pages" buttontext="About Us" buttoncolor="primary" iconclass="">
        </c19></buttons>
        </teaserhorizontal20><title21 jcr:primaryType="nt:unstructured" 
            sling:resourceType="themecleanflex/components/richtext" 
            toppadding="25"
            bottompadding="25"
            custombackground="true"
            backgroundtype="color"
            bgcolor="#eeeeee"
            text="&lt;h2&gt;Teaser Horizontal - Example Sample Variation - background: gradient; colorscheme: dark; fullheight: false (.hidden)&lt;/h2&gt;">
        </title21><teaserhorizontal24
        jcr:primaryType="nt:unstructured" sling:resourceType="themecleanflex/components/teaserhorizontal" aligncontent="left" showtitle="true" showsubtitle="true" showtext="true" showbutton="true" fullheight="false" textwidth="60" backgroundtype="gradient" bgcolor="#ff8040" gradient="true" color2="#0080ff" bottompadding="30" toppadding="30" text="&lt;p&gt;Eligendi fugit asperiores et. Corrupti voluptatum quasi sit. Adipisci ut voluptatem necessitatibus cumque aspernatur.&lt;/p&gt;" isprimary="false" subtitle="Molestiae alias et inventore voluptas" title="Peregrine blocks" buttonsize="default" custombackground="true" bgsize="cover" colorscheme="dark"><buttons jcr:primaryType="nt:unstructured"><c22
        jcr:primaryType="nt:unstructured" buttonlink="/content/themecleanflex/pages" buttontext="See More" buttoncolor="primary" iconclass="">
        </c22><c23
        jcr:primaryType="nt:unstructured" buttonlink="/content/themecleanflex/pages" buttontext="About Us" buttoncolor="primary" iconclass="">
        </c23></buttons>
        </teaserhorizontal24><title25 jcr:primaryType="nt:unstructured" 
            sling:resourceType="themecleanflex/components/richtext" 
            toppadding="25"
            bottompadding="25"
            custombackground="true"
            backgroundtype="color"
            bgcolor="#eeeeee"
            text="&lt;h2&gt;Teaser Horizontal - Example Sample Variation - background: gradient; colorscheme: dark; fullheight: true (.hidden)&lt;/h2&gt;">
        </title25><teaserhorizontal28
        jcr:primaryType="nt:unstructured" sling:resourceType="themecleanflex/components/teaserhorizontal" aligncontent="left" showtitle="true" showsubtitle="true" showtext="true" showbutton="true" fullheight="true" textwidth="60" backgroundtype="gradient" bgcolor="#ff8040" gradient="true" color2="#0080ff" bottompadding="30" toppadding="30" text="&lt;p&gt;Eligendi fugit asperiores et. Corrupti voluptatum quasi sit. Adipisci ut voluptatem necessitatibus cumque aspernatur.&lt;/p&gt;" isprimary="false" subtitle="Molestiae alias et inventore voluptas" title="Peregrine blocks" buttonsize="default" custombackground="true" bgsize="cover" colorscheme="dark"><buttons jcr:primaryType="nt:unstructured"><c26
        jcr:primaryType="nt:unstructured" buttonlink="/content/themecleanflex/pages" buttontext="See More" buttoncolor="primary" iconclass="">
        </c26><c27
        jcr:primaryType="nt:unstructured" buttonlink="/content/themecleanflex/pages" buttontext="About Us" buttoncolor="primary" iconclass="">
        </c27></buttons>
        </teaserhorizontal28><title29 jcr:primaryType="nt:unstructured" 
            sling:resourceType="themecleanflex/components/richtext" 
            toppadding="25"
            bottompadding="25"
            custombackground="true"
            backgroundtype="color"
            bgcolor="#eeeeee"
            text="&lt;h2&gt;Teaser Horizontal - Example Sample Variation - background: gradient; colorscheme: light; fullheight: false (.hidden)&lt;/h2&gt;">
        </title29><teaserhorizontal32
        jcr:primaryType="nt:unstructured" sling:resourceType="themecleanflex/components/teaserhorizontal" aligncontent="left" showtitle="true" showsubtitle="true" showtext="true" showbutton="true" fullheight="false" textwidth="60" backgroundtype="gradient" bgcolor="#ff8040" gradient="true" color2="#0080ff" bottompadding="30" toppadding="30" text="&lt;p&gt;Eligendi fugit asperiores et. Corrupti voluptatum quasi sit. Adipisci ut voluptatem necessitatibus cumque aspernatur.&lt;/p&gt;" isprimary="false" subtitle="Molestiae alias et inventore voluptas" title="Peregrine blocks" buttonsize="default" custombackground="true" bgsize="cover" colorscheme="light"><buttons jcr:primaryType="nt:unstructured"><c30
        jcr:primaryType="nt:unstructured" buttonlink="/content/themecleanflex/pages" buttontext="See More" buttoncolor="primary" iconclass="">
        </c30><c31
        jcr:primaryType="nt:unstructured" buttonlink="/content/themecleanflex/pages" buttontext="About Us" buttoncolor="primary" iconclass="">
        </c31></buttons>
        </teaserhorizontal32><title33 jcr:primaryType="nt:unstructured" 
            sling:resourceType="themecleanflex/components/richtext" 
            toppadding="25"
            bottompadding="25"
            custombackground="true"
            backgroundtype="color"
            bgcolor="#eeeeee"
            text="&lt;h2&gt;Teaser Horizontal - Example Sample Variation - background: gradient; colorscheme: light; fullheight: true (.hidden)&lt;/h2&gt;">
        </title33><teaserhorizontal36
        jcr:primaryType="nt:unstructured" sling:resourceType="themecleanflex/components/teaserhorizontal" aligncontent="left" showtitle="true" showsubtitle="true" showtext="true" showbutton="true" fullheight="true" textwidth="60" backgroundtype="gradient" bgcolor="#ff8040" gradient="true" color2="#0080ff" bottompadding="30" toppadding="30" text="&lt;p&gt;Eligendi fugit asperiores et. Corrupti voluptatum quasi sit. Adipisci ut voluptatem necessitatibus cumque aspernatur.&lt;/p&gt;" isprimary="false" subtitle="Molestiae alias et inventore voluptas" title="Peregrine blocks" buttonsize="default" custombackground="true" bgsize="cover" colorscheme="light"><buttons jcr:primaryType="nt:unstructured"><c34
        jcr:primaryType="nt:unstructured" buttonlink="/content/themecleanflex/pages" buttontext="See More" buttoncolor="primary" iconclass="">
        </c34><c35
        jcr:primaryType="nt:unstructured" buttonlink="/content/themecleanflex/pages" buttontext="About Us" buttoncolor="primary" iconclass="">
        </c35></buttons>
        </teaserhorizontal36><title37 jcr:primaryType="nt:unstructured" 
            sling:resourceType="themecleanflex/components/richtext" 
            toppadding="25"
            bottompadding="25"
            custombackground="true"
            backgroundtype="color"
            bgcolor="#eeeeee"
            text="&lt;h2&gt;Teaser Horizontal - Example Sample Variation - background: gradient; colorscheme: none; fullheight: false (.hidden)&lt;/h2&gt;">
        </title37><teaserhorizontal40
        jcr:primaryType="nt:unstructured" sling:resourceType="themecleanflex/components/teaserhorizontal" aligncontent="left" showtitle="true" showsubtitle="true" showtext="true" showbutton="true" fullheight="false" textwidth="60" backgroundtype="gradient" bgcolor="#ff8040" gradient="true" color2="#0080ff" bottompadding="30" toppadding="30" text="&lt;p&gt;Eligendi fugit asperiores et. Corrupti voluptatum quasi sit. Adipisci ut voluptatem necessitatibus cumque aspernatur.&lt;/p&gt;" isprimary="false" subtitle="Molestiae alias et inventore voluptas" title="Peregrine blocks" buttonsize="default" custombackground="true" bgsize="cover" colorscheme=""><buttons jcr:primaryType="nt:unstructured"><c38
        jcr:primaryType="nt:unstructured" buttonlink="/content/themecleanflex/pages" buttontext="See More" buttoncolor="primary" iconclass="">
        </c38><c39
        jcr:primaryType="nt:unstructured" buttonlink="/content/themecleanflex/pages" buttontext="About Us" buttoncolor="primary" iconclass="">
        </c39></buttons>
        </teaserhorizontal40><title41 jcr:primaryType="nt:unstructured" 
            sling:resourceType="themecleanflex/components/richtext" 
            toppadding="25"
            bottompadding="25"
            custombackground="true"
            backgroundtype="color"
            bgcolor="#eeeeee"
            text="&lt;h2&gt;Teaser Horizontal - Example Sample Variation - background: gradient; colorscheme: none; fullheight: true (.hidden)&lt;/h2&gt;">
        </title41><teaserhorizontal44
        jcr:primaryType="nt:unstructured" sling:resourceType="themecleanflex/components/teaserhorizontal" aligncontent="left" showtitle="true" showsubtitle="true" showtext="true" showbutton="true" fullheight="true" textwidth="60" backgroundtype="gradient" bgcolor="#ff8040" gradient="true" color2="#0080ff" bottompadding="30" toppadding="30" text="&lt;p&gt;Eligendi fugit asperiores et. Corrupti voluptatum quasi sit. Adipisci ut voluptatem necessitatibus cumque aspernatur.&lt;/p&gt;" isprimary="false" subtitle="Molestiae alias et inventore voluptas" title="Peregrine blocks" buttonsize="default" custombackground="true" bgsize="cover" colorscheme=""><buttons jcr:primaryType="nt:unstructured"><c42
        jcr:primaryType="nt:unstructured" buttonlink="/content/themecleanflex/pages" buttontext="See More" buttoncolor="primary" iconclass="">
        </c42><c43
        jcr:primaryType="nt:unstructured" buttonlink="/content/themecleanflex/pages" buttontext="About Us" buttoncolor="primary" iconclass="">
        </c43></buttons>
        </teaserhorizontal44><title45 jcr:primaryType="nt:unstructured" 
            sling:resourceType="themecleanflex/components/richtext" 
            toppadding="25"
            bottompadding="25"
            custombackground="true"
            backgroundtype="color"
            bgcolor="#eeeeee"
            text="&lt;h2&gt;Teaser Horizontal - Example Sample Variation - background: image; colorscheme: dark; fullheight: false (.hidden)&lt;/h2&gt;">
        </title45><teaserhorizontal48
        jcr:primaryType="nt:unstructured" sling:resourceType="themecleanflex/components/teaserhorizontal" aligncontent="left" showtitle="true" showsubtitle="true" showtext="true" showbutton="true" fullheight="false" textwidth="60" backgroundtype="image" bgcolor="#ffffff" gradient="true" color2="#c0c0c0" bottompadding="30" toppadding="30" text="&lt;p&gt;Eligendi fugit asperiores et. Corrupti voluptatum quasi sit. Adipisci ut voluptatem necessitatibus cumque aspernatur.&lt;/p&gt;" isprimary="false" subtitle="Molestiae alias et inventore voluptas" title="Peregrine blocks" buttonsize="default" custombackground="true" bgsize="cover" bgimage="/content/themecleanflex/assets/samples/beach-bird-s-eye-view-daytime-1249586.jpg" colorscheme="dark"><buttons jcr:primaryType="nt:unstructured"><c46
        jcr:primaryType="nt:unstructured" buttonlink="/content/themecleanflex/pages" buttontext="See More" buttoncolor="primary" iconclass="">
        </c46><c47
        jcr:primaryType="nt:unstructured" buttonlink="/content/themecleanflex/pages" buttontext="About Us" buttoncolor="primary" iconclass="">
        </c47></buttons>
        </teaserhorizontal48><title49 jcr:primaryType="nt:unstructured" 
            sling:resourceType="themecleanflex/components/richtext" 
            toppadding="25"
            bottompadding="25"
            custombackground="true"
            backgroundtype="color"
            bgcolor="#eeeeee"
            text="&lt;h2&gt;Teaser Horizontal - Example Sample Variation - background: image; colorscheme: dark; fullheight: true (.hidden)&lt;/h2&gt;">
        </title49><teaserhorizontal52
        jcr:primaryType="nt:unstructured" sling:resourceType="themecleanflex/components/teaserhorizontal" aligncontent="left" showtitle="true" showsubtitle="true" showtext="true" showbutton="true" fullheight="true" textwidth="60" backgroundtype="image" bgcolor="#ffffff" gradient="true" color2="#c0c0c0" bottompadding="30" toppadding="30" text="&lt;p&gt;Eligendi fugit asperiores et. Corrupti voluptatum quasi sit. Adipisci ut voluptatem necessitatibus cumque aspernatur.&lt;/p&gt;" isprimary="false" subtitle="Molestiae alias et inventore voluptas" title="Peregrine blocks" buttonsize="default" custombackground="true" bgsize="cover" bgimage="/content/themecleanflex/assets/samples/beach-bird-s-eye-view-daytime-1249586.jpg" colorscheme="dark"><buttons jcr:primaryType="nt:unstructured"><c50
        jcr:primaryType="nt:unstructured" buttonlink="/content/themecleanflex/pages" buttontext="See More" buttoncolor="primary" iconclass="">
        </c50><c51
        jcr:primaryType="nt:unstructured" buttonlink="/content/themecleanflex/pages" buttontext="About Us" buttoncolor="primary" iconclass="">
        </c51></buttons>
        </teaserhorizontal52><title53 jcr:primaryType="nt:unstructured" 
            sling:resourceType="themecleanflex/components/richtext" 
            toppadding="25"
            bottompadding="25"
            custombackground="true"
            backgroundtype="color"
            bgcolor="#eeeeee"
            text="&lt;h2&gt;Teaser Horizontal - Example Sample Variation - background: image; colorscheme: light; fullheight: false (.hidden)&lt;/h2&gt;">
        </title53><teaserhorizontal56
        jcr:primaryType="nt:unstructured" sling:resourceType="themecleanflex/components/teaserhorizontal" aligncontent="left" showtitle="true" showsubtitle="true" showtext="true" showbutton="true" fullheight="false" textwidth="60" backgroundtype="image" bgcolor="#ffffff" gradient="true" color2="#c0c0c0" bottompadding="30" toppadding="30" text="&lt;p&gt;Eligendi fugit asperiores et. Corrupti voluptatum quasi sit. Adipisci ut voluptatem necessitatibus cumque aspernatur.&lt;/p&gt;" isprimary="false" subtitle="Molestiae alias et inventore voluptas" title="Peregrine blocks" buttonsize="default" custombackground="true" bgsize="cover" bgimage="/content/themecleanflex/assets/samples/beach-bird-s-eye-view-daytime-1249586.jpg" colorscheme="light"><buttons jcr:primaryType="nt:unstructured"><c54
        jcr:primaryType="nt:unstructured" buttonlink="/content/themecleanflex/pages" buttontext="See More" buttoncolor="primary" iconclass="">
        </c54><c55
        jcr:primaryType="nt:unstructured" buttonlink="/content/themecleanflex/pages" buttontext="About Us" buttoncolor="primary" iconclass="">
        </c55></buttons>
        </teaserhorizontal56><title57 jcr:primaryType="nt:unstructured" 
            sling:resourceType="themecleanflex/components/richtext" 
            toppadding="25"
            bottompadding="25"
            custombackground="true"
            backgroundtype="color"
            bgcolor="#eeeeee"
            text="&lt;h2&gt;Teaser Horizontal - Example Sample Variation - background: image; colorscheme: light; fullheight: true (.hidden)&lt;/h2&gt;">
        </title57><teaserhorizontal60
        jcr:primaryType="nt:unstructured" sling:resourceType="themecleanflex/components/teaserhorizontal" aligncontent="left" showtitle="true" showsubtitle="true" showtext="true" showbutton="true" fullheight="true" textwidth="60" backgroundtype="image" bgcolor="#ffffff" gradient="true" color2="#c0c0c0" bottompadding="30" toppadding="30" text="&lt;p&gt;Eligendi fugit asperiores et. Corrupti voluptatum quasi sit. Adipisci ut voluptatem necessitatibus cumque aspernatur.&lt;/p&gt;" isprimary="false" subtitle="Molestiae alias et inventore voluptas" title="Peregrine blocks" buttonsize="default" custombackground="true" bgsize="cover" bgimage="/content/themecleanflex/assets/samples/beach-bird-s-eye-view-daytime-1249586.jpg" colorscheme="light"><buttons jcr:primaryType="nt:unstructured"><c58
        jcr:primaryType="nt:unstructured" buttonlink="/content/themecleanflex/pages" buttontext="See More" buttoncolor="primary" iconclass="">
        </c58><c59
        jcr:primaryType="nt:unstructured" buttonlink="/content/themecleanflex/pages" buttontext="About Us" buttoncolor="primary" iconclass="">
        </c59></buttons>
        </teaserhorizontal60><title61 jcr:primaryType="nt:unstructured" 
            sling:resourceType="themecleanflex/components/richtext" 
            toppadding="25"
            bottompadding="25"
            custombackground="true"
            backgroundtype="color"
            bgcolor="#eeeeee"
            text="&lt;h2&gt;Teaser Horizontal - Example Sample Variation - background: image; colorscheme: none; fullheight: false (.hidden)&lt;/h2&gt;">
        </title61><teaserhorizontal64
        jcr:primaryType="nt:unstructured" sling:resourceType="themecleanflex/components/teaserhorizontal" aligncontent="left" showtitle="true" showsubtitle="true" showtext="true" showbutton="true" fullheight="false" textwidth="60" backgroundtype="image" bgcolor="#ffffff" gradient="true" color2="#c0c0c0" bottompadding="30" toppadding="30" text="&lt;p&gt;Eligendi fugit asperiores et. Corrupti voluptatum quasi sit. Adipisci ut voluptatem necessitatibus cumque aspernatur.&lt;/p&gt;" isprimary="false" subtitle="Molestiae alias et inventore voluptas" title="Peregrine blocks" buttonsize="default" custombackground="true" bgsize="cover" bgimage="/content/themecleanflex/assets/samples/beach-bird-s-eye-view-daytime-1249586.jpg" colorscheme=""><buttons jcr:primaryType="nt:unstructured"><c62
        jcr:primaryType="nt:unstructured" buttonlink="/content/themecleanflex/pages" buttontext="See More" buttoncolor="primary" iconclass="">
        </c62><c63
        jcr:primaryType="nt:unstructured" buttonlink="/content/themecleanflex/pages" buttontext="About Us" buttoncolor="primary" iconclass="">
        </c63></buttons>
        </teaserhorizontal64><title65 jcr:primaryType="nt:unstructured" 
            sling:resourceType="themecleanflex/components/richtext" 
            toppadding="25"
            bottompadding="25"
            custombackground="true"
            backgroundtype="color"
            bgcolor="#eeeeee"
            text="&lt;h2&gt;Teaser Horizontal - Example Sample Variation - background: image; colorscheme: none; fullheight: true (.hidden)&lt;/h2&gt;">
        </title65><teaserhorizontal68
        jcr:primaryType="nt:unstructured" sling:resourceType="themecleanflex/components/teaserhorizontal" aligncontent="left" showtitle="true" showsubtitle="true" showtext="true" showbutton="true" fullheight="true" textwidth="60" backgroundtype="image" bgcolor="#ffffff" gradient="true" color2="#c0c0c0" bottompadding="30" toppadding="30" text="&lt;p&gt;Eligendi fugit asperiores et. Corrupti voluptatum quasi sit. Adipisci ut voluptatem necessitatibus cumque aspernatur.&lt;/p&gt;" isprimary="false" subtitle="Molestiae alias et inventore voluptas" title="Peregrine blocks" buttonsize="default" custombackground="true" bgsize="cover" bgimage="/content/themecleanflex/assets/samples/beach-bird-s-eye-view-daytime-1249586.jpg" colorscheme=""><buttons jcr:primaryType="nt:unstructured"><c66
        jcr:primaryType="nt:unstructured" buttonlink="/content/themecleanflex/pages" buttontext="See More" buttoncolor="primary" iconclass="">
        </c66><c67
        jcr:primaryType="nt:unstructured" buttonlink="/content/themecleanflex/pages" buttontext="About Us" buttoncolor="primary" iconclass="">
        </c67></buttons>
        </teaserhorizontal68><title69 jcr:primaryType="nt:unstructured" 
            sling:resourceType="themecleanflex/components/richtext" 
            toppadding="25"
            bottompadding="25"
            custombackground="true"
            backgroundtype="color"
            bgcolor="#eeeeee"
            text="&lt;h2&gt;Teaser Horizontal - Example Sample Variation - background: none; colorscheme: dark; fullheight: false (.hidden)&lt;/h2&gt;">
        </title69><teaserhorizontal72
        jcr:primaryType="nt:unstructured" sling:resourceType="themecleanflex/components/teaserhorizontal" aligncontent="left" showtitle="true" showsubtitle="true" showtext="true" showbutton="true" fullheight="false" textwidth="60" backgroundtype="color" bgcolor="#ffffff" gradient="true" color2="#c0c0c0" bottompadding="30" toppadding="30" text="&lt;p&gt;Eligendi fugit asperiores et. Corrupti voluptatum quasi sit. Adipisci ut voluptatem necessitatibus cumque aspernatur.&lt;/p&gt;" isprimary="false" subtitle="Molestiae alias et inventore voluptas" title="Peregrine blocks" buttonsize="default" custombackground="false" colorscheme="dark"><buttons jcr:primaryType="nt:unstructured"><c70
        jcr:primaryType="nt:unstructured" buttonlink="/content/themecleanflex/pages" buttontext="See More" buttoncolor="primary" iconclass="">
        </c70><c71
        jcr:primaryType="nt:unstructured" buttonlink="/content/themecleanflex/pages" buttontext="About Us" buttoncolor="primary" iconclass="">
        </c71></buttons>
        </teaserhorizontal72><title73 jcr:primaryType="nt:unstructured" 
            sling:resourceType="themecleanflex/components/richtext" 
            toppadding="25"
            bottompadding="25"
            custombackground="true"
            backgroundtype="color"
            bgcolor="#eeeeee"
            text="&lt;h2&gt;Teaser Horizontal - Example Sample Variation - background: none; colorscheme: dark; fullheight: true (.hidden)&lt;/h2&gt;">
        </title73><teaserhorizontal76
        jcr:primaryType="nt:unstructured" sling:resourceType="themecleanflex/components/teaserhorizontal" aligncontent="left" showtitle="true" showsubtitle="true" showtext="true" showbutton="true" fullheight="true" textwidth="60" backgroundtype="color" bgcolor="#ffffff" gradient="true" color2="#c0c0c0" bottompadding="30" toppadding="30" text="&lt;p&gt;Eligendi fugit asperiores et. Corrupti voluptatum quasi sit. Adipisci ut voluptatem necessitatibus cumque aspernatur.&lt;/p&gt;" isprimary="false" subtitle="Molestiae alias et inventore voluptas" title="Peregrine blocks" buttonsize="default" custombackground="false" colorscheme="dark"><buttons jcr:primaryType="nt:unstructured"><c74
        jcr:primaryType="nt:unstructured" buttonlink="/content/themecleanflex/pages" buttontext="See More" buttoncolor="primary" iconclass="">
        </c74><c75
        jcr:primaryType="nt:unstructured" buttonlink="/content/themecleanflex/pages" buttontext="About Us" buttoncolor="primary" iconclass="">
        </c75></buttons>
        </teaserhorizontal76><title77 jcr:primaryType="nt:unstructured" 
            sling:resourceType="themecleanflex/components/richtext" 
            toppadding="25"
            bottompadding="25"
            custombackground="true"
            backgroundtype="color"
            bgcolor="#eeeeee"
            text="&lt;h2&gt;Teaser Horizontal - Example Sample Variation - background: none; colorscheme: light; fullheight: false (.hidden)&lt;/h2&gt;">
        </title77><teaserhorizontal80
        jcr:primaryType="nt:unstructured" sling:resourceType="themecleanflex/components/teaserhorizontal" aligncontent="left" showtitle="true" showsubtitle="true" showtext="true" showbutton="true" fullheight="false" textwidth="60" backgroundtype="color" bgcolor="#ffffff" gradient="true" color2="#c0c0c0" bottompadding="30" toppadding="30" text="&lt;p&gt;Eligendi fugit asperiores et. Corrupti voluptatum quasi sit. Adipisci ut voluptatem necessitatibus cumque aspernatur.&lt;/p&gt;" isprimary="false" subtitle="Molestiae alias et inventore voluptas" title="Peregrine blocks" buttonsize="default" custombackground="false" colorscheme="light"><buttons jcr:primaryType="nt:unstructured"><c78
        jcr:primaryType="nt:unstructured" buttonlink="/content/themecleanflex/pages" buttontext="See More" buttoncolor="primary" iconclass="">
        </c78><c79
        jcr:primaryType="nt:unstructured" buttonlink="/content/themecleanflex/pages" buttontext="About Us" buttoncolor="primary" iconclass="">
        </c79></buttons>
        </teaserhorizontal80><title81 jcr:primaryType="nt:unstructured" 
            sling:resourceType="themecleanflex/components/richtext" 
            toppadding="25"
            bottompadding="25"
            custombackground="true"
            backgroundtype="color"
            bgcolor="#eeeeee"
            text="&lt;h2&gt;Teaser Horizontal - Example Sample Variation - background: none; colorscheme: light; fullheight: true (.hidden)&lt;/h2&gt;">
        </title81><teaserhorizontal84
        jcr:primaryType="nt:unstructured" sling:resourceType="themecleanflex/components/teaserhorizontal" aligncontent="left" showtitle="true" showsubtitle="true" showtext="true" showbutton="true" fullheight="true" textwidth="60" backgroundtype="color" bgcolor="#ffffff" gradient="true" color2="#c0c0c0" bottompadding="30" toppadding="30" text="&lt;p&gt;Eligendi fugit asperiores et. Corrupti voluptatum quasi sit. Adipisci ut voluptatem necessitatibus cumque aspernatur.&lt;/p&gt;" isprimary="false" subtitle="Molestiae alias et inventore voluptas" title="Peregrine blocks" buttonsize="default" custombackground="false" colorscheme="light"><buttons jcr:primaryType="nt:unstructured"><c82
        jcr:primaryType="nt:unstructured" buttonlink="/content/themecleanflex/pages" buttontext="See More" buttoncolor="primary" iconclass="">
        </c82><c83
        jcr:primaryType="nt:unstructured" buttonlink="/content/themecleanflex/pages" buttontext="About Us" buttoncolor="primary" iconclass="">
        </c83></buttons>
        </teaserhorizontal84><title85 jcr:primaryType="nt:unstructured" 
            sling:resourceType="themecleanflex/components/richtext" 
            toppadding="25"
            bottompadding="25"
            custombackground="true"
            backgroundtype="color"
            bgcolor="#eeeeee"
            text="&lt;h2&gt;Teaser Horizontal - Example Sample Variation - background: none; colorscheme: none; fullheight: false (.hidden)&lt;/h2&gt;">
        </title85><teaserhorizontal88
        jcr:primaryType="nt:unstructured" sling:resourceType="themecleanflex/components/teaserhorizontal" aligncontent="left" showtitle="true" showsubtitle="true" showtext="true" showbutton="true" fullheight="false" textwidth="60" backgroundtype="color" bgcolor="#ffffff" gradient="true" color2="#c0c0c0" bottompadding="30" toppadding="30" text="&lt;p&gt;Eligendi fugit asperiores et. Corrupti voluptatum quasi sit. Adipisci ut voluptatem necessitatibus cumque aspernatur.&lt;/p&gt;" isprimary="false" subtitle="Molestiae alias et inventore voluptas" title="Peregrine blocks" buttonsize="default" custombackground="false" colorscheme=""><buttons jcr:primaryType="nt:unstructured"><c86
        jcr:primaryType="nt:unstructured" buttonlink="/content/themecleanflex/pages" buttontext="See More" buttoncolor="primary" iconclass="">
        </c86><c87
        jcr:primaryType="nt:unstructured" buttonlink="/content/themecleanflex/pages" buttontext="About Us" buttoncolor="primary" iconclass="">
        </c87></buttons>
        </teaserhorizontal88><title89 jcr:primaryType="nt:unstructured" 
            sling:resourceType="themecleanflex/components/richtext" 
            toppadding="25"
            bottompadding="25"
            custombackground="true"
            backgroundtype="color"
            bgcolor="#eeeeee"
            text="&lt;h2&gt;Teaser Horizontal - Example Sample Variation - background: none; colorscheme: none; fullheight: true (.hidden)&lt;/h2&gt;">
        </title89><teaserhorizontal92
        jcr:primaryType="nt:unstructured" sling:resourceType="themecleanflex/components/teaserhorizontal" aligncontent="left" showtitle="true" showsubtitle="true" showtext="true" showbutton="true" fullheight="true" textwidth="60" backgroundtype="color" bgcolor="#ffffff" gradient="true" color2="#c0c0c0" bottompadding="30" toppadding="30" text="&lt;p&gt;Eligendi fugit asperiores et. Corrupti voluptatum quasi sit. Adipisci ut voluptatem necessitatibus cumque aspernatur.&lt;/p&gt;" isprimary="false" subtitle="Molestiae alias et inventore voluptas" title="Peregrine blocks" buttonsize="default" custombackground="false" colorscheme=""><buttons jcr:primaryType="nt:unstructured"><c90
        jcr:primaryType="nt:unstructured" buttonlink="/content/themecleanflex/pages" buttontext="See More" buttoncolor="primary" iconclass="">
        </c90><c91
        jcr:primaryType="nt:unstructured" buttonlink="/content/themecleanflex/pages" buttontext="About Us" buttoncolor="primary" iconclass="">
        </c91></buttons>
        </teaserhorizontal92><title93 jcr:primaryType="nt:unstructured" 
            sling:resourceType="themecleanflex/components/richtext" 
            toppadding="25"
            bottompadding="25"
            custombackground="true"
            backgroundtype="color"
            bgcolor="#eeeeee"
            text="&lt;h2&gt;Teaser Horizontal - Example Sample Variation - background: video; colorscheme: dark; fullheight: false (.hidden)&lt;/h2&gt;">
        </title93><teaserhorizontal96
        jcr:primaryType="nt:unstructured" sling:resourceType="themecleanflex/components/teaserhorizontal" aligncontent="left" showtitle="true" showsubtitle="true" showtext="true" showbutton="true" fullheight="false" textwidth="60" backgroundtype="video" bgcolor="#ffffff" gradient="true" color2="#c0c0c0" bottompadding="30" toppadding="30" text="&lt;p&gt;Eligendi fugit asperiores et. Corrupti voluptatum quasi sit. Adipisci ut voluptatem necessitatibus cumque aspernatur.&lt;/p&gt;" isprimary="false" subtitle="Molestiae alias et inventore voluptas" title="Peregrine blocks" buttonsize="default" custombackground="true" bgsize="cover" bgvideo="https://www.youtube.com/embed/Ju86mknumYM" colorscheme="dark"><buttons jcr:primaryType="nt:unstructured"><c94
        jcr:primaryType="nt:unstructured" buttonlink="/content/themecleanflex/pages" buttontext="See More" buttoncolor="primary" iconclass="">
        </c94><c95
        jcr:primaryType="nt:unstructured" buttonlink="/content/themecleanflex/pages" buttontext="About Us" buttoncolor="primary" iconclass="">
        </c95></buttons>
        </teaserhorizontal96><title97 jcr:primaryType="nt:unstructured" 
            sling:resourceType="themecleanflex/components/richtext" 
            toppadding="25"
            bottompadding="25"
            custombackground="true"
            backgroundtype="color"
            bgcolor="#eeeeee"
            text="&lt;h2&gt;Teaser Horizontal - Example Sample Variation - background: video; colorscheme: dark; fullheight: true (.hidden)&lt;/h2&gt;">
        </title97><teaserhorizontal100
        jcr:primaryType="nt:unstructured" sling:resourceType="themecleanflex/components/teaserhorizontal" aligncontent="left" showtitle="true" showsubtitle="true" showtext="true" showbutton="true" fullheight="true" textwidth="60" backgroundtype="video" bgcolor="#ffffff" gradient="true" color2="#c0c0c0" bottompadding="30" toppadding="30" text="&lt;p&gt;Eligendi fugit asperiores et. Corrupti voluptatum quasi sit. Adipisci ut voluptatem necessitatibus cumque aspernatur.&lt;/p&gt;" isprimary="false" subtitle="Molestiae alias et inventore voluptas" title="Peregrine blocks" buttonsize="default" custombackground="true" bgsize="cover" bgvideo="https://www.youtube.com/embed/Ju86mknumYM" colorscheme="dark"><buttons jcr:primaryType="nt:unstructured"><c98
        jcr:primaryType="nt:unstructured" buttonlink="/content/themecleanflex/pages" buttontext="See More" buttoncolor="primary" iconclass="">
        </c98><c99
        jcr:primaryType="nt:unstructured" buttonlink="/content/themecleanflex/pages" buttontext="About Us" buttoncolor="primary" iconclass="">
        </c99></buttons>
        </teaserhorizontal100><title101 jcr:primaryType="nt:unstructured" 
            sling:resourceType="themecleanflex/components/richtext" 
            toppadding="25"
            bottompadding="25"
            custombackground="true"
            backgroundtype="color"
            bgcolor="#eeeeee"
            text="&lt;h2&gt;Teaser Horizontal - Example Sample Variation - background: video; colorscheme: light; fullheight: false (.hidden)&lt;/h2&gt;">
        </title101><teaserhorizontal104
        jcr:primaryType="nt:unstructured" sling:resourceType="themecleanflex/components/teaserhorizontal" aligncontent="left" showtitle="true" showsubtitle="true" showtext="true" showbutton="true" fullheight="false" textwidth="60" backgroundtype="video" bgcolor="#ffffff" gradient="true" color2="#c0c0c0" bottompadding="30" toppadding="30" text="&lt;p&gt;Eligendi fugit asperiores et. Corrupti voluptatum quasi sit. Adipisci ut voluptatem necessitatibus cumque aspernatur.&lt;/p&gt;" isprimary="false" subtitle="Molestiae alias et inventore voluptas" title="Peregrine blocks" buttonsize="default" custombackground="true" bgsize="cover" bgvideo="https://www.youtube.com/embed/Ju86mknumYM" colorscheme="light"><buttons jcr:primaryType="nt:unstructured"><c102
        jcr:primaryType="nt:unstructured" buttonlink="/content/themecleanflex/pages" buttontext="See More" buttoncolor="primary" iconclass="">
        </c102><c103
        jcr:primaryType="nt:unstructured" buttonlink="/content/themecleanflex/pages" buttontext="About Us" buttoncolor="primary" iconclass="">
        </c103></buttons>
        </teaserhorizontal104><title105 jcr:primaryType="nt:unstructured" 
            sling:resourceType="themecleanflex/components/richtext" 
            toppadding="25"
            bottompadding="25"
            custombackground="true"
            backgroundtype="color"
            bgcolor="#eeeeee"
            text="&lt;h2&gt;Teaser Horizontal - Example Sample Variation - background: video; colorscheme: light; fullheight: true (.hidden)&lt;/h2&gt;">
        </title105><teaserhorizontal108
        jcr:primaryType="nt:unstructured" sling:resourceType="themecleanflex/components/teaserhorizontal" aligncontent="left" showtitle="true" showsubtitle="true" showtext="true" showbutton="true" fullheight="true" textwidth="60" backgroundtype="video" bgcolor="#ffffff" gradient="true" color2="#c0c0c0" bottompadding="30" toppadding="30" text="&lt;p&gt;Eligendi fugit asperiores et. Corrupti voluptatum quasi sit. Adipisci ut voluptatem necessitatibus cumque aspernatur.&lt;/p&gt;" isprimary="false" subtitle="Molestiae alias et inventore voluptas" title="Peregrine blocks" buttonsize="default" custombackground="true" bgsize="cover" bgvideo="https://www.youtube.com/embed/Ju86mknumYM" colorscheme="light"><buttons jcr:primaryType="nt:unstructured"><c106
        jcr:primaryType="nt:unstructured" buttonlink="/content/themecleanflex/pages" buttontext="See More" buttoncolor="primary" iconclass="">
        </c106><c107
        jcr:primaryType="nt:unstructured" buttonlink="/content/themecleanflex/pages" buttontext="About Us" buttoncolor="primary" iconclass="">
        </c107></buttons>
        </teaserhorizontal108><title109 jcr:primaryType="nt:unstructured" 
            sling:resourceType="themecleanflex/components/richtext" 
            toppadding="25"
            bottompadding="25"
            custombackground="true"
            backgroundtype="color"
            bgcolor="#eeeeee"
            text="&lt;h2&gt;Teaser Horizontal - Example Sample Variation - background: video; colorscheme: none; fullheight: false (.hidden)&lt;/h2&gt;">
        </title109><teaserhorizontal112
        jcr:primaryType="nt:unstructured" sling:resourceType="themecleanflex/components/teaserhorizontal" aligncontent="left" showtitle="true" showsubtitle="true" showtext="true" showbutton="true" fullheight="false" textwidth="60" backgroundtype="video" bgcolor="#ffffff" gradient="true" color2="#c0c0c0" bottompadding="30" toppadding="30" text="&lt;p&gt;Eligendi fugit asperiores et. Corrupti voluptatum quasi sit. Adipisci ut voluptatem necessitatibus cumque aspernatur.&lt;/p&gt;" isprimary="false" subtitle="Molestiae alias et inventore voluptas" title="Peregrine blocks" buttonsize="default" custombackground="true" bgsize="cover" bgvideo="https://www.youtube.com/embed/Ju86mknumYM" colorscheme=""><buttons jcr:primaryType="nt:unstructured"><c110
        jcr:primaryType="nt:unstructured" buttonlink="/content/themecleanflex/pages" buttontext="See More" buttoncolor="primary" iconclass="">
        </c110><c111
        jcr:primaryType="nt:unstructured" buttonlink="/content/themecleanflex/pages" buttontext="About Us" buttoncolor="primary" iconclass="">
        </c111></buttons>
        </teaserhorizontal112><title113 jcr:primaryType="nt:unstructured" 
            sling:resourceType="themecleanflex/components/richtext" 
            toppadding="25"
            bottompadding="25"
            custombackground="true"
            backgroundtype="color"
            bgcolor="#eeeeee"
            text="&lt;h2&gt;Teaser Horizontal - Example Sample Variation - background: video; colorscheme: none; fullheight: true (.hidden)&lt;/h2&gt;">
        </title113><teaserhorizontal116
        jcr:primaryType="nt:unstructured" sling:resourceType="themecleanflex/components/teaserhorizontal" aligncontent="left" showtitle="true" showsubtitle="true" showtext="true" showbutton="true" fullheight="true" textwidth="60" backgroundtype="video" bgcolor="#ffffff" gradient="true" color2="#c0c0c0" bottompadding="30" toppadding="30" text="&lt;p&gt;Eligendi fugit asperiores et. Corrupti voluptatum quasi sit. Adipisci ut voluptatem necessitatibus cumque aspernatur.&lt;/p&gt;" isprimary="false" subtitle="Molestiae alias et inventore voluptas" title="Peregrine blocks" buttonsize="default" custombackground="true" bgsize="cover" bgvideo="https://www.youtube.com/embed/Ju86mknumYM" colorscheme=""><buttons jcr:primaryType="nt:unstructured"><c114
        jcr:primaryType="nt:unstructured" buttonlink="/content/themecleanflex/pages" buttontext="See More" buttoncolor="primary" iconclass="">
        </c114><c115
        jcr:primaryType="nt:unstructured" buttonlink="/content/themecleanflex/pages" buttontext="About Us" buttoncolor="primary" iconclass="">
        </c115></buttons>
        </teaserhorizontal116>
        </container117><pager118
        colorscheme="light"
        toppadding="30"
        bottompadding="30"
        custombackground="false"
        backgroundtype="color"
        bgcolor="#eeeeee"
        htmlelement="nav"
        prevlabel="&lt; previous"
        nextlabel="next &gt;"
        jcr:primaryType="nt:unstructured" sling:resourceType="themecleanflex/components/pager">
        </pager118>
        <clfooter
        jcr:primaryType="nt:unstructured" sling:resourceType="themecleanflex/components/footer" htmlelement="footer" backgroundtype="color" bgcolor="#eeeeee" bottompadding="0" toppadding="30" colorscheme="light" showlogo="true" logo="/content/themecleanflex/assets/samples/peregrine-logo.svg" logourl="/content/themecleanflex/pages/library.html" logoalttext="Peregrine CMS Logo" logosize="60" copyright="Copyright 2019 Peregrine - All Rights Reserved">
        <columns jcr:primaryType="nt:unstructured">
        <c3
        jcr:primaryType="nt:unstructured" title="" text="">
        </c3><c4
        jcr:primaryType="nt:unstructured" title="Contact" text="&lt;p&gt;info@headwire.com&lt;br&gt;&lt;/p&gt;">
        </c4><c5
        jcr:primaryType="nt:unstructured" title="Location" text="&lt;p&gt;23293 S Pointe Drive, Laguna Hills, CA 92653&lt;/p&gt;">
        </c5></columns>
<icons jcr:primaryType="nt:unstructured"></icons>
        </clfooter>        
        </jcr:content></jcr:root>