<?xml version="1.0" encoding="utf-8"?>
<jcr:root xmlns:sling="http://sling.apache.org/jcr/sling/1.0" xmlns:jcr="http://www.jcp.org/jcr/1.0" xmlns:nt="http://www.jcp.org/jcr/nt/1.0" jcr:primaryType="per:Component" jcr:title="Cards">
  <jcr:content jcr:primaryType="nt:unstructured" __variations="true">
    <sample jcr:primaryType="nt:unstructured" title="Cards" group="Features">
      <jcr:content jcr:primaryType="nt:unstructured" bgcolor="#ffffff" bottompadding="20" showbutton="true" showtext="true" showtitle="true" showcard="true" toppadding="20" cardcolor="#eeeeee">
        <cards jcr:primaryType="nt:unstructured">
          <cards0 jcr:primaryType="nt:unstructured" buttonlink="/content/themeclean/pages" buttontext="View" buttoncolor="primary" buttonsize="default" image="/content/themeclean/assets/images/background1.jpg" text="&lt;p>Lorem ipsum dolor sit amet, consectetur adipiscing elit. Fusce sagittis, est eget commodo imperdiet, lectus quam bibendum ex, eu commodo mi diam molestie tortor. Maecenas fermentum neque feugiat purus condimentum, sed molestie dolor fermentum. Nullam vestibulum tellus dolor. Cras viverra vel diam quis iaculis.&lt;/p>" title="Card One"/>
          <cards1 jcr:primaryType="nt:unstructured" buttonlink="/content/themeclean/pages" buttontext="View" buttoncolor="primary" buttonsize="default" image="/content/themeclean/assets/images/background2.jpg" text="&lt;p>Lorem ipsum dolor sit amet, consectetur adipiscing elit. Fusce sagittis, est eget commodo imperdiet, lectus quam bibendum ex, eu commodo mi diam molestie tortor. Maecenas fermentum neque feugiat purus condimentum, sed molestie dolor fermentum. Nullam vestibulum tellus dolor. Cras viverra vel diam quis iaculis.&lt;/p>" title="Card Two"/>
          <cards2 jcr:primaryType="nt:unstructured" buttonlink="/content/themeclean/pages" buttontext="View" buttoncolor="primary" buttonsize="default" image="/content/themeclean/assets/images/background3.jpg" text="&lt;p>Lorem ipsum dolor sit amet, consectetur adipiscing elit. Fusce sagittis, est eget commodo imperdiet, lectus quam bibendum ex, eu commodo mi diam molestie tortor. Maecenas fermentum neque feugiat purus condimentum, sed molestie dolor fermentum. Nullam vestibulum tellus dolor. Cras viverra vel diam quis iaculis.&lt;/p>" title="Card Three"/>
        </cards>
      </jcr:content>
    </sample>
    <sample-cardsnobackground jcr:primaryType="nt:unstructured" title="Cards No Background" group="Features">
      <jcr:content jcr:primaryType="nt:unstructured" bgcolor="#ffffff" bottompadding="20" showbutton="true" showtext="true" showtitle="true" showcard="false" toppadding="20" cardcolor="#eeeeee">
        <cards jcr:primaryType="nt:unstructured">
          <cards0 jcr:primaryType="nt:unstructured" buttonlink="/content/themeclean/pages" buttontext="View" buttoncolor="#008080" image="/content/themeclean/assets/images/background1.jpg" text="&lt;p>Lorem ipsum dolor sit amet, consectetur adipiscing elit. Fusce sagittis, est eget commodo imperdiet, lectus quam bibendum ex, eu commodo mi diam molestie tortor. Maecenas fermentum neque feugiat purus condimentum, sed molestie dolor fermentum. Nullam vestibulum tellus dolor. Cras viverra vel diam quis iaculis.&lt;/p>" title="Card One"/>
          <cards1 jcr:primaryType="nt:unstructured" buttonlink="/content/themeclean/pages" buttontext="View" buttoncolor="#008080" image="/content/themeclean/assets/images/background2.jpg" text="&lt;p>Lorem ipsum dolor sit amet, consectetur adipiscing elit. Fusce sagittis, est eget commodo imperdiet, lectus quam bibendum ex, eu commodo mi diam molestie tortor. Maecenas fermentum neque feugiat purus condimentum, sed molestie dolor fermentum. Nullam vestibulum tellus dolor. Cras viverra vel diam quis iaculis.&lt;/p>" title="Card Two"/>
          <cards2 jcr:primaryType="nt:unstructured" buttonlink="/content/themeclean/pages" buttontext="View" buttoncolor="#008080" image="/content/themeclean/assets/images/background3.jpg" text="&lt;p>Lorem ipsum dolor sit amet, consectetur adipiscing elit. Fusce sagittis, est eget commodo imperdiet, lectus quam bibendum ex, eu commodo mi diam molestie tortor. Maecenas fermentum neque feugiat purus condimentum, sed molestie dolor fermentum. Nullam vestibulum tellus dolor. Cras viverra vel diam quis iaculis.&lt;/p>" title="Card Three"/>
        </cards>
      </jcr:content>
    </sample-cardsnobackground>
  </jcr:content>
</jcr:root>