<?xml version="1.0" encoding="utf-8"?>
<jcr:root xmlns:sling="http://sling.apache.org/jcr/sling/1.0" xmlns:jcr="http://www.jcp.org/jcr/1.0" xmlns:nt="http://www.jcp.org/jcr/nt/1.0" jcr:primaryType="per:Component" jcr:title="Navigation Header - Light">
  <jcr:content jcr:primaryType="nt:unstructured" __variations="true">
    <sample jcr:primaryType="nt:unstructured" title="Navigation Header - Light" group="Chrome">
      <jcr:content jcr:primaryType="nt:unstructured" htmlelement="header" backgroundtype="color" bgcolor="#eeeeee" colorscheme="light" elevation="1" toppadding="10" bottompadding="10" bgvideo="https://www.youtube.com/embed/Ju86mknumYM" collapsed="false" logo="/content/themecleanflex/assets/samples/peregrine-logo.svg" logoalttext="Peregrine CMS Logo" logourl="http://www.peregrine-cms.com" logosize="60" buttonsize="default" linkcolor="dark">
        <links jcr:primaryType="nt:unstructured">
          <links0 jcr:primaryType="nt:unstructured" link="/content/themecleanflex/pages" text="Services"/>
          <links1 jcr:primaryType="nt:unstructured" link="/content/themecleanflex/pages" text="About Us"/>
          <links2 jcr:primaryType="nt:unstructured" link="/content/themecleanflex/pages" text="Contact Us"/>
        </links>
        <buttons jcr:primaryType="nt:unstructured">
          <buttons0 jcr:primaryType="nt:unstructured" buttonlink="/content/themecleanflex/pages" buttontext="Try It Now" buttoncolor="primary"/>
        </buttons>
      </jcr:content>
    </sample>
    <sample-blank jcr:primaryType="nt:unstructured" title="Navigation Header" group="Chrome">
      <jcr:content jcr:primaryType="nt:unstructured"/>
    </sample-blank>
    <sample-dark jcr:primaryType="nt:unstructured" title="Navigation Header - Dark" group="Chrome">
      <jcr:content jcr:primaryType="nt:unstructured" htmlelement="header" backgroundtype="color" bgcolor="#eeeeee" colorscheme="dark" elevation="1" toppadding="10" bottompadding="10" bgvideo="https://www.youtube.com/embed/Ju86mknumYM" collapsed="false" logo="/content/themecleanflex/assets/samples/peregrine-logo.svg" logoalttext="Peregrine CMS Logo" logourl="http://www.peregrine-cms.com" logosize="60" buttonsize="default" linkcolor="light">
        <links jcr:primaryType="nt:unstructured">
          <links0 jcr:primaryType="nt:unstructured" link="/content/themecleanflex/pages" text="Services"/>
          <links1 jcr:primaryType="nt:unstructured" link="/content/themecleanflex/pages" text="About Us"/>
          <links2 jcr:primaryType="nt:unstructured" link="/content/themecleanflex/pages" text="Contact Us"/>
        </links>
        <buttons jcr:primaryType="nt:unstructured">
          <buttons0 jcr:primaryType="nt:unstructured" buttonlink="/content/themecleanflex/pages" buttontext="Try It Now" buttoncolor="primary"/>
        </buttons>
      </jcr:content>
    </sample-dark>
  </jcr:content>
</jcr:root>