<?xml version="1.0" encoding="utf-8"?>
<jcr:root xmlns:sling="http://sling.apache.org/jcr/sling/1.0" xmlns:jcr="http://www.jcp.org/jcr/1.0" xmlns:nt="http://www.jcp.org/jcr/nt/1.0" jcr:primaryType="per:Component" jcr:title="Teaser Vertical">
  <jcr:content jcr:primaryType="nt:unstructured" __variations="true">
    <sample jcr:primaryType="nt:unstructured" title="Teaser Vertical" group="Features">
      <jcr:content jcr:primaryType="nt:unstructured" showtitle="true" showsubtitle="true" showtext="true" showbutton="true" fullheight="false" backgroundtype="gradient" bgcolor="#ffffff" gradient="true" color2="#c0c0c0" bottompadding="30" toppadding="30" text="&lt;p>Eligendi fugit asperiores et. Corrupti voluptatum quasi sit. Adipisci ut voluptatem necessitatibus cumque aspernatur.&lt;/p>" subtitle="Molestiae alias et inventore voluptas" title="Peregrine blocks" buttonsize="default">
        <buttons jcr:primaryType="nt:unstructured">
          <buttons0 jcr:primaryType="nt:unstructured" buttonlink="/content/themeclean/pages" buttontext="See More" buttoncolor="primary" iconclass=""/>
          <buttons1 jcr:primaryType="nt:unstructured" buttonlink="/content/themeclean/pages" buttontext="About Us" buttoncolor="primary" iconclass=""/>
        </buttons>
      </jcr:content>
    </sample>
    <sample-teaserfull jcr:primaryType="nt:unstructured" title="Teaser Primary" group="Features">
      <jcr:content jcr:primaryType="nt:unstructured" showtitle="true" showsubtitle="false" showtext="true" showbutton="true" isprimary="true" fullheight="true" custombackground="true" backgroundtype="image" bgimage="/content/themeclean/assets/images/meeting_room.jpg" overlay="true" overlaycolor="#ffffff" overlayopacity="70" bottompadding="30" toppadding="30" text="&lt;p>Eligendi fugit asperiores et. Corrupti voluptatum quasi sit. Adipisci ut voluptatem necessitatibus cumque aspernatur.&lt;/p>" subtitle="Molestiae alias et inventore voluptas" buttonsize="large" title="Peregrine blocks">
        <buttons jcr:primaryType="nt:unstructured">
          <buttons0 jcr:primaryType="nt:unstructured" buttonlink="/content/themeclean/pages" buttontext="See More" buttoncolor="primary" iconclass=""/>
          <buttons1 jcr:primaryType="nt:unstructured" buttonlink="/content/themeclean/pages" buttontext="About Us" buttoncolor="primary" iconclass=""/>
        </buttons>
      </jcr:content>
    </sample-teaserfull>
  </jcr:content>
</jcr:root>