{ "fields":[
  {
    "type": "material-checklist",
    "label": "Roles",
    "model": "roles",
    "values": [
        { "value": "admin", "name": "Administrator"},
        { "value": "moderator", "name": "Moderator"},
        { "value": "user", "name": "Registered User"},
        { "value": "visitor", "name": "Visitor"}
    ],
    "listBox": true,
    "placeholder": "Roles"
  },
  {
    "type": "input",
    "inputType": "color",
    "label": "Color field",
    "model": "colorfield",
    "placeholder": "select a color",
    "hint": "This is a native color picker.",
    "required": true,
    "validator": "required"
  },
  {
    "type": "input",
    "inputType": "text",
    "label": "Text field",
    "model": "textfield",
    "placeholder": "text field",
    "hint": "This is some additional help text.",
    "required": true,
    "validator": "required"
  },
  {
    "type": "collection",
    "title": "Single Collection",
    "model": "singlechildren",
    "multifield": false,
    "fields" : [
      {
        "type": "input",
        "inputType": "text",
        "label": "Key",
        "model": "singleKey"
      }
    ]
  },
  {
    "type": "collection",
    "title": "Multi Collection",
    "model": "collection",
    "multifield": true,
    "fieldLabel": ["key", "value"],
    "fields" : [
      {
        "type": "input",
        "inputType": "text",
        "label": "Key",
        "model": "key"
      },
      {
        "type": "input",
        "inputType": "text",
        "label": "Value",
        "model": "value"
      }
    ]
  },
  {    
    "type": "material-range",
    "label": "Range field",
    "model": "rangefield",
    "placeholder": "0 - 100",
    "hint": "This is the materialize range field.",
    "min": 10,
    "max": 100,
    "value": 50,
    "required": true,
    "validator": "required"
  }, 
  {
    "type": "material-textarea",
    "label": "Text Area",
    "model": "textarea",
    "hint": "Max 500 characters",
    "max": 500,
    "placeholder": "Lorem ipsum dolor...",
    "rows": 4,
    "validator": "required"
  },
  {
    "type": "texteditor",
    "label": "Rich text editor",
    "model": "texteditor",
    "placeholder": "Lorem ipsum dolor...",
    "validator": "required"
  },
  {
    "type": "material-radios",
    "label": "Radios",
    "model": "radios",
    "withGap": true,
    "values": [
      { "name": "Byron Ponce", "value": "bp@headwire.com"},
      { "name": "Ruben Reusser", "value": "rr@headwire.com"},
      { "name": "Dustin Pelland", "value": "dp@headwire.com"},
      { "name": "Li Qin", "value": "lq@headwire.com"},
      { "name": "Robert Jolly", "value": "rj@headwire.com"},
      { "name": "Jason Groves", "value": "jg@headwire.com"}
    ],
    "hint": "This is the Material Radios.",
    "required": true,
    "validator": "required"
  },
  {
    "type": "material-checkbox",
    "label": "Checkbox",
    "model": "checkbox",
    "default": true,
    "hint": "This is the material checkbox.",
    "required": true,
    "validator": "required"
  },
  {
    "type": "materialswitch",
    "label": "Switch",
    "model": "switch",
    "hint": "This is the material switch.",
    "required": true,
    "validator": "required"
  },
  {
    "type": "pathbrowser",
    "label": "Page Browser",
    "model": "pagePath",
    "browserRoot": "/content/example/pages",
    "placeholder": "select path",
    "hint": "This is the page browser.",
    "required": true,
    "validator": "required"
  },
  {
    "type": "pathbrowser",
    "label": "Image Browser",
    "model": "imagePath",
    "browserRoot": "/content/example/assets",
    "placeholder": "select path",
    "hint": "This is the path browser.",
    "required": true,
    "validator": "required"
  },
  {
    "type": "material-datepicker",
    "label": "Date",
    "model": "date",
    "hint": "This is the date picker.",
    "required": true,
    "validator": "required"
  },
  {
    "type": "material-timepicker",
    "label": "Time",
    "model": "time",
    "hint": "This is the time picker.",
    "required": true,
    "validator": "required"
  },
  {
    "type": "material-datetime",
    "label": "DateTime",
    "model": "datetime",
    "hint": "This is the datetime picker.",
    "required": true,
    "validator": "required"
  },
  {
    "type": "iconbrowser",
    "label": "Icon Chooser",
    "model": "icon",
    "hint": "Select an icon.",
    "required": true,
    "validator": "required",
    "families": [
      "material",
      "font awesome",
      "ionicons"
    ]
  },
  {
    "type": "material-multiselect",
    "label": "Multiselect",
    "placeholder": "Select a language",
    "model": "author",
    "selectOptions": {
      "trackBy": "name",
      "label": "name",
      "searchable": true,
      "closeOnSelect": false,
      "taggable": true,
      "deselectLabel": "x",
      "placeholder":"Select author"
    },
    "values": [
      { "name": "Byron Ponce", "value": "bp@headwire.com"},
      { "name": "Ruben Reusser", "value": "rr@headwire.com"},
      { "name": "Dustin Pelland", "value": "dp@headwire.com"},
      { "name": "Li Qin", "value": "lq@headwire.com"},
      { "name": "Robert Jolly", "value": "rj@headwire.com"},
      { "name": "Jason Groves", "value": "jg@headwire.com"}
    ],
    "hint": "This is the vue multiselect.",
    "required": true,
    "validator": "required"
  }, 
  {
    "type": "material-select",
    "label": "Select",
    "model": "language",
    "selectOptions": {
      "name": "name",
      "value": "value"
    },
    "values": [
      { "name": "English", "value": "en"},
      { "name": "Spanish", "value": "es"},
      { "name": "French", "value": "fr"}
    ],
    "hint": "This is the material select.",
    "required": true,
    "validator": "required"
  }
]}
