<?xml version="1.0" encoding="UTF-8"?>
<jcr:root xmlns:sling="http://sling.apache.org/jcr/sling/1.0" xmlns:jcr="http://www.jcp.org/jcr/1.0" xmlns:nt="http://www.jcp.org/jcr/nt/1.0"
            jcr:primaryType="per:Page"
            jcr:title="tf-cl | socialiconssample"
            jcr:description="socialiconssample themecleanflex component library"
>
    <jcr:content
        jcr:primaryType="per:PageContent"
        sling:resourceType="themecleanflex/components/page"
        jcr:title="socialiconssample"
        description="socialiconssample themecleanflex component library"
        brand="themecleanflex"
        template="/content/themecleanflex/templates"
            ><clheader
            jcr:primaryType="nt:unstructured" sling:resourceType="themecleanflex/components/header" htmlelement="header" backgroundtype="color" bgcolor="#eeeeee" colorscheme="light" toppadding="10" bottompadding="10" bgvideo="https://www.youtube.com/embed/Ju86mknumYM" collapsed="false" logo="/content/themecleanflex/assets/samples/peregrine-logo.svg" logoalttext="Peregrine CMS Logo" logourl="/content/themecleanflex/pages/library.html" logosize="60" buttonsize="default"><elevation jcr:primaryType="nt:unstructured"></elevation>
    <links jcr:primaryType="nt:unstructured"></links>
    <buttons jcr:primaryType="nt:unstructured"></buttons>
            </clheader><clbreadcrumb
        colorscheme="light"
        custombackground="false"
        backgroundtype="color"
        bgcolor="#eeeeee"
        htmlelement="nav"
        jcr:primaryType="nt:unstructured" sling:resourceType="themecleanflex/components/breadcrumb" level="2"><toppadding jcr:primaryType="nt:unstructured"></toppadding>
        <bottompadding jcr:primaryType="nt:unstructured"></bottompadding>
        </clbreadcrumb><pager0
        colorscheme="light"
        toppadding="30"
        bottompadding="30"
        custombackground="false"
        backgroundtype="color"
        bgcolor="#eeeeee"
        htmlelement="nav"
        prevlabel="&lt; previous"
        nextlabel="next &gt;"
        jcr:primaryType="nt:unstructured" sling:resourceType="themecleanflex/components/pager">
        </pager0><container204
            jcr:primaryType="nt:unstructured"
            sling:resourceType="themecleanflex/components/container"
            htmlelement="main">
            [object Object]<title1 jcr:primaryType="nt:unstructured" 
            sling:resourceType="themecleanflex/components/richtext" 
            toppadding="25"
            bottompadding="25"
            custombackground="true"
            backgroundtype="color"
            bgcolor="#eeeeee"
            text="&lt;h2&gt;Social Icons Sample Variation - background: color; colorscheme: dark; fullheight: true (.hidden)&lt;/h2&gt;">
        </title1><socialicons7
        jcr:primaryType="nt:unstructured" sling:resourceType="themecleanflex/components/socialicons" custombackground="true" bgsize="cover" backgroundtype="color" bgcolor="#ff80c0" colorscheme="dark" fullheight="true"><icons jcr:primaryType="nt:unstructured"><c2
        jcr:primaryType="nt:unstructured" url="https://www.facebook.com/" icon="facebook" iconalttext="Facebook">
        </c2><c3
        jcr:primaryType="nt:unstructured" url="https://twitter.com/" icon="twitter" iconalttext="Twitter">
        </c3><c4
        jcr:primaryType="nt:unstructured" url="https://www.instagram.com/" icon="instagram" iconalttext="Instagram">
        </c4><c5
        jcr:primaryType="nt:unstructured" url="https://www.pinterest.com/" icon="pinterest" iconalttext="Pinterest">
        </c5><c6
        jcr:primaryType="nt:unstructured" url="https://www.youtube.com/" icon="youtube" iconalttext="Youtube">
        </c6></icons>
        </socialicons7><title8 jcr:primaryType="nt:unstructured" 
            sling:resourceType="themecleanflex/components/richtext" 
            toppadding="25"
            bottompadding="25"
            custombackground="true"
            backgroundtype="color"
            bgcolor="#eeeeee"
            text="&lt;h2&gt;Social Icons Sample Variation - background: color; colorscheme: light; fullheight: false (.hidden)&lt;/h2&gt;">
        </title8><socialicons14
        jcr:primaryType="nt:unstructured" sling:resourceType="themecleanflex/components/socialicons" custombackground="true" bgsize="cover" backgroundtype="color" bgcolor="#ff80c0" colorscheme="light" fullheight="false"><icons jcr:primaryType="nt:unstructured"><c9
        jcr:primaryType="nt:unstructured" url="https://www.facebook.com/" icon="facebook" iconalttext="Facebook">
        </c9><c10
        jcr:primaryType="nt:unstructured" url="https://twitter.com/" icon="twitter" iconalttext="Twitter">
        </c10><c11
        jcr:primaryType="nt:unstructured" url="https://www.instagram.com/" icon="instagram" iconalttext="Instagram">
        </c11><c12
        jcr:primaryType="nt:unstructured" url="https://www.pinterest.com/" icon="pinterest" iconalttext="Pinterest">
        </c12><c13
        jcr:primaryType="nt:unstructured" url="https://www.youtube.com/" icon="youtube" iconalttext="Youtube">
        </c13></icons>
        </socialicons14><title15 jcr:primaryType="nt:unstructured" 
            sling:resourceType="themecleanflex/components/richtext" 
            toppadding="25"
            bottompadding="25"
            custombackground="true"
            backgroundtype="color"
            bgcolor="#eeeeee"
            text="&lt;h2&gt;Social Icons Sample Variation - background: color; colorscheme: light; fullheight: true (.hidden)&lt;/h2&gt;">
        </title15><socialicons21
        jcr:primaryType="nt:unstructured" sling:resourceType="themecleanflex/components/socialicons" custombackground="true" bgsize="cover" backgroundtype="color" bgcolor="#ff80c0" colorscheme="light" fullheight="true"><icons jcr:primaryType="nt:unstructured"><c16
        jcr:primaryType="nt:unstructured" url="https://www.facebook.com/" icon="facebook" iconalttext="Facebook">
        </c16><c17
        jcr:primaryType="nt:unstructured" url="https://twitter.com/" icon="twitter" iconalttext="Twitter">
        </c17><c18
        jcr:primaryType="nt:unstructured" url="https://www.instagram.com/" icon="instagram" iconalttext="Instagram">
        </c18><c19
        jcr:primaryType="nt:unstructured" url="https://www.pinterest.com/" icon="pinterest" iconalttext="Pinterest">
        </c19><c20
        jcr:primaryType="nt:unstructured" url="https://www.youtube.com/" icon="youtube" iconalttext="Youtube">
        </c20></icons>
        </socialicons21><title22 jcr:primaryType="nt:unstructured" 
            sling:resourceType="themecleanflex/components/richtext" 
            toppadding="25"
            bottompadding="25"
            custombackground="true"
            backgroundtype="color"
            bgcolor="#eeeeee"
            text="&lt;h2&gt;Social Icons Sample Variation - background: color; colorscheme: none; fullheight: false (.hidden)&lt;/h2&gt;">
        </title22><socialicons28
        jcr:primaryType="nt:unstructured" sling:resourceType="themecleanflex/components/socialicons" custombackground="true" bgsize="cover" backgroundtype="color" bgcolor="#ff80c0" colorscheme="" fullheight="false"><icons jcr:primaryType="nt:unstructured"><c23
        jcr:primaryType="nt:unstructured" url="https://www.facebook.com/" icon="facebook" iconalttext="Facebook">
        </c23><c24
        jcr:primaryType="nt:unstructured" url="https://twitter.com/" icon="twitter" iconalttext="Twitter">
        </c24><c25
        jcr:primaryType="nt:unstructured" url="https://www.instagram.com/" icon="instagram" iconalttext="Instagram">
        </c25><c26
        jcr:primaryType="nt:unstructured" url="https://www.pinterest.com/" icon="pinterest" iconalttext="Pinterest">
        </c26><c27
        jcr:primaryType="nt:unstructured" url="https://www.youtube.com/" icon="youtube" iconalttext="Youtube">
        </c27></icons>
        </socialicons28><title29 jcr:primaryType="nt:unstructured" 
            sling:resourceType="themecleanflex/components/richtext" 
            toppadding="25"
            bottompadding="25"
            custombackground="true"
            backgroundtype="color"
            bgcolor="#eeeeee"
            text="&lt;h2&gt;Social Icons Sample Variation - background: color; colorscheme: none; fullheight: true (.hidden)&lt;/h2&gt;">
        </title29><socialicons35
        jcr:primaryType="nt:unstructured" sling:resourceType="themecleanflex/components/socialicons" custombackground="true" bgsize="cover" backgroundtype="color" bgcolor="#ff80c0" colorscheme="" fullheight="true"><icons jcr:primaryType="nt:unstructured"><c30
        jcr:primaryType="nt:unstructured" url="https://www.facebook.com/" icon="facebook" iconalttext="Facebook">
        </c30><c31
        jcr:primaryType="nt:unstructured" url="https://twitter.com/" icon="twitter" iconalttext="Twitter">
        </c31><c32
        jcr:primaryType="nt:unstructured" url="https://www.instagram.com/" icon="instagram" iconalttext="Instagram">
        </c32><c33
        jcr:primaryType="nt:unstructured" url="https://www.pinterest.com/" icon="pinterest" iconalttext="Pinterest">
        </c33><c34
        jcr:primaryType="nt:unstructured" url="https://www.youtube.com/" icon="youtube" iconalttext="Youtube">
        </c34></icons>
        </socialicons35><title36 jcr:primaryType="nt:unstructured" 
            sling:resourceType="themecleanflex/components/richtext" 
            toppadding="25"
            bottompadding="25"
            custombackground="true"
            backgroundtype="color"
            bgcolor="#eeeeee"
            text="&lt;h2&gt;Social Icons Sample Variation - background: gradient; colorscheme: dark; fullheight: false (.hidden)&lt;/h2&gt;">
        </title36><socialicons42
        jcr:primaryType="nt:unstructured" sling:resourceType="themecleanflex/components/socialicons" custombackground="true" bgsize="cover" backgroundtype="gradient" bgcolor="#ff8040" color2="#0080ff" colorscheme="dark" fullheight="false"><icons jcr:primaryType="nt:unstructured"><c37
        jcr:primaryType="nt:unstructured" url="https://www.facebook.com/" icon="facebook" iconalttext="Facebook">
        </c37><c38
        jcr:primaryType="nt:unstructured" url="https://twitter.com/" icon="twitter" iconalttext="Twitter">
        </c38><c39
        jcr:primaryType="nt:unstructured" url="https://www.instagram.com/" icon="instagram" iconalttext="Instagram">
        </c39><c40
        jcr:primaryType="nt:unstructured" url="https://www.pinterest.com/" icon="pinterest" iconalttext="Pinterest">
        </c40><c41
        jcr:primaryType="nt:unstructured" url="https://www.youtube.com/" icon="youtube" iconalttext="Youtube">
        </c41></icons>
        </socialicons42><title43 jcr:primaryType="nt:unstructured" 
            sling:resourceType="themecleanflex/components/richtext" 
            toppadding="25"
            bottompadding="25"
            custombackground="true"
            backgroundtype="color"
            bgcolor="#eeeeee"
            text="&lt;h2&gt;Social Icons Sample Variation - background: gradient; colorscheme: dark; fullheight: true (.hidden)&lt;/h2&gt;">
        </title43><socialicons49
        jcr:primaryType="nt:unstructured" sling:resourceType="themecleanflex/components/socialicons" custombackground="true" bgsize="cover" backgroundtype="gradient" bgcolor="#ff8040" color2="#0080ff" colorscheme="dark" fullheight="true"><icons jcr:primaryType="nt:unstructured"><c44
        jcr:primaryType="nt:unstructured" url="https://www.facebook.com/" icon="facebook" iconalttext="Facebook">
        </c44><c45
        jcr:primaryType="nt:unstructured" url="https://twitter.com/" icon="twitter" iconalttext="Twitter">
        </c45><c46
        jcr:primaryType="nt:unstructured" url="https://www.instagram.com/" icon="instagram" iconalttext="Instagram">
        </c46><c47
        jcr:primaryType="nt:unstructured" url="https://www.pinterest.com/" icon="pinterest" iconalttext="Pinterest">
        </c47><c48
        jcr:primaryType="nt:unstructured" url="https://www.youtube.com/" icon="youtube" iconalttext="Youtube">
        </c48></icons>
        </socialicons49><title50 jcr:primaryType="nt:unstructured" 
            sling:resourceType="themecleanflex/components/richtext" 
            toppadding="25"
            bottompadding="25"
            custombackground="true"
            backgroundtype="color"
            bgcolor="#eeeeee"
            text="&lt;h2&gt;Social Icons Sample Variation - background: gradient; colorscheme: light; fullheight: false (.hidden)&lt;/h2&gt;">
        </title50><socialicons56
        jcr:primaryType="nt:unstructured" sling:resourceType="themecleanflex/components/socialicons" custombackground="true" bgsize="cover" backgroundtype="gradient" bgcolor="#ff8040" color2="#0080ff" colorscheme="light" fullheight="false"><icons jcr:primaryType="nt:unstructured"><c51
        jcr:primaryType="nt:unstructured" url="https://www.facebook.com/" icon="facebook" iconalttext="Facebook">
        </c51><c52
        jcr:primaryType="nt:unstructured" url="https://twitter.com/" icon="twitter" iconalttext="Twitter">
        </c52><c53
        jcr:primaryType="nt:unstructured" url="https://www.instagram.com/" icon="instagram" iconalttext="Instagram">
        </c53><c54
        jcr:primaryType="nt:unstructured" url="https://www.pinterest.com/" icon="pinterest" iconalttext="Pinterest">
        </c54><c55
        jcr:primaryType="nt:unstructured" url="https://www.youtube.com/" icon="youtube" iconalttext="Youtube">
        </c55></icons>
        </socialicons56><title57 jcr:primaryType="nt:unstructured" 
            sling:resourceType="themecleanflex/components/richtext" 
            toppadding="25"
            bottompadding="25"
            custombackground="true"
            backgroundtype="color"
            bgcolor="#eeeeee"
            text="&lt;h2&gt;Social Icons Sample Variation - background: gradient; colorscheme: light; fullheight: true (.hidden)&lt;/h2&gt;">
        </title57><socialicons63
        jcr:primaryType="nt:unstructured" sling:resourceType="themecleanflex/components/socialicons" custombackground="true" bgsize="cover" backgroundtype="gradient" bgcolor="#ff8040" color2="#0080ff" colorscheme="light" fullheight="true"><icons jcr:primaryType="nt:unstructured"><c58
        jcr:primaryType="nt:unstructured" url="https://www.facebook.com/" icon="facebook" iconalttext="Facebook">
        </c58><c59
        jcr:primaryType="nt:unstructured" url="https://twitter.com/" icon="twitter" iconalttext="Twitter">
        </c59><c60
        jcr:primaryType="nt:unstructured" url="https://www.instagram.com/" icon="instagram" iconalttext="Instagram">
        </c60><c61
        jcr:primaryType="nt:unstructured" url="https://www.pinterest.com/" icon="pinterest" iconalttext="Pinterest">
        </c61><c62
        jcr:primaryType="nt:unstructured" url="https://www.youtube.com/" icon="youtube" iconalttext="Youtube">
        </c62></icons>
        </socialicons63><title64 jcr:primaryType="nt:unstructured" 
            sling:resourceType="themecleanflex/components/richtext" 
            toppadding="25"
            bottompadding="25"
            custombackground="true"
            backgroundtype="color"
            bgcolor="#eeeeee"
            text="&lt;h2&gt;Social Icons Sample Variation - background: gradient; colorscheme: none; fullheight: false (.hidden)&lt;/h2&gt;">
        </title64><socialicons70
        jcr:primaryType="nt:unstructured" sling:resourceType="themecleanflex/components/socialicons" custombackground="true" bgsize="cover" backgroundtype="gradient" bgcolor="#ff8040" color2="#0080ff" colorscheme="" fullheight="false"><icons jcr:primaryType="nt:unstructured"><c65
        jcr:primaryType="nt:unstructured" url="https://www.facebook.com/" icon="facebook" iconalttext="Facebook">
        </c65><c66
        jcr:primaryType="nt:unstructured" url="https://twitter.com/" icon="twitter" iconalttext="Twitter">
        </c66><c67
        jcr:primaryType="nt:unstructured" url="https://www.instagram.com/" icon="instagram" iconalttext="Instagram">
        </c67><c68
        jcr:primaryType="nt:unstructured" url="https://www.pinterest.com/" icon="pinterest" iconalttext="Pinterest">
        </c68><c69
        jcr:primaryType="nt:unstructured" url="https://www.youtube.com/" icon="youtube" iconalttext="Youtube">
        </c69></icons>
        </socialicons70><title71 jcr:primaryType="nt:unstructured" 
            sling:resourceType="themecleanflex/components/richtext" 
            toppadding="25"
            bottompadding="25"
            custombackground="true"
            backgroundtype="color"
            bgcolor="#eeeeee"
            text="&lt;h2&gt;Social Icons Sample Variation - background: gradient; colorscheme: none; fullheight: true (.hidden)&lt;/h2&gt;">
        </title71><socialicons77
        jcr:primaryType="nt:unstructured" sling:resourceType="themecleanflex/components/socialicons" custombackground="true" bgsize="cover" backgroundtype="gradient" bgcolor="#ff8040" color2="#0080ff" colorscheme="" fullheight="true"><icons jcr:primaryType="nt:unstructured"><c72
        jcr:primaryType="nt:unstructured" url="https://www.facebook.com/" icon="facebook" iconalttext="Facebook">
        </c72><c73
        jcr:primaryType="nt:unstructured" url="https://twitter.com/" icon="twitter" iconalttext="Twitter">
        </c73><c74
        jcr:primaryType="nt:unstructured" url="https://www.instagram.com/" icon="instagram" iconalttext="Instagram">
        </c74><c75
        jcr:primaryType="nt:unstructured" url="https://www.pinterest.com/" icon="pinterest" iconalttext="Pinterest">
        </c75><c76
        jcr:primaryType="nt:unstructured" url="https://www.youtube.com/" icon="youtube" iconalttext="Youtube">
        </c76></icons>
        </socialicons77><title78 jcr:primaryType="nt:unstructured" 
            sling:resourceType="themecleanflex/components/richtext" 
            toppadding="25"
            bottompadding="25"
            custombackground="true"
            backgroundtype="color"
            bgcolor="#eeeeee"
            text="&lt;h2&gt;Social Icons Sample Variation - background: image; colorscheme: dark; fullheight: false (.hidden)&lt;/h2&gt;">
        </title78><socialicons84
        jcr:primaryType="nt:unstructured" sling:resourceType="themecleanflex/components/socialicons" custombackground="true" bgsize="cover" backgroundtype="image" bgimage="/content/themecleanflex/assets/samples/beach-bird-s-eye-view-daytime-1249586.jpg" colorscheme="dark" fullheight="false"><icons jcr:primaryType="nt:unstructured"><c79
        jcr:primaryType="nt:unstructured" url="https://www.facebook.com/" icon="facebook" iconalttext="Facebook">
        </c79><c80
        jcr:primaryType="nt:unstructured" url="https://twitter.com/" icon="twitter" iconalttext="Twitter">
        </c80><c81
        jcr:primaryType="nt:unstructured" url="https://www.instagram.com/" icon="instagram" iconalttext="Instagram">
        </c81><c82
        jcr:primaryType="nt:unstructured" url="https://www.pinterest.com/" icon="pinterest" iconalttext="Pinterest">
        </c82><c83
        jcr:primaryType="nt:unstructured" url="https://www.youtube.com/" icon="youtube" iconalttext="Youtube">
        </c83></icons>
        </socialicons84><title85 jcr:primaryType="nt:unstructured" 
            sling:resourceType="themecleanflex/components/richtext" 
            toppadding="25"
            bottompadding="25"
            custombackground="true"
            backgroundtype="color"
            bgcolor="#eeeeee"
            text="&lt;h2&gt;Social Icons Sample Variation - background: image; colorscheme: dark; fullheight: true (.hidden)&lt;/h2&gt;">
        </title85><socialicons91
        jcr:primaryType="nt:unstructured" sling:resourceType="themecleanflex/components/socialicons" custombackground="true" bgsize="cover" backgroundtype="image" bgimage="/content/themecleanflex/assets/samples/beach-bird-s-eye-view-daytime-1249586.jpg" colorscheme="dark" fullheight="true"><icons jcr:primaryType="nt:unstructured"><c86
        jcr:primaryType="nt:unstructured" url="https://www.facebook.com/" icon="facebook" iconalttext="Facebook">
        </c86><c87
        jcr:primaryType="nt:unstructured" url="https://twitter.com/" icon="twitter" iconalttext="Twitter">
        </c87><c88
        jcr:primaryType="nt:unstructured" url="https://www.instagram.com/" icon="instagram" iconalttext="Instagram">
        </c88><c89
        jcr:primaryType="nt:unstructured" url="https://www.pinterest.com/" icon="pinterest" iconalttext="Pinterest">
        </c89><c90
        jcr:primaryType="nt:unstructured" url="https://www.youtube.com/" icon="youtube" iconalttext="Youtube">
        </c90></icons>
        </socialicons91><title92 jcr:primaryType="nt:unstructured" 
            sling:resourceType="themecleanflex/components/richtext" 
            toppadding="25"
            bottompadding="25"
            custombackground="true"
            backgroundtype="color"
            bgcolor="#eeeeee"
            text="&lt;h2&gt;Social Icons Sample Variation - background: image; colorscheme: light; fullheight: false (.hidden)&lt;/h2&gt;">
        </title92><socialicons98
        jcr:primaryType="nt:unstructured" sling:resourceType="themecleanflex/components/socialicons" custombackground="true" bgsize="cover" backgroundtype="image" bgimage="/content/themecleanflex/assets/samples/beach-bird-s-eye-view-daytime-1249586.jpg" colorscheme="light" fullheight="false"><icons jcr:primaryType="nt:unstructured"><c93
        jcr:primaryType="nt:unstructured" url="https://www.facebook.com/" icon="facebook" iconalttext="Facebook">
        </c93><c94
        jcr:primaryType="nt:unstructured" url="https://twitter.com/" icon="twitter" iconalttext="Twitter">
        </c94><c95
        jcr:primaryType="nt:unstructured" url="https://www.instagram.com/" icon="instagram" iconalttext="Instagram">
        </c95><c96
        jcr:primaryType="nt:unstructured" url="https://www.pinterest.com/" icon="pinterest" iconalttext="Pinterest">
        </c96><c97
        jcr:primaryType="nt:unstructured" url="https://www.youtube.com/" icon="youtube" iconalttext="Youtube">
        </c97></icons>
        </socialicons98><title99 jcr:primaryType="nt:unstructured" 
            sling:resourceType="themecleanflex/components/richtext" 
            toppadding="25"
            bottompadding="25"
            custombackground="true"
            backgroundtype="color"
            bgcolor="#eeeeee"
            text="&lt;h2&gt;Social Icons Sample Variation - background: image; colorscheme: light; fullheight: true (.hidden)&lt;/h2&gt;">
        </title99><socialicons105
        jcr:primaryType="nt:unstructured" sling:resourceType="themecleanflex/components/socialicons" custombackground="true" bgsize="cover" backgroundtype="image" bgimage="/content/themecleanflex/assets/samples/beach-bird-s-eye-view-daytime-1249586.jpg" colorscheme="light" fullheight="true"><icons jcr:primaryType="nt:unstructured"><c100
        jcr:primaryType="nt:unstructured" url="https://www.facebook.com/" icon="facebook" iconalttext="Facebook">
        </c100><c101
        jcr:primaryType="nt:unstructured" url="https://twitter.com/" icon="twitter" iconalttext="Twitter">
        </c101><c102
        jcr:primaryType="nt:unstructured" url="https://www.instagram.com/" icon="instagram" iconalttext="Instagram">
        </c102><c103
        jcr:primaryType="nt:unstructured" url="https://www.pinterest.com/" icon="pinterest" iconalttext="Pinterest">
        </c103><c104
        jcr:primaryType="nt:unstructured" url="https://www.youtube.com/" icon="youtube" iconalttext="Youtube">
        </c104></icons>
        </socialicons105><title106 jcr:primaryType="nt:unstructured" 
            sling:resourceType="themecleanflex/components/richtext" 
            toppadding="25"
            bottompadding="25"
            custombackground="true"
            backgroundtype="color"
            bgcolor="#eeeeee"
            text="&lt;h2&gt;Social Icons Sample Variation - background: image; colorscheme: none; fullheight: false (.hidden)&lt;/h2&gt;">
        </title106><socialicons112
        jcr:primaryType="nt:unstructured" sling:resourceType="themecleanflex/components/socialicons" custombackground="true" bgsize="cover" backgroundtype="image" bgimage="/content/themecleanflex/assets/samples/beach-bird-s-eye-view-daytime-1249586.jpg" colorscheme="" fullheight="false"><icons jcr:primaryType="nt:unstructured"><c107
        jcr:primaryType="nt:unstructured" url="https://www.facebook.com/" icon="facebook" iconalttext="Facebook">
        </c107><c108
        jcr:primaryType="nt:unstructured" url="https://twitter.com/" icon="twitter" iconalttext="Twitter">
        </c108><c109
        jcr:primaryType="nt:unstructured" url="https://www.instagram.com/" icon="instagram" iconalttext="Instagram">
        </c109><c110
        jcr:primaryType="nt:unstructured" url="https://www.pinterest.com/" icon="pinterest" iconalttext="Pinterest">
        </c110><c111
        jcr:primaryType="nt:unstructured" url="https://www.youtube.com/" icon="youtube" iconalttext="Youtube">
        </c111></icons>
        </socialicons112><title113 jcr:primaryType="nt:unstructured" 
            sling:resourceType="themecleanflex/components/richtext" 
            toppadding="25"
            bottompadding="25"
            custombackground="true"
            backgroundtype="color"
            bgcolor="#eeeeee"
            text="&lt;h2&gt;Social Icons Sample Variation - background: image; colorscheme: none; fullheight: true (.hidden)&lt;/h2&gt;">
        </title113><socialicons119
        jcr:primaryType="nt:unstructured" sling:resourceType="themecleanflex/components/socialicons" custombackground="true" bgsize="cover" backgroundtype="image" bgimage="/content/themecleanflex/assets/samples/beach-bird-s-eye-view-daytime-1249586.jpg" colorscheme="" fullheight="true"><icons jcr:primaryType="nt:unstructured"><c114
        jcr:primaryType="nt:unstructured" url="https://www.facebook.com/" icon="facebook" iconalttext="Facebook">
        </c114><c115
        jcr:primaryType="nt:unstructured" url="https://twitter.com/" icon="twitter" iconalttext="Twitter">
        </c115><c116
        jcr:primaryType="nt:unstructured" url="https://www.instagram.com/" icon="instagram" iconalttext="Instagram">
        </c116><c117
        jcr:primaryType="nt:unstructured" url="https://www.pinterest.com/" icon="pinterest" iconalttext="Pinterest">
        </c117><c118
        jcr:primaryType="nt:unstructured" url="https://www.youtube.com/" icon="youtube" iconalttext="Youtube">
        </c118></icons>
        </socialicons119><title120 jcr:primaryType="nt:unstructured" 
            sling:resourceType="themecleanflex/components/richtext" 
            toppadding="25"
            bottompadding="25"
            custombackground="true"
            backgroundtype="color"
            bgcolor="#eeeeee"
            text="&lt;h2&gt;Social Icons Sample Variation - background: none; colorscheme: dark; fullheight: false (.hidden)&lt;/h2&gt;">
        </title120><socialicons126
        jcr:primaryType="nt:unstructured" sling:resourceType="themecleanflex/components/socialicons" custombackground="false" colorscheme="dark" fullheight="false"><icons jcr:primaryType="nt:unstructured"><c121
        jcr:primaryType="nt:unstructured" url="https://www.facebook.com/" icon="facebook" iconalttext="Facebook">
        </c121><c122
        jcr:primaryType="nt:unstructured" url="https://twitter.com/" icon="twitter" iconalttext="Twitter">
        </c122><c123
        jcr:primaryType="nt:unstructured" url="https://www.instagram.com/" icon="instagram" iconalttext="Instagram">
        </c123><c124
        jcr:primaryType="nt:unstructured" url="https://www.pinterest.com/" icon="pinterest" iconalttext="Pinterest">
        </c124><c125
        jcr:primaryType="nt:unstructured" url="https://www.youtube.com/" icon="youtube" iconalttext="Youtube">
        </c125></icons>
        </socialicons126><title127 jcr:primaryType="nt:unstructured" 
            sling:resourceType="themecleanflex/components/richtext" 
            toppadding="25"
            bottompadding="25"
            custombackground="true"
            backgroundtype="color"
            bgcolor="#eeeeee"
            text="&lt;h2&gt;Social Icons Sample Variation - background: none; colorscheme: dark; fullheight: true (.hidden)&lt;/h2&gt;">
        </title127><socialicons133
        jcr:primaryType="nt:unstructured" sling:resourceType="themecleanflex/components/socialicons" custombackground="false" colorscheme="dark" fullheight="true"><icons jcr:primaryType="nt:unstructured"><c128
        jcr:primaryType="nt:unstructured" url="https://www.facebook.com/" icon="facebook" iconalttext="Facebook">
        </c128><c129
        jcr:primaryType="nt:unstructured" url="https://twitter.com/" icon="twitter" iconalttext="Twitter">
        </c129><c130
        jcr:primaryType="nt:unstructured" url="https://www.instagram.com/" icon="instagram" iconalttext="Instagram">
        </c130><c131
        jcr:primaryType="nt:unstructured" url="https://www.pinterest.com/" icon="pinterest" iconalttext="Pinterest">
        </c131><c132
        jcr:primaryType="nt:unstructured" url="https://www.youtube.com/" icon="youtube" iconalttext="Youtube">
        </c132></icons>
        </socialicons133><title134 jcr:primaryType="nt:unstructured" 
            sling:resourceType="themecleanflex/components/richtext" 
            toppadding="25"
            bottompadding="25"
            custombackground="true"
            backgroundtype="color"
            bgcolor="#eeeeee"
            text="&lt;h2&gt;Social Icons Sample Variation - background: none; colorscheme: light; fullheight: false (.hidden)&lt;/h2&gt;">
        </title134><socialicons140
        jcr:primaryType="nt:unstructured" sling:resourceType="themecleanflex/components/socialicons" custombackground="false" colorscheme="light" fullheight="false"><icons jcr:primaryType="nt:unstructured"><c135
        jcr:primaryType="nt:unstructured" url="https://www.facebook.com/" icon="facebook" iconalttext="Facebook">
        </c135><c136
        jcr:primaryType="nt:unstructured" url="https://twitter.com/" icon="twitter" iconalttext="Twitter">
        </c136><c137
        jcr:primaryType="nt:unstructured" url="https://www.instagram.com/" icon="instagram" iconalttext="Instagram">
        </c137><c138
        jcr:primaryType="nt:unstructured" url="https://www.pinterest.com/" icon="pinterest" iconalttext="Pinterest">
        </c138><c139
        jcr:primaryType="nt:unstructured" url="https://www.youtube.com/" icon="youtube" iconalttext="Youtube">
        </c139></icons>
        </socialicons140><title141 jcr:primaryType="nt:unstructured" 
            sling:resourceType="themecleanflex/components/richtext" 
            toppadding="25"
            bottompadding="25"
            custombackground="true"
            backgroundtype="color"
            bgcolor="#eeeeee"
            text="&lt;h2&gt;Social Icons Sample Variation - background: none; colorscheme: light; fullheight: true (.hidden)&lt;/h2&gt;">
        </title141><socialicons147
        jcr:primaryType="nt:unstructured" sling:resourceType="themecleanflex/components/socialicons" custombackground="false" colorscheme="light" fullheight="true"><icons jcr:primaryType="nt:unstructured"><c142
        jcr:primaryType="nt:unstructured" url="https://www.facebook.com/" icon="facebook" iconalttext="Facebook">
        </c142><c143
        jcr:primaryType="nt:unstructured" url="https://twitter.com/" icon="twitter" iconalttext="Twitter">
        </c143><c144
        jcr:primaryType="nt:unstructured" url="https://www.instagram.com/" icon="instagram" iconalttext="Instagram">
        </c144><c145
        jcr:primaryType="nt:unstructured" url="https://www.pinterest.com/" icon="pinterest" iconalttext="Pinterest">
        </c145><c146
        jcr:primaryType="nt:unstructured" url="https://www.youtube.com/" icon="youtube" iconalttext="Youtube">
        </c146></icons>
        </socialicons147><title148 jcr:primaryType="nt:unstructured" 
            sling:resourceType="themecleanflex/components/richtext" 
            toppadding="25"
            bottompadding="25"
            custombackground="true"
            backgroundtype="color"
            bgcolor="#eeeeee"
            text="&lt;h2&gt;Social Icons Sample Variation - background: none; colorscheme: none; fullheight: false (.hidden)&lt;/h2&gt;">
        </title148><socialicons154
        jcr:primaryType="nt:unstructured" sling:resourceType="themecleanflex/components/socialicons" custombackground="false" colorscheme="" fullheight="false"><icons jcr:primaryType="nt:unstructured"><c149
        jcr:primaryType="nt:unstructured" url="https://www.facebook.com/" icon="facebook" iconalttext="Facebook">
        </c149><c150
        jcr:primaryType="nt:unstructured" url="https://twitter.com/" icon="twitter" iconalttext="Twitter">
        </c150><c151
        jcr:primaryType="nt:unstructured" url="https://www.instagram.com/" icon="instagram" iconalttext="Instagram">
        </c151><c152
        jcr:primaryType="nt:unstructured" url="https://www.pinterest.com/" icon="pinterest" iconalttext="Pinterest">
        </c152><c153
        jcr:primaryType="nt:unstructured" url="https://www.youtube.com/" icon="youtube" iconalttext="Youtube">
        </c153></icons>
        </socialicons154><title155 jcr:primaryType="nt:unstructured" 
            sling:resourceType="themecleanflex/components/richtext" 
            toppadding="25"
            bottompadding="25"
            custombackground="true"
            backgroundtype="color"
            bgcolor="#eeeeee"
            text="&lt;h2&gt;Social Icons Sample Variation - background: none; colorscheme: none; fullheight: true (.hidden)&lt;/h2&gt;">
        </title155><socialicons161
        jcr:primaryType="nt:unstructured" sling:resourceType="themecleanflex/components/socialicons" custombackground="false" colorscheme="" fullheight="true"><icons jcr:primaryType="nt:unstructured"><c156
        jcr:primaryType="nt:unstructured" url="https://www.facebook.com/" icon="facebook" iconalttext="Facebook">
        </c156><c157
        jcr:primaryType="nt:unstructured" url="https://twitter.com/" icon="twitter" iconalttext="Twitter">
        </c157><c158
        jcr:primaryType="nt:unstructured" url="https://www.instagram.com/" icon="instagram" iconalttext="Instagram">
        </c158><c159
        jcr:primaryType="nt:unstructured" url="https://www.pinterest.com/" icon="pinterest" iconalttext="Pinterest">
        </c159><c160
        jcr:primaryType="nt:unstructured" url="https://www.youtube.com/" icon="youtube" iconalttext="Youtube">
        </c160></icons>
        </socialicons161><title162 jcr:primaryType="nt:unstructured" 
            sling:resourceType="themecleanflex/components/richtext" 
            toppadding="25"
            bottompadding="25"
            custombackground="true"
            backgroundtype="color"
            bgcolor="#eeeeee"
            text="&lt;h2&gt;Social Icons Sample Variation - background: video; colorscheme: dark; fullheight: false (.hidden)&lt;/h2&gt;">
        </title162><socialicons168
        jcr:primaryType="nt:unstructured" sling:resourceType="themecleanflex/components/socialicons" custombackground="true" bgsize="cover" backgroundtype="video" bgvideo="https://www.youtube.com/embed/Ju86mknumYM" colorscheme="dark" fullheight="false"><icons jcr:primaryType="nt:unstructured"><c163
        jcr:primaryType="nt:unstructured" url="https://www.facebook.com/" icon="facebook" iconalttext="Facebook">
        </c163><c164
        jcr:primaryType="nt:unstructured" url="https://twitter.com/" icon="twitter" iconalttext="Twitter">
        </c164><c165
        jcr:primaryType="nt:unstructured" url="https://www.instagram.com/" icon="instagram" iconalttext="Instagram">
        </c165><c166
        jcr:primaryType="nt:unstructured" url="https://www.pinterest.com/" icon="pinterest" iconalttext="Pinterest">
        </c166><c167
        jcr:primaryType="nt:unstructured" url="https://www.youtube.com/" icon="youtube" iconalttext="Youtube">
        </c167></icons>
        </socialicons168><title169 jcr:primaryType="nt:unstructured" 
            sling:resourceType="themecleanflex/components/richtext" 
            toppadding="25"
            bottompadding="25"
            custombackground="true"
            backgroundtype="color"
            bgcolor="#eeeeee"
            text="&lt;h2&gt;Social Icons Sample Variation - background: video; colorscheme: dark; fullheight: true (.hidden)&lt;/h2&gt;">
        </title169><socialicons175
        jcr:primaryType="nt:unstructured" sling:resourceType="themecleanflex/components/socialicons" custombackground="true" bgsize="cover" backgroundtype="video" bgvideo="https://www.youtube.com/embed/Ju86mknumYM" colorscheme="dark" fullheight="true"><icons jcr:primaryType="nt:unstructured"><c170
        jcr:primaryType="nt:unstructured" url="https://www.facebook.com/" icon="facebook" iconalttext="Facebook">
        </c170><c171
        jcr:primaryType="nt:unstructured" url="https://twitter.com/" icon="twitter" iconalttext="Twitter">
        </c171><c172
        jcr:primaryType="nt:unstructured" url="https://www.instagram.com/" icon="instagram" iconalttext="Instagram">
        </c172><c173
        jcr:primaryType="nt:unstructured" url="https://www.pinterest.com/" icon="pinterest" iconalttext="Pinterest">
        </c173><c174
        jcr:primaryType="nt:unstructured" url="https://www.youtube.com/" icon="youtube" iconalttext="Youtube">
        </c174></icons>
        </socialicons175><title176 jcr:primaryType="nt:unstructured" 
            sling:resourceType="themecleanflex/components/richtext" 
            toppadding="25"
            bottompadding="25"
            custombackground="true"
            backgroundtype="color"
            bgcolor="#eeeeee"
            text="&lt;h2&gt;Social Icons Sample Variation - background: video; colorscheme: light; fullheight: false (.hidden)&lt;/h2&gt;">
        </title176><socialicons182
        jcr:primaryType="nt:unstructured" sling:resourceType="themecleanflex/components/socialicons" custombackground="true" bgsize="cover" backgroundtype="video" bgvideo="https://www.youtube.com/embed/Ju86mknumYM" colorscheme="light" fullheight="false"><icons jcr:primaryType="nt:unstructured"><c177
        jcr:primaryType="nt:unstructured" url="https://www.facebook.com/" icon="facebook" iconalttext="Facebook">
        </c177><c178
        jcr:primaryType="nt:unstructured" url="https://twitter.com/" icon="twitter" iconalttext="Twitter">
        </c178><c179
        jcr:primaryType="nt:unstructured" url="https://www.instagram.com/" icon="instagram" iconalttext="Instagram">
        </c179><c180
        jcr:primaryType="nt:unstructured" url="https://www.pinterest.com/" icon="pinterest" iconalttext="Pinterest">
        </c180><c181
        jcr:primaryType="nt:unstructured" url="https://www.youtube.com/" icon="youtube" iconalttext="Youtube">
        </c181></icons>
        </socialicons182><title183 jcr:primaryType="nt:unstructured" 
            sling:resourceType="themecleanflex/components/richtext" 
            toppadding="25"
            bottompadding="25"
            custombackground="true"
            backgroundtype="color"
            bgcolor="#eeeeee"
            text="&lt;h2&gt;Social Icons Sample Variation - background: video; colorscheme: light; fullheight: true (.hidden)&lt;/h2&gt;">
        </title183><socialicons189
        jcr:primaryType="nt:unstructured" sling:resourceType="themecleanflex/components/socialicons" custombackground="true" bgsize="cover" backgroundtype="video" bgvideo="https://www.youtube.com/embed/Ju86mknumYM" colorscheme="light" fullheight="true"><icons jcr:primaryType="nt:unstructured"><c184
        jcr:primaryType="nt:unstructured" url="https://www.facebook.com/" icon="facebook" iconalttext="Facebook">
        </c184><c185
        jcr:primaryType="nt:unstructured" url="https://twitter.com/" icon="twitter" iconalttext="Twitter">
        </c185><c186
        jcr:primaryType="nt:unstructured" url="https://www.instagram.com/" icon="instagram" iconalttext="Instagram">
        </c186><c187
        jcr:primaryType="nt:unstructured" url="https://www.pinterest.com/" icon="pinterest" iconalttext="Pinterest">
        </c187><c188
        jcr:primaryType="nt:unstructured" url="https://www.youtube.com/" icon="youtube" iconalttext="Youtube">
        </c188></icons>
        </socialicons189><title190 jcr:primaryType="nt:unstructured" 
            sling:resourceType="themecleanflex/components/richtext" 
            toppadding="25"
            bottompadding="25"
            custombackground="true"
            backgroundtype="color"
            bgcolor="#eeeeee"
            text="&lt;h2&gt;Social Icons Sample Variation - background: video; colorscheme: none; fullheight: false (.hidden)&lt;/h2&gt;">
        </title190><socialicons196
        jcr:primaryType="nt:unstructured" sling:resourceType="themecleanflex/components/socialicons" custombackground="true" bgsize="cover" backgroundtype="video" bgvideo="https://www.youtube.com/embed/Ju86mknumYM" colorscheme="" fullheight="false"><icons jcr:primaryType="nt:unstructured"><c191
        jcr:primaryType="nt:unstructured" url="https://www.facebook.com/" icon="facebook" iconalttext="Facebook">
        </c191><c192
        jcr:primaryType="nt:unstructured" url="https://twitter.com/" icon="twitter" iconalttext="Twitter">
        </c192><c193
        jcr:primaryType="nt:unstructured" url="https://www.instagram.com/" icon="instagram" iconalttext="Instagram">
        </c193><c194
        jcr:primaryType="nt:unstructured" url="https://www.pinterest.com/" icon="pinterest" iconalttext="Pinterest">
        </c194><c195
        jcr:primaryType="nt:unstructured" url="https://www.youtube.com/" icon="youtube" iconalttext="Youtube">
        </c195></icons>
        </socialicons196><title197 jcr:primaryType="nt:unstructured" 
            sling:resourceType="themecleanflex/components/richtext" 
            toppadding="25"
            bottompadding="25"
            custombackground="true"
            backgroundtype="color"
            bgcolor="#eeeeee"
            text="&lt;h2&gt;Social Icons Sample Variation - background: video; colorscheme: none; fullheight: true (.hidden)&lt;/h2&gt;">
        </title197><socialicons203
        jcr:primaryType="nt:unstructured" sling:resourceType="themecleanflex/components/socialicons" custombackground="true" bgsize="cover" backgroundtype="video" bgvideo="https://www.youtube.com/embed/Ju86mknumYM" colorscheme="" fullheight="true"><icons jcr:primaryType="nt:unstructured"><c198
        jcr:primaryType="nt:unstructured" url="https://www.facebook.com/" icon="facebook" iconalttext="Facebook">
        </c198><c199
        jcr:primaryType="nt:unstructured" url="https://twitter.com/" icon="twitter" iconalttext="Twitter">
        </c199><c200
        jcr:primaryType="nt:unstructured" url="https://www.instagram.com/" icon="instagram" iconalttext="Instagram">
        </c200><c201
        jcr:primaryType="nt:unstructured" url="https://www.pinterest.com/" icon="pinterest" iconalttext="Pinterest">
        </c201><c202
        jcr:primaryType="nt:unstructured" url="https://www.youtube.com/" icon="youtube" iconalttext="Youtube">
        </c202></icons>
        </socialicons203>
        </container204><pager205
        colorscheme="light"
        toppadding="30"
        bottompadding="30"
        custombackground="false"
        backgroundtype="color"
        bgcolor="#eeeeee"
        htmlelement="nav"
        prevlabel="&lt; previous"
        nextlabel="next &gt;"
        jcr:primaryType="nt:unstructured" sling:resourceType="themecleanflex/components/pager">
        </pager205>
        <clfooter
        jcr:primaryType="nt:unstructured" sling:resourceType="themecleanflex/components/footer" htmlelement="footer" backgroundtype="color" bgcolor="#eeeeee" bottompadding="0" toppadding="30" colorscheme="light" showlogo="true" logo="/content/themecleanflex/assets/samples/peregrine-logo.svg" logourl="/content/themecleanflex/pages/library.html" logoalttext="Peregrine CMS Logo" logosize="60" copyright="Copyright 2019 Peregrine - All Rights Reserved">
        <columns jcr:primaryType="nt:unstructured">
        <c3
        jcr:primaryType="nt:unstructured" title="" text="">
        </c3><c4
        jcr:primaryType="nt:unstructured" title="Contact" text="&lt;p&gt;info@headwire.com&lt;br&gt;&lt;/p&gt;">
        </c4><c5
        jcr:primaryType="nt:unstructured" title="Location" text="&lt;p&gt;23293 S Pointe Drive, Laguna Hills, CA 92653&lt;/p&gt;">
        </c5></columns>
<icons jcr:primaryType="nt:unstructured"></icons>
        </clfooter>        
        </jcr:content></jcr:root>