<?xml version="1.0" encoding="UTF-8"?>
<!--
  #%L
  admin base - UI Apps
  %%
  Copyright (C) 2017 headwire inc.
  %%
  Licensed to the Apache Software Foundation (ASF) under one
  or more contributor license agreements.  See the NOTICE file
  distributed with this work for additional information
  regarding copyright ownership.  The ASF licenses this file
  to you under the Apache License, Version 2.0 (the
  "License"); you may not use this file except in compliance
  with the License.  You may obtain a copy of the License at
  
  http://www.apache.org/licenses/LICENSE-2.0
  
  Unless required by applicable law or agreed to in writing,
  software distributed under the License is distributed on an
  "AS IS" BASIS, WITHOUT WARRANTIES OR CONDITIONS OF ANY
  KIND, either express or implied.  See the License for the
  specific language governing permissions and limitations
  under the License.
  #L%
  -->
<jcr:root
  xmlns:sling="http://sling.apache.org/jcr/sling/1.0"
  xmlns:jcr="http://www.jcp.org/jcr/1.0"
  xmlns:nt="http://www.jcp.org/jcr/nt/1.0"
  jcr:primaryType="per:Page">

  <jcr:content jcr:primaryType="per:PageContent"
    sling:resourceType="admin/components/toolingpage"
    jcr:title="Documentation"
    jcr:description="admin base docs page">

    <nav jcr:primaryType="nt:unstructured"
      sling:resourceType="admin/components/nav"/>

    <content jcr:primaryType="nt:unstructured"
      sling:resourceType="pagerendervue/structure/container">

      <row jcr:primaryType="nt:unstructured"
        sling:resourceType="admin/components/row">

        <pages1 jcr:primaryType="nt:unstructured" jcr:title="For Authors"
          sling:resourceType="admin/components/iconaction"
          jcr:description="Learn about how to use peregrine-cms in day to day editing."
          action="http://www.peregrine-cms.com/docs.html">
          <experiences jcr:primaryType="nt:unstructured">
            <de jcr:primaryType="nt:unstructured" experiences="[lang:de]" title="Für Autoren"
              description="Erfahre wie man peregrine-cms auf einer täglichen Basis nutzt"/>
          </experiences>
        </pages1>

        <pages2 jcr:primaryType="nt:unstructured" jcr:title="For Developers"
          sling:resourceType="admin/components/iconaction"
          jcr:description="Get ready to build and enhance peregrine-cms"
          action="http://www.peregrine-cms.com/docs/sitedev.html">
          <experiences jcr:primaryType="nt:unstructured">
            <de jcr:primaryType="nt:unstructured" experiences="[lang:de]" title="Für Entwickler"
              description="Bereite dich darauf vor peregrine-cms zu bauen und zu erweitern"/>
          </experiences>
        </pages2>

        <pages3 jcr:primaryType="nt:unstructured" jcr:title="For Administrators"
          sling:resourceType="admin/components/iconaction"
          jcr:description="Learn on how to manage peregrine-cms instances"
          action="http://www.peregrine-cms.com/docs.html">
          <experiences jcr:primaryType="nt:unstructured">
            <de jcr:primaryType="nt:unstructured" experiences="[lang:de]" title="Für Administratoren"
              description="Erfahre wie man peregrine-cms Instanzen verwaltet"/>
          </experiences>
        </pages3>

      </row>

    </content>

    <jsonview jcr:primaryType="nt:unstructured"
      sling:resourceType="admin/components/debugger" dataFrom="/"/>

  </jcr:content>

</jcr:root>
