<?xml version="1.0" encoding="utf-8"?>
<jcr:root xmlns:sling="http://sling.apache.org/jcr/sling/1.0" xmlns:jcr="http://www.jcp.org/jcr/1.0" xmlns:nt="http://www.jcp.org/jcr/nt/1.0" jcr:primaryType="per:Component" jcr:title="Accordion - Light">
  <jcr:content jcr:primaryType="nt:unstructured" __variations="true">
    <sample jcr:primaryType="nt:unstructured" title="Accordion - Light" group="Features">
      <jcr:content jcr:primaryType="nt:unstructured" showtitle="true" title="Peregrine Accordion" backgroundtype="color" bgcolor="#f1f1f1" color2="#ffffff" bottompadding="30" toppadding="30" showmedia="false" mediawidth="33" blockwidth="article" accordionortoggle="false">
        <accordiontoggle jcr:primaryType="nt:unstructured">
          <accordiontoggle0 jcr:primaryType="nt:unstructured" text="&lt;p>Lorem Ipsum is simply dummy text of the printing and typesetting industry. Lorem Ipsum has been the industry's standard dummy text ever since the 1500s&lt;/p>" title="Why accordion?"/>
          <accordiontoggle1 jcr:primaryType="nt:unstructured" text="&lt;p>when an unknown printer took a galley of type and scrambled it to make a type specimen book. It has survived not only five centuries, but also the leap into electronic typesetting&lt;/p>" title="How to accordion?"/>
          <accordiontoggle2 jcr:primaryType="nt:unstructured" text="&lt;p>remaining essentially unchanged. It was popularised in the 1960s with the release of Letraset sheets containing Lorem Ipsum passages, and more recently with desktop publishing software like Aldus PageMaker including versions of Lorem Ipsum.&lt;/p>" title="Join accordion"/>
        </accordiontoggle>
      </jcr:content>
    </sample>
    <sample-accordiondark jcr:primaryType="nt:unstructured" title="Accordion - Dark" group="Features">
      <jcr:content jcr:primaryType="nt:unstructured" showtitle="true" title="Peregrine Accordion Dark Theme" backgroundtype="color" colorscheme="dark" bgcolor="#ffffff" color2="#ffffff" fullheight="false" bottompadding="30" toppadding="30" mediatype="image" imagesrc="/content/themecleanflex/assets/samples/heel_small.jpg" mediatitle="Old Ship sailing into sunset" mediawidth="33" blockwidth="article" toggletype="accordion">
        <accordiontoggle jcr:primaryType="nt:unstructured">
          <accordiontoggle0 jcr:primaryType="nt:unstructured" text="&lt;p>Lorem Ipsum is simply dummy text of the printing and typesetting industry. Lorem Ipsum has been the industry's standard dummy text ever since the 1500s&lt;/p>" title="Learn More"/>
          <accordiontoggle1 jcr:primaryType="nt:unstructured" text="&lt;p>when an unknown printer took a galley of type and scrambled it to make a type specimen book. It has survived not only five centuries, but also the leap into electronic typesetting&lt;/p>" title="Contact Us"/>
        </accordiontoggle>
      </jcr:content>
    </sample-accordiondark>
    <sample-accordionmedia jcr:primaryType="nt:unstructured" title="Accordion - With Media" group="Features">
      <jcr:content jcr:primaryType="nt:unstructured" showtitle="true" title="Peregrine Accordion" backgroundtype="color" bgcolor="#ffffff" color2="#ffffff" fullheight="false" bottompadding="30" toppadding="30" mediatype="image" imagesrc="/content/themecleanflex/assets/samples/heel_small.jpg" mediatitle="Old Ship sailing into sunset" mediawidth="33" showmedia="true" blockwidth="article" toggletype="accordion">
        <accordiontoggle jcr:primaryType="nt:unstructured">
          <accordiontoggle0 jcr:primaryType="nt:unstructured" text="&lt;p>Lorem Ipsum is simply dummy text of the printing and typesetting industry. Lorem Ipsum has been the industry's standard dummy text ever since the 1500s&lt;/p>" title="Learn More"/>
          <accordiontoggle1 jcr:primaryType="nt:unstructured" text="&lt;p>when an unknown printer took a galley of type and scrambled it to make a type specimen book. It has survived not only five centuries, but also the leap into electronic typesetting&lt;/p>" title="Contact Us"/>
        </accordiontoggle>
      </jcr:content>
    </sample-accordionmedia>
    <sample-bg jcr:primaryType="nt:unstructured" title="Accordion - Background Image" group="Features">
      <jcr:content jcr:primaryType="nt:unstructured" showtitle="true" title="Peregrine Accordion" custombackground="true" bgsize="cover" backgroundtype="image" bgimage="/content/themecleanflex/assets/samples/beach-bird-s-eye-view-daytime-1249586.jpg" colorscheme="light" overlay="true" overlaycolor="#000000" overlayopacity="25" bottompadding="150" toppadding="150" showmedia="false" mediawidth="33" blockwidth="article" accordionortoggle="false">
        <accordiontoggle jcr:primaryType="nt:unstructured">
          <accordiontoggle0 jcr:primaryType="nt:unstructured" text="&lt;p>Lorem Ipsum is simply dummy text of the printing and typesetting industry. Lorem Ipsum has been the industry's standard dummy text ever since the 1500s&lt;/p>" title="Why accordion?"/>
          <accordiontoggle1 jcr:primaryType="nt:unstructured" text="&lt;p>when an unknown printer took a galley of type and scrambled it to make a type specimen book. It has survived not only five centuries, but also the leap into electronic typesetting&lt;/p>" title="How to accordion?"/>
          <accordiontoggle2 jcr:primaryType="nt:unstructured" text="&lt;p>remaining essentially unchanged. It was popularised in the 1960s with the release of Letraset sheets containing Lorem Ipsum passages, and more recently with desktop publishing software like Aldus PageMaker including versions of Lorem Ipsum.&lt;/p>" title="Join accordion"/>
        </accordiontoggle>
      </jcr:content>
    </sample-bg>
    <sample-blank jcr:primaryType="nt:unstructured" title="Accordion" group="Features">
      <jcr:content jcr:primaryType="nt:unstructured">
        <tabs jcr:primaryType="nt:unstructured"/>
      </jcr:content>
    </sample-blank>
    <sample-rte jcr:primaryType="nt:unstructured" title="Accordion With Full RTE" group=".hidden">
      <jcr:content jcr:primaryType="nt:unstructured" showtitle="true" title="Peregrine Accordion With Full RTE" backgroundtype="color" bgcolor="#f1f1f1" color2="#ffffff" bottompadding="30" toppadding="30" showmedia="false" mediawidth="33" blockwidth="article" accordionortoggle="false">
        <accordiontoggle jcr:primaryType="nt:unstructured">
          <accordiontoggle0 jcr:primaryType="nt:unstructured" text="&lt;h1>Left (Default) Alignment Test&lt;/h1>&lt;h2>Header h2&lt;/h2>&lt;h3>Header h3&lt;/h3>&lt;h4>Header h4&lt;/h4>&lt;p>Text:&lt;/p>&lt;p>Lorem ipsum dolor sit amet, consectetur adipiscing elit. Integer ornare felis at ligula suscipit, eu condimentum tortor venenatis. Maecenas laoreet blandit tempor. Praesent fermentum malesuada ante eget condimentum. Nulla feugiat, tortor vel consectetur mollis, neque mauris lacinia nisi, id tristique sapien eros sed neque. Integer nec nunc nec elit condimentum faucibus a sit amet dolor. Aliquam nec metus urna. Donec id urna lacus. Nam luctus efficitur leo, at lobortis eros. Phasellus ut tincidunt orci, vitae lacinia lacus.&lt;/p>&lt;p>unordered list:&lt;/p>&lt;ul>&lt;li>item 1&lt;/li>&lt;li>item 2&lt;/li>&lt;li>item 3&lt;/li>&lt;/ul>&lt;p>ordered list&lt;/p>&lt;ol>&lt;li>item 1&lt;/li>&lt;li>item 2&lt;/li>&lt;li>item 3&lt;/li>&lt;/ol>&lt;p>sub&lt;sub>script&lt;/sub> super&lt;sup>script&lt;/sup>&lt;/p>&lt;p>&lt;strong>bold&lt;/strong> &lt;em>italic&lt;/em>&lt;/p>&lt;p>&lt;a href=&quot;https://www.example.com&quot; title=&quot;example.com&quot;>some link text&lt;/a>&lt;/p>&lt;p>a line followed by a shift return (&amp;lt;br/&amp;gt;) &lt;br>a line followed by a return (end of paragraph)&lt;/p>&lt;p>another line&lt;/p>&lt;h1 style=&quot;text-align: center; &quot;>Center Alignment Test&lt;/h1>&lt;h2 style=&quot;text-align: center; &quot;>Header h2&lt;/h2>&lt;h3 style=&quot;text-align: center; &quot;>Header h3&lt;/h3>&lt;h4 style=&quot;text-align: center; &quot;>Header h4&lt;/h4>&lt;p style=&quot;text-align: center; &quot;>Text:&lt;/p>&lt;p style=&quot;text-align: center; &quot;>Lorem ipsum dolor sit amet, consectetur adipiscing elit. Integer ornare felis at ligula suscipit, eu condimentum tortor venenatis. Maecenas laoreet blandit tempor. Praesent fermentum malesuada ante eget condimentum. Nulla feugiat, tortor vel consectetur mollis, neque mauris lacinia nisi, id tristique sapien eros sed neque. Integer nec nunc nec elit condimentum faucibus a sit amet dolor. Aliquam nec metus urna. Donec id urna lacus. Nam luctus efficitur leo, at lobortis eros. Phasellus ut tincidunt orci, vitae lacinia lacus.&lt;/p>&lt;p style=&quot;text-align: center; &quot;>unordered list:&lt;/p>&lt;ul>&lt;li style=&quot;text-align: center; &quot;>item 1&lt;/li>&lt;li style=&quot;text-align: center; &quot;>item 2&lt;/li>&lt;li style=&quot;text-align: center; &quot;>item 3&lt;/li>&lt;/ul>&lt;p style=&quot;text-align: center; &quot;>ordered list&lt;/p>&lt;ol>&lt;li style=&quot;text-align: center; &quot;>item 1&lt;/li>&lt;li style=&quot;text-align: center; &quot;>item 2&lt;/li>&lt;li style=&quot;text-align: center; &quot;>item 3&lt;/li>&lt;/ol>&lt;p style=&quot;text-align: center; &quot;>sub&lt;sub>script&lt;/sub> super&lt;sup>script&lt;/sup>&lt;/p>&lt;p style=&quot;text-align: center; &quot;>&lt;strong>bold&lt;/strong> &lt;em>italic&lt;/em>&lt;/p>&lt;p style=&quot;text-align: center; &quot;>&lt;a href=&quot;https://www.example.com&quot; title=&quot;example.com&quot;>some link text&lt;/a>&lt;/p>&lt;p style=&quot;text-align: center; &quot;>a line followed by a shift return (&amp;lt;br/&amp;gt;) &lt;br>a line followed by a return (end of paragraph)&lt;/p>&lt;p style=&quot;text-align: center; &quot;>another line&lt;/p>&lt;h1 style=&quot;text-align: right; &quot;>Right Alignment Test&lt;/h1>&lt;h2 style=&quot;text-align: right; &quot;>Header h2&lt;/h2>&lt;h3 style=&quot;text-align: right; &quot;>Header h3&lt;/h3>&lt;h4 style=&quot;text-align: right; &quot;>Header h4&lt;/h4>&lt;p style=&quot;text-align: right; &quot;>Text:&lt;/p>&lt;p style=&quot;text-align: right; &quot;>Lorem ipsum dolor sit amet, consectetur adipiscing elit. Integer ornare felis at ligula suscipit, eu condimentum tortor venenatis. Maecenas laoreet blandit tempor. Praesent fermentum malesuada ante eget condimentum. Nulla feugiat, tortor vel consectetur mollis, neque mauris lacinia nisi, id tristique sapien eros sed neque. Integer nec nunc nec elit condimentum faucibus a sit amet dolor. Aliquam nec metus urna. Donec id urna lacus. Nam luctus efficitur leo, at lobortis eros. Phasellus ut tincidunt orci, vitae lacinia lacus.&lt;/p>&lt;p style=&quot;text-align: right; &quot;>unordered list:&lt;/p>&lt;ul>&lt;li style=&quot;text-align: right; &quot;>item 1&lt;/li>&lt;li style=&quot;text-align: right; &quot;>item 2&lt;/li>&lt;li style=&quot;text-align: right; &quot;>item 3&lt;/li>&lt;/ul>&lt;p style=&quot;text-align: right; &quot;>ordered list&lt;/p>&lt;ol>&lt;li style=&quot;text-align: right; &quot;>item 1&lt;/li>&lt;li style=&quot;text-align: right; &quot;>item 2&lt;/li>&lt;li style=&quot;text-align: right; &quot;>item 3&lt;/li>&lt;/ol>&lt;p style=&quot;text-align: right; &quot;>sub&lt;sub>script&lt;/sub> super&lt;sup>script&lt;/sup>&lt;/p>&lt;p style=&quot;text-align: right; &quot;>&lt;strong>bold&lt;/strong> &lt;em>italic&lt;/em>&lt;/p>&lt;p style=&quot;text-align: right; &quot;>&lt;a href=&quot;https://www.example.com&quot; title=&quot;example.com&quot;>some link text&lt;/a>&lt;/p>&lt;p style=&quot;text-align: right; &quot;>a line followed by a shift return (&amp;lt;br/&amp;gt;) &lt;br>a line followed by a return (end of paragraph)&lt;/p>&lt;p style=&quot;text-align: right; &quot;>another line&lt;/p>&lt;h1 style=&quot;text-align: justify;&quot;>Justified Alignment Test&lt;/h1>&lt;h2 style=&quot;text-align: justify;&quot;>Header h2&lt;/h2>&lt;h3 style=&quot;text-align: justify;&quot;>Header h3&lt;/h3>&lt;h4 style=&quot;text-align: justify;&quot;>Header h4&lt;/h4>&lt;p style=&quot;text-align: justify;&quot;>Text:&lt;/p>&lt;p style=&quot;text-align: justify;&quot;>Lorem ipsum dolor sit amet, consectetur adipiscing elit. Integer ornare felis at ligula suscipit, eu condimentum tortor venenatis. Maecenas laoreet blandit tempor. Praesent fermentum malesuada ante eget condimentum. Nulla feugiat, tortor vel consectetur mollis, neque mauris lacinia nisi, id tristique sapien eros sed neque. Integer nec nunc nec elit condimentum faucibus a sit amet dolor. Aliquam nec metus urna. Donec id urna lacus. Nam luctus efficitur leo, at lobortis eros. Phasellus ut tincidunt orci, vitae lacinia lacus.&lt;/p>&lt;p style=&quot;text-align: justify;&quot;>unordered list:&lt;/p>&lt;ul>&lt;li style=&quot;text-align: justify;&quot;>item 1&lt;/li>&lt;li style=&quot;text-align: justify;&quot;>item 2&lt;/li>&lt;li style=&quot;text-align: justify;&quot;>item 3&lt;/li>&lt;/ul>&lt;p style=&quot;text-align: justify;&quot;>ordered list&lt;/p>&lt;ol>&lt;li style=&quot;text-align: justify;&quot;>item 1&lt;/li>&lt;li style=&quot;text-align: justify;&quot;>item 2&lt;/li>&lt;li style=&quot;text-align: justify;&quot;>item 3&lt;/li>&lt;/ol>&lt;p style=&quot;text-align: justify;&quot;>sub&lt;sub>script&lt;/sub> super&lt;sup>script&lt;/sup>&lt;/p>&lt;p style=&quot;text-align: justify;&quot;>&lt;strong>bold&lt;/strong> &lt;em>italic&lt;/em>&lt;/p>&lt;p style=&quot;text-align: justify;&quot;>&lt;a href=&quot;https://www.example.com&quot; title=&quot;example.com&quot;>some link text&lt;/a>&lt;/p>&lt;p style=&quot;text-align: justify;&quot;>a line followed by a shift return (&amp;lt;br/&amp;gt;) &lt;br>a line followed by a return (end of paragraph)&lt;/p>&lt;p style=&quot;text-align: justify;&quot;>another line&lt;/p>" title="Big RTE Test Chunk"/>
          <accordiontoggle1 jcr:primaryType="nt:unstructured" text="&lt;p>when an unknown printer took a galley of type and scrambled it to make a type specimen book. It has survived not only five centuries, but also the leap into electronic typesetting&lt;/p>" title="How to accordion?"/>
          <accordiontoggle2 jcr:primaryType="nt:unstructured" text="&lt;p>remaining essentially unchanged. It was popularised in the 1960s with the release of Letraset sheets containing Lorem Ipsum passages, and more recently with desktop publishing software like Aldus PageMaker including versions of Lorem Ipsum.&lt;/p>" title="Join accordion"/>
        </accordiontoggle>
      </jcr:content>
    </sample-rte>
    <sample-toggle jcr:primaryType="nt:unstructured" title="Toggle" group="Features">
      <jcr:content jcr:primaryType="nt:unstructured" showtitle="true" title="Peregrine Toggle" backgroundtype="color" bgcolor="#f1f1f1" color2="#ffffff" bottompadding="30" toppadding="30" toggletype="toggle" showmedia="false" mediawidth="33" blockwidth="article">
        <accordiontoggle jcr:primaryType="nt:unstructured">
          <accordiontoggle0 jcr:primaryType="nt:unstructured" text="&lt;p>Lorem Ipsum is simply dummy text of the printing and typesetting industry. Lorem Ipsum has been the industry's standard dummy text ever since the 1500s&lt;/p>" title="Why accordion?"/>
          <accordiontoggle1 jcr:primaryType="nt:unstructured" text="&lt;p>when an unknown printer took a galley of type and scrambled it to make a type specimen book. It has survived not only five centuries, but also the leap into electronic typesetting&lt;/p>" title="How to accordion?"/>
          <accordiontoggle2 jcr:primaryType="nt:unstructured" text="&lt;p>remaining essentially unchanged. It was popularised in the 1960s with the release of Letraset sheets containing Lorem Ipsum passages, and more recently with desktop publishing software like Aldus PageMaker including versions of Lorem Ipsum.&lt;/p>" title="Join accordion"/>
        </accordiontoggle>
      </jcr:content>
    </sample-toggle>
    <sample-togglemedia jcr:primaryType="nt:unstructured" title="Toggle  - With Media" group="Features">
      <jcr:content jcr:primaryType="nt:unstructured" showtitle="true" title="Peregrine Toggle" backgroundtype="color" bgcolor="#ffffff" color2="#ffffff" fullheight="false" bottompadding="30" toppadding="30" mediatype="image" mediaposition="after" imagesrc="/content/themecleanflex/assets/samples/oldboat_small.jpg" mediatitle="Old Ship sailing into sunset" mediawidth="33" blockwidth="article" showmedia="true" toggletype="toggle">
        <accordiontoggle jcr:primaryType="nt:unstructured">
          <accordiontoggle0 jcr:primaryType="nt:unstructured" text="&lt;p>Lorem Ipsum is simply dummy text of the printing and typesetting industry. Lorem Ipsum has been the industry's standard dummy text ever since the 1500s&lt;/p>" title="Learn More"/>
          <accordiontoggle1 jcr:primaryType="nt:unstructured" text="&lt;p>when an unknown printer took a galley of type and scrambled it to make a type specimen book. It has survived not only five centuries, but also the leap into electronic typesetting&lt;/p>" title="Contact Us"/>
        </accordiontoggle>
      </jcr:content>
    </sample-togglemedia>
  </jcr:content>
</jcr:root>