<?xml version="1.0" encoding="UTF-8"?>
<jcr:root xmlns:sling="http://sling.apache.org/jcr/sling/1.0" xmlns:jcr="http://www.jcp.org/jcr/1.0" xmlns:nt="http://www.jcp.org/jcr/nt/1.0"
            jcr:primaryType="per:Page"
            jcr:title="tf-cl | carouselsample"
            jcr:description="carouselsample themecleanflex component library"
>
    <jcr:content
        jcr:primaryType="per:PageContent"
        sling:resourceType="themecleanflex/components/page"
        jcr:title="carouselsample"
        description="carouselsample themecleanflex component library"
        brand="themecleanflex"
        template="/content/themecleanflex/templates"
            ><clheader
            jcr:primaryType="nt:unstructured" sling:resourceType="themecleanflex/components/header" htmlelement="header" backgroundtype="color" bgcolor="#eeeeee" colorscheme="light" toppadding="10" bottompadding="10" bgvideo="https://www.youtube.com/embed/Ju86mknumYM" collapsed="false" logo="/content/themecleanflex/assets/samples/peregrine-logo.svg" logoalttext="Peregrine CMS Logo" logourl="/content/themecleanflex/pages/library.html" logosize="60" buttonsize="default"><elevation jcr:primaryType="nt:unstructured"></elevation>
    <links jcr:primaryType="nt:unstructured"></links>
    <buttons jcr:primaryType="nt:unstructured"></buttons>
            </clheader><clbreadcrumb
        colorscheme="light"
        custombackground="false"
        backgroundtype="color"
        bgcolor="#eeeeee"
        htmlelement="nav"
        jcr:primaryType="nt:unstructured" sling:resourceType="themecleanflex/components/breadcrumb" level="2"><toppadding jcr:primaryType="nt:unstructured"></toppadding>
        <bottompadding jcr:primaryType="nt:unstructured"></bottompadding>
        </clbreadcrumb><pager0
        colorscheme="light"
        toppadding="30"
        bottompadding="30"
        custombackground="false"
        backgroundtype="color"
        bgcolor="#eeeeee"
        htmlelement="nav"
        prevlabel="&lt; previous"
        nextlabel="next &gt;"
        jcr:primaryType="nt:unstructured" sling:resourceType="themecleanflex/components/pager">
        </pager0><container146
            jcr:primaryType="nt:unstructured"
            sling:resourceType="themecleanflex/components/container"
            htmlelement="main">
            [object Object]<title1 jcr:primaryType="nt:unstructured" 
            sling:resourceType="themecleanflex/components/richtext" 
            toppadding="25"
            bottompadding="25"
            custombackground="true"
            backgroundtype="color"
            bgcolor="#eeeeee"
            text="&lt;h2&gt;Carousel - Example Sample Variation - background: color; colorscheme: dark; fullheight: true (.hidden)&lt;/h2&gt;">
        </title1><carousel5
        jcr:primaryType="nt:unstructured" sling:resourceType="themecleanflex/components/carousel" blockwidth="full" captionbg="true" colorscheme="dark" custombackground="true" bgsize="cover" backgroundtype="color" bgcolor="#ff80c0" fullheight="true"><carouselheight jcr:primaryType="nt:unstructured"></carouselheight>
<toppadding jcr:primaryType="nt:unstructured"></toppadding>
<bottompadding jcr:primaryType="nt:unstructured"></bottompadding>
<slides jcr:primaryType="nt:unstructured"><c2
        jcr:primaryType="nt:unstructured" imagepath="/content/themecleanflex/assets/samples/architecture-blue-skies_large.jpg" imagefit="cover" text="&lt;h2&gt;Slide One Title&lt;/h2&gt;&lt;p&gt;Lorem ipsum dolor sit amet, consectetur adipiscing elit. Fusce sagittis, est eget commodo imperdiet, lectus quam bibendum ex, eu commodo mi diam molestie tortor.&lt;/p&gt;" alt="Sailboats in front of city skyline and sunset">
        </c2><c3
        jcr:primaryType="nt:unstructured" imagepath="/content/themecleanflex/assets/samples/sailing-lake_large.jpg" imagefit="cover" text="&lt;h2&gt;Slide Two Title&lt;/h2&gt;&lt;p&gt;Maecenas fermentum neque feugiat purus condimentum, sed molestie dolor fermentum. Nullam vestibulum tellus dolor. Cras viverra vel diam quis iaculis.&lt;/p&gt;" alt="Sailboat sailing on a lake">
        </c3><c4
        jcr:primaryType="nt:unstructured" imagepath="/content/themecleanflex/assets/samples/beach-boats-ocean_large.jpg" imagefit="cover" text="&lt;h2&gt;Slide Three Title&lt;/h2&gt;&lt;p&gt;Fusce sagittis, est eget commodo imperdiet, lectus quam bibendum ex, eu commodo mi diam molestie tortor.Cras viverra vel diam quis iaculis.&lt;/p&gt;" alt="Sailboats sailing on an ocean">
        </c4></slides>
        </carousel5><title6 jcr:primaryType="nt:unstructured" 
            sling:resourceType="themecleanflex/components/richtext" 
            toppadding="25"
            bottompadding="25"
            custombackground="true"
            backgroundtype="color"
            bgcolor="#eeeeee"
            text="&lt;h2&gt;Carousel - Example Sample Variation - background: color; colorscheme: light; fullheight: false (.hidden)&lt;/h2&gt;">
        </title6><carousel10
        jcr:primaryType="nt:unstructured" sling:resourceType="themecleanflex/components/carousel" blockwidth="full" captionbg="true" colorscheme="light" custombackground="true" bgsize="cover" backgroundtype="color" bgcolor="#ff80c0" fullheight="false"><carouselheight jcr:primaryType="nt:unstructured"></carouselheight>
<toppadding jcr:primaryType="nt:unstructured"></toppadding>
<bottompadding jcr:primaryType="nt:unstructured"></bottompadding>
<slides jcr:primaryType="nt:unstructured"><c7
        jcr:primaryType="nt:unstructured" imagepath="/content/themecleanflex/assets/samples/architecture-blue-skies_large.jpg" imagefit="cover" text="&lt;h2&gt;Slide One Title&lt;/h2&gt;&lt;p&gt;Lorem ipsum dolor sit amet, consectetur adipiscing elit. Fusce sagittis, est eget commodo imperdiet, lectus quam bibendum ex, eu commodo mi diam molestie tortor.&lt;/p&gt;" alt="Sailboats in front of city skyline and sunset">
        </c7><c8
        jcr:primaryType="nt:unstructured" imagepath="/content/themecleanflex/assets/samples/sailing-lake_large.jpg" imagefit="cover" text="&lt;h2&gt;Slide Two Title&lt;/h2&gt;&lt;p&gt;Maecenas fermentum neque feugiat purus condimentum, sed molestie dolor fermentum. Nullam vestibulum tellus dolor. Cras viverra vel diam quis iaculis.&lt;/p&gt;" alt="Sailboat sailing on a lake">
        </c8><c9
        jcr:primaryType="nt:unstructured" imagepath="/content/themecleanflex/assets/samples/beach-boats-ocean_large.jpg" imagefit="cover" text="&lt;h2&gt;Slide Three Title&lt;/h2&gt;&lt;p&gt;Fusce sagittis, est eget commodo imperdiet, lectus quam bibendum ex, eu commodo mi diam molestie tortor.Cras viverra vel diam quis iaculis.&lt;/p&gt;" alt="Sailboats sailing on an ocean">
        </c9></slides>
        </carousel10><title11 jcr:primaryType="nt:unstructured" 
            sling:resourceType="themecleanflex/components/richtext" 
            toppadding="25"
            bottompadding="25"
            custombackground="true"
            backgroundtype="color"
            bgcolor="#eeeeee"
            text="&lt;h2&gt;Carousel - Example Sample Variation - background: color; colorscheme: light; fullheight: true (.hidden)&lt;/h2&gt;">
        </title11><carousel15
        jcr:primaryType="nt:unstructured" sling:resourceType="themecleanflex/components/carousel" blockwidth="full" captionbg="true" colorscheme="light" custombackground="true" bgsize="cover" backgroundtype="color" bgcolor="#ff80c0" fullheight="true"><carouselheight jcr:primaryType="nt:unstructured"></carouselheight>
<toppadding jcr:primaryType="nt:unstructured"></toppadding>
<bottompadding jcr:primaryType="nt:unstructured"></bottompadding>
<slides jcr:primaryType="nt:unstructured"><c12
        jcr:primaryType="nt:unstructured" imagepath="/content/themecleanflex/assets/samples/architecture-blue-skies_large.jpg" imagefit="cover" text="&lt;h2&gt;Slide One Title&lt;/h2&gt;&lt;p&gt;Lorem ipsum dolor sit amet, consectetur adipiscing elit. Fusce sagittis, est eget commodo imperdiet, lectus quam bibendum ex, eu commodo mi diam molestie tortor.&lt;/p&gt;" alt="Sailboats in front of city skyline and sunset">
        </c12><c13
        jcr:primaryType="nt:unstructured" imagepath="/content/themecleanflex/assets/samples/sailing-lake_large.jpg" imagefit="cover" text="&lt;h2&gt;Slide Two Title&lt;/h2&gt;&lt;p&gt;Maecenas fermentum neque feugiat purus condimentum, sed molestie dolor fermentum. Nullam vestibulum tellus dolor. Cras viverra vel diam quis iaculis.&lt;/p&gt;" alt="Sailboat sailing on a lake">
        </c13><c14
        jcr:primaryType="nt:unstructured" imagepath="/content/themecleanflex/assets/samples/beach-boats-ocean_large.jpg" imagefit="cover" text="&lt;h2&gt;Slide Three Title&lt;/h2&gt;&lt;p&gt;Fusce sagittis, est eget commodo imperdiet, lectus quam bibendum ex, eu commodo mi diam molestie tortor.Cras viverra vel diam quis iaculis.&lt;/p&gt;" alt="Sailboats sailing on an ocean">
        </c14></slides>
        </carousel15><title16 jcr:primaryType="nt:unstructured" 
            sling:resourceType="themecleanflex/components/richtext" 
            toppadding="25"
            bottompadding="25"
            custombackground="true"
            backgroundtype="color"
            bgcolor="#eeeeee"
            text="&lt;h2&gt;Carousel - Example Sample Variation - background: color; colorscheme: none; fullheight: false (.hidden)&lt;/h2&gt;">
        </title16><carousel20
        jcr:primaryType="nt:unstructured" sling:resourceType="themecleanflex/components/carousel" blockwidth="full" captionbg="true" colorscheme="" custombackground="true" bgsize="cover" backgroundtype="color" bgcolor="#ff80c0" fullheight="false"><carouselheight jcr:primaryType="nt:unstructured"></carouselheight>
<toppadding jcr:primaryType="nt:unstructured"></toppadding>
<bottompadding jcr:primaryType="nt:unstructured"></bottompadding>
<slides jcr:primaryType="nt:unstructured"><c17
        jcr:primaryType="nt:unstructured" imagepath="/content/themecleanflex/assets/samples/architecture-blue-skies_large.jpg" imagefit="cover" text="&lt;h2&gt;Slide One Title&lt;/h2&gt;&lt;p&gt;Lorem ipsum dolor sit amet, consectetur adipiscing elit. Fusce sagittis, est eget commodo imperdiet, lectus quam bibendum ex, eu commodo mi diam molestie tortor.&lt;/p&gt;" alt="Sailboats in front of city skyline and sunset">
        </c17><c18
        jcr:primaryType="nt:unstructured" imagepath="/content/themecleanflex/assets/samples/sailing-lake_large.jpg" imagefit="cover" text="&lt;h2&gt;Slide Two Title&lt;/h2&gt;&lt;p&gt;Maecenas fermentum neque feugiat purus condimentum, sed molestie dolor fermentum. Nullam vestibulum tellus dolor. Cras viverra vel diam quis iaculis.&lt;/p&gt;" alt="Sailboat sailing on a lake">
        </c18><c19
        jcr:primaryType="nt:unstructured" imagepath="/content/themecleanflex/assets/samples/beach-boats-ocean_large.jpg" imagefit="cover" text="&lt;h2&gt;Slide Three Title&lt;/h2&gt;&lt;p&gt;Fusce sagittis, est eget commodo imperdiet, lectus quam bibendum ex, eu commodo mi diam molestie tortor.Cras viverra vel diam quis iaculis.&lt;/p&gt;" alt="Sailboats sailing on an ocean">
        </c19></slides>
        </carousel20><title21 jcr:primaryType="nt:unstructured" 
            sling:resourceType="themecleanflex/components/richtext" 
            toppadding="25"
            bottompadding="25"
            custombackground="true"
            backgroundtype="color"
            bgcolor="#eeeeee"
            text="&lt;h2&gt;Carousel - Example Sample Variation - background: color; colorscheme: none; fullheight: true (.hidden)&lt;/h2&gt;">
        </title21><carousel25
        jcr:primaryType="nt:unstructured" sling:resourceType="themecleanflex/components/carousel" blockwidth="full" captionbg="true" colorscheme="" custombackground="true" bgsize="cover" backgroundtype="color" bgcolor="#ff80c0" fullheight="true"><carouselheight jcr:primaryType="nt:unstructured"></carouselheight>
<toppadding jcr:primaryType="nt:unstructured"></toppadding>
<bottompadding jcr:primaryType="nt:unstructured"></bottompadding>
<slides jcr:primaryType="nt:unstructured"><c22
        jcr:primaryType="nt:unstructured" imagepath="/content/themecleanflex/assets/samples/architecture-blue-skies_large.jpg" imagefit="cover" text="&lt;h2&gt;Slide One Title&lt;/h2&gt;&lt;p&gt;Lorem ipsum dolor sit amet, consectetur adipiscing elit. Fusce sagittis, est eget commodo imperdiet, lectus quam bibendum ex, eu commodo mi diam molestie tortor.&lt;/p&gt;" alt="Sailboats in front of city skyline and sunset">
        </c22><c23
        jcr:primaryType="nt:unstructured" imagepath="/content/themecleanflex/assets/samples/sailing-lake_large.jpg" imagefit="cover" text="&lt;h2&gt;Slide Two Title&lt;/h2&gt;&lt;p&gt;Maecenas fermentum neque feugiat purus condimentum, sed molestie dolor fermentum. Nullam vestibulum tellus dolor. Cras viverra vel diam quis iaculis.&lt;/p&gt;" alt="Sailboat sailing on a lake">
        </c23><c24
        jcr:primaryType="nt:unstructured" imagepath="/content/themecleanflex/assets/samples/beach-boats-ocean_large.jpg" imagefit="cover" text="&lt;h2&gt;Slide Three Title&lt;/h2&gt;&lt;p&gt;Fusce sagittis, est eget commodo imperdiet, lectus quam bibendum ex, eu commodo mi diam molestie tortor.Cras viverra vel diam quis iaculis.&lt;/p&gt;" alt="Sailboats sailing on an ocean">
        </c24></slides>
        </carousel25><title26 jcr:primaryType="nt:unstructured" 
            sling:resourceType="themecleanflex/components/richtext" 
            toppadding="25"
            bottompadding="25"
            custombackground="true"
            backgroundtype="color"
            bgcolor="#eeeeee"
            text="&lt;h2&gt;Carousel - Example Sample Variation - background: gradient; colorscheme: dark; fullheight: false (.hidden)&lt;/h2&gt;">
        </title26><carousel30
        jcr:primaryType="nt:unstructured" sling:resourceType="themecleanflex/components/carousel" blockwidth="full" captionbg="true" colorscheme="dark" custombackground="true" bgsize="cover" backgroundtype="gradient" bgcolor="#ff8040" color2="#0080ff" fullheight="false"><carouselheight jcr:primaryType="nt:unstructured"></carouselheight>
<toppadding jcr:primaryType="nt:unstructured"></toppadding>
<bottompadding jcr:primaryType="nt:unstructured"></bottompadding>
<slides jcr:primaryType="nt:unstructured"><c27
        jcr:primaryType="nt:unstructured" imagepath="/content/themecleanflex/assets/samples/architecture-blue-skies_large.jpg" imagefit="cover" text="&lt;h2&gt;Slide One Title&lt;/h2&gt;&lt;p&gt;Lorem ipsum dolor sit amet, consectetur adipiscing elit. Fusce sagittis, est eget commodo imperdiet, lectus quam bibendum ex, eu commodo mi diam molestie tortor.&lt;/p&gt;" alt="Sailboats in front of city skyline and sunset">
        </c27><c28
        jcr:primaryType="nt:unstructured" imagepath="/content/themecleanflex/assets/samples/sailing-lake_large.jpg" imagefit="cover" text="&lt;h2&gt;Slide Two Title&lt;/h2&gt;&lt;p&gt;Maecenas fermentum neque feugiat purus condimentum, sed molestie dolor fermentum. Nullam vestibulum tellus dolor. Cras viverra vel diam quis iaculis.&lt;/p&gt;" alt="Sailboat sailing on a lake">
        </c28><c29
        jcr:primaryType="nt:unstructured" imagepath="/content/themecleanflex/assets/samples/beach-boats-ocean_large.jpg" imagefit="cover" text="&lt;h2&gt;Slide Three Title&lt;/h2&gt;&lt;p&gt;Fusce sagittis, est eget commodo imperdiet, lectus quam bibendum ex, eu commodo mi diam molestie tortor.Cras viverra vel diam quis iaculis.&lt;/p&gt;" alt="Sailboats sailing on an ocean">
        </c29></slides>
        </carousel30><title31 jcr:primaryType="nt:unstructured" 
            sling:resourceType="themecleanflex/components/richtext" 
            toppadding="25"
            bottompadding="25"
            custombackground="true"
            backgroundtype="color"
            bgcolor="#eeeeee"
            text="&lt;h2&gt;Carousel - Example Sample Variation - background: gradient; colorscheme: dark; fullheight: true (.hidden)&lt;/h2&gt;">
        </title31><carousel35
        jcr:primaryType="nt:unstructured" sling:resourceType="themecleanflex/components/carousel" blockwidth="full" captionbg="true" colorscheme="dark" custombackground="true" bgsize="cover" backgroundtype="gradient" bgcolor="#ff8040" color2="#0080ff" fullheight="true"><carouselheight jcr:primaryType="nt:unstructured"></carouselheight>
<toppadding jcr:primaryType="nt:unstructured"></toppadding>
<bottompadding jcr:primaryType="nt:unstructured"></bottompadding>
<slides jcr:primaryType="nt:unstructured"><c32
        jcr:primaryType="nt:unstructured" imagepath="/content/themecleanflex/assets/samples/architecture-blue-skies_large.jpg" imagefit="cover" text="&lt;h2&gt;Slide One Title&lt;/h2&gt;&lt;p&gt;Lorem ipsum dolor sit amet, consectetur adipiscing elit. Fusce sagittis, est eget commodo imperdiet, lectus quam bibendum ex, eu commodo mi diam molestie tortor.&lt;/p&gt;" alt="Sailboats in front of city skyline and sunset">
        </c32><c33
        jcr:primaryType="nt:unstructured" imagepath="/content/themecleanflex/assets/samples/sailing-lake_large.jpg" imagefit="cover" text="&lt;h2&gt;Slide Two Title&lt;/h2&gt;&lt;p&gt;Maecenas fermentum neque feugiat purus condimentum, sed molestie dolor fermentum. Nullam vestibulum tellus dolor. Cras viverra vel diam quis iaculis.&lt;/p&gt;" alt="Sailboat sailing on a lake">
        </c33><c34
        jcr:primaryType="nt:unstructured" imagepath="/content/themecleanflex/assets/samples/beach-boats-ocean_large.jpg" imagefit="cover" text="&lt;h2&gt;Slide Three Title&lt;/h2&gt;&lt;p&gt;Fusce sagittis, est eget commodo imperdiet, lectus quam bibendum ex, eu commodo mi diam molestie tortor.Cras viverra vel diam quis iaculis.&lt;/p&gt;" alt="Sailboats sailing on an ocean">
        </c34></slides>
        </carousel35><title36 jcr:primaryType="nt:unstructured" 
            sling:resourceType="themecleanflex/components/richtext" 
            toppadding="25"
            bottompadding="25"
            custombackground="true"
            backgroundtype="color"
            bgcolor="#eeeeee"
            text="&lt;h2&gt;Carousel - Example Sample Variation - background: gradient; colorscheme: light; fullheight: false (.hidden)&lt;/h2&gt;">
        </title36><carousel40
        jcr:primaryType="nt:unstructured" sling:resourceType="themecleanflex/components/carousel" blockwidth="full" captionbg="true" colorscheme="light" custombackground="true" bgsize="cover" backgroundtype="gradient" bgcolor="#ff8040" color2="#0080ff" fullheight="false"><carouselheight jcr:primaryType="nt:unstructured"></carouselheight>
<toppadding jcr:primaryType="nt:unstructured"></toppadding>
<bottompadding jcr:primaryType="nt:unstructured"></bottompadding>
<slides jcr:primaryType="nt:unstructured"><c37
        jcr:primaryType="nt:unstructured" imagepath="/content/themecleanflex/assets/samples/architecture-blue-skies_large.jpg" imagefit="cover" text="&lt;h2&gt;Slide One Title&lt;/h2&gt;&lt;p&gt;Lorem ipsum dolor sit amet, consectetur adipiscing elit. Fusce sagittis, est eget commodo imperdiet, lectus quam bibendum ex, eu commodo mi diam molestie tortor.&lt;/p&gt;" alt="Sailboats in front of city skyline and sunset">
        </c37><c38
        jcr:primaryType="nt:unstructured" imagepath="/content/themecleanflex/assets/samples/sailing-lake_large.jpg" imagefit="cover" text="&lt;h2&gt;Slide Two Title&lt;/h2&gt;&lt;p&gt;Maecenas fermentum neque feugiat purus condimentum, sed molestie dolor fermentum. Nullam vestibulum tellus dolor. Cras viverra vel diam quis iaculis.&lt;/p&gt;" alt="Sailboat sailing on a lake">
        </c38><c39
        jcr:primaryType="nt:unstructured" imagepath="/content/themecleanflex/assets/samples/beach-boats-ocean_large.jpg" imagefit="cover" text="&lt;h2&gt;Slide Three Title&lt;/h2&gt;&lt;p&gt;Fusce sagittis, est eget commodo imperdiet, lectus quam bibendum ex, eu commodo mi diam molestie tortor.Cras viverra vel diam quis iaculis.&lt;/p&gt;" alt="Sailboats sailing on an ocean">
        </c39></slides>
        </carousel40><title41 jcr:primaryType="nt:unstructured" 
            sling:resourceType="themecleanflex/components/richtext" 
            toppadding="25"
            bottompadding="25"
            custombackground="true"
            backgroundtype="color"
            bgcolor="#eeeeee"
            text="&lt;h2&gt;Carousel - Example Sample Variation - background: gradient; colorscheme: light; fullheight: true (.hidden)&lt;/h2&gt;">
        </title41><carousel45
        jcr:primaryType="nt:unstructured" sling:resourceType="themecleanflex/components/carousel" blockwidth="full" captionbg="true" colorscheme="light" custombackground="true" bgsize="cover" backgroundtype="gradient" bgcolor="#ff8040" color2="#0080ff" fullheight="true"><carouselheight jcr:primaryType="nt:unstructured"></carouselheight>
<toppadding jcr:primaryType="nt:unstructured"></toppadding>
<bottompadding jcr:primaryType="nt:unstructured"></bottompadding>
<slides jcr:primaryType="nt:unstructured"><c42
        jcr:primaryType="nt:unstructured" imagepath="/content/themecleanflex/assets/samples/architecture-blue-skies_large.jpg" imagefit="cover" text="&lt;h2&gt;Slide One Title&lt;/h2&gt;&lt;p&gt;Lorem ipsum dolor sit amet, consectetur adipiscing elit. Fusce sagittis, est eget commodo imperdiet, lectus quam bibendum ex, eu commodo mi diam molestie tortor.&lt;/p&gt;" alt="Sailboats in front of city skyline and sunset">
        </c42><c43
        jcr:primaryType="nt:unstructured" imagepath="/content/themecleanflex/assets/samples/sailing-lake_large.jpg" imagefit="cover" text="&lt;h2&gt;Slide Two Title&lt;/h2&gt;&lt;p&gt;Maecenas fermentum neque feugiat purus condimentum, sed molestie dolor fermentum. Nullam vestibulum tellus dolor. Cras viverra vel diam quis iaculis.&lt;/p&gt;" alt="Sailboat sailing on a lake">
        </c43><c44
        jcr:primaryType="nt:unstructured" imagepath="/content/themecleanflex/assets/samples/beach-boats-ocean_large.jpg" imagefit="cover" text="&lt;h2&gt;Slide Three Title&lt;/h2&gt;&lt;p&gt;Fusce sagittis, est eget commodo imperdiet, lectus quam bibendum ex, eu commodo mi diam molestie tortor.Cras viverra vel diam quis iaculis.&lt;/p&gt;" alt="Sailboats sailing on an ocean">
        </c44></slides>
        </carousel45><title46 jcr:primaryType="nt:unstructured" 
            sling:resourceType="themecleanflex/components/richtext" 
            toppadding="25"
            bottompadding="25"
            custombackground="true"
            backgroundtype="color"
            bgcolor="#eeeeee"
            text="&lt;h2&gt;Carousel - Example Sample Variation - background: gradient; colorscheme: none; fullheight: false (.hidden)&lt;/h2&gt;">
        </title46><carousel50
        jcr:primaryType="nt:unstructured" sling:resourceType="themecleanflex/components/carousel" blockwidth="full" captionbg="true" colorscheme="" custombackground="true" bgsize="cover" backgroundtype="gradient" bgcolor="#ff8040" color2="#0080ff" fullheight="false"><carouselheight jcr:primaryType="nt:unstructured"></carouselheight>
<toppadding jcr:primaryType="nt:unstructured"></toppadding>
<bottompadding jcr:primaryType="nt:unstructured"></bottompadding>
<slides jcr:primaryType="nt:unstructured"><c47
        jcr:primaryType="nt:unstructured" imagepath="/content/themecleanflex/assets/samples/architecture-blue-skies_large.jpg" imagefit="cover" text="&lt;h2&gt;Slide One Title&lt;/h2&gt;&lt;p&gt;Lorem ipsum dolor sit amet, consectetur adipiscing elit. Fusce sagittis, est eget commodo imperdiet, lectus quam bibendum ex, eu commodo mi diam molestie tortor.&lt;/p&gt;" alt="Sailboats in front of city skyline and sunset">
        </c47><c48
        jcr:primaryType="nt:unstructured" imagepath="/content/themecleanflex/assets/samples/sailing-lake_large.jpg" imagefit="cover" text="&lt;h2&gt;Slide Two Title&lt;/h2&gt;&lt;p&gt;Maecenas fermentum neque feugiat purus condimentum, sed molestie dolor fermentum. Nullam vestibulum tellus dolor. Cras viverra vel diam quis iaculis.&lt;/p&gt;" alt="Sailboat sailing on a lake">
        </c48><c49
        jcr:primaryType="nt:unstructured" imagepath="/content/themecleanflex/assets/samples/beach-boats-ocean_large.jpg" imagefit="cover" text="&lt;h2&gt;Slide Three Title&lt;/h2&gt;&lt;p&gt;Fusce sagittis, est eget commodo imperdiet, lectus quam bibendum ex, eu commodo mi diam molestie tortor.Cras viverra vel diam quis iaculis.&lt;/p&gt;" alt="Sailboats sailing on an ocean">
        </c49></slides>
        </carousel50><title51 jcr:primaryType="nt:unstructured" 
            sling:resourceType="themecleanflex/components/richtext" 
            toppadding="25"
            bottompadding="25"
            custombackground="true"
            backgroundtype="color"
            bgcolor="#eeeeee"
            text="&lt;h2&gt;Carousel - Example Sample Variation - background: gradient; colorscheme: none; fullheight: true (.hidden)&lt;/h2&gt;">
        </title51><carousel55
        jcr:primaryType="nt:unstructured" sling:resourceType="themecleanflex/components/carousel" blockwidth="full" captionbg="true" colorscheme="" custombackground="true" bgsize="cover" backgroundtype="gradient" bgcolor="#ff8040" color2="#0080ff" fullheight="true"><carouselheight jcr:primaryType="nt:unstructured"></carouselheight>
<toppadding jcr:primaryType="nt:unstructured"></toppadding>
<bottompadding jcr:primaryType="nt:unstructured"></bottompadding>
<slides jcr:primaryType="nt:unstructured"><c52
        jcr:primaryType="nt:unstructured" imagepath="/content/themecleanflex/assets/samples/architecture-blue-skies_large.jpg" imagefit="cover" text="&lt;h2&gt;Slide One Title&lt;/h2&gt;&lt;p&gt;Lorem ipsum dolor sit amet, consectetur adipiscing elit. Fusce sagittis, est eget commodo imperdiet, lectus quam bibendum ex, eu commodo mi diam molestie tortor.&lt;/p&gt;" alt="Sailboats in front of city skyline and sunset">
        </c52><c53
        jcr:primaryType="nt:unstructured" imagepath="/content/themecleanflex/assets/samples/sailing-lake_large.jpg" imagefit="cover" text="&lt;h2&gt;Slide Two Title&lt;/h2&gt;&lt;p&gt;Maecenas fermentum neque feugiat purus condimentum, sed molestie dolor fermentum. Nullam vestibulum tellus dolor. Cras viverra vel diam quis iaculis.&lt;/p&gt;" alt="Sailboat sailing on a lake">
        </c53><c54
        jcr:primaryType="nt:unstructured" imagepath="/content/themecleanflex/assets/samples/beach-boats-ocean_large.jpg" imagefit="cover" text="&lt;h2&gt;Slide Three Title&lt;/h2&gt;&lt;p&gt;Fusce sagittis, est eget commodo imperdiet, lectus quam bibendum ex, eu commodo mi diam molestie tortor.Cras viverra vel diam quis iaculis.&lt;/p&gt;" alt="Sailboats sailing on an ocean">
        </c54></slides>
        </carousel55><title56 jcr:primaryType="nt:unstructured" 
            sling:resourceType="themecleanflex/components/richtext" 
            toppadding="25"
            bottompadding="25"
            custombackground="true"
            backgroundtype="color"
            bgcolor="#eeeeee"
            text="&lt;h2&gt;Carousel - Example Sample Variation - background: image; colorscheme: dark; fullheight: false (.hidden)&lt;/h2&gt;">
        </title56><carousel60
        jcr:primaryType="nt:unstructured" sling:resourceType="themecleanflex/components/carousel" blockwidth="full" captionbg="true" colorscheme="dark" custombackground="true" bgsize="cover" backgroundtype="image" bgimage="/content/themecleanflex/assets/samples/beach-bird-s-eye-view-daytime-1249586.jpg" fullheight="false"><carouselheight jcr:primaryType="nt:unstructured"></carouselheight>
<toppadding jcr:primaryType="nt:unstructured"></toppadding>
<bottompadding jcr:primaryType="nt:unstructured"></bottompadding>
<slides jcr:primaryType="nt:unstructured"><c57
        jcr:primaryType="nt:unstructured" imagepath="/content/themecleanflex/assets/samples/architecture-blue-skies_large.jpg" imagefit="cover" text="&lt;h2&gt;Slide One Title&lt;/h2&gt;&lt;p&gt;Lorem ipsum dolor sit amet, consectetur adipiscing elit. Fusce sagittis, est eget commodo imperdiet, lectus quam bibendum ex, eu commodo mi diam molestie tortor.&lt;/p&gt;" alt="Sailboats in front of city skyline and sunset">
        </c57><c58
        jcr:primaryType="nt:unstructured" imagepath="/content/themecleanflex/assets/samples/sailing-lake_large.jpg" imagefit="cover" text="&lt;h2&gt;Slide Two Title&lt;/h2&gt;&lt;p&gt;Maecenas fermentum neque feugiat purus condimentum, sed molestie dolor fermentum. Nullam vestibulum tellus dolor. Cras viverra vel diam quis iaculis.&lt;/p&gt;" alt="Sailboat sailing on a lake">
        </c58><c59
        jcr:primaryType="nt:unstructured" imagepath="/content/themecleanflex/assets/samples/beach-boats-ocean_large.jpg" imagefit="cover" text="&lt;h2&gt;Slide Three Title&lt;/h2&gt;&lt;p&gt;Fusce sagittis, est eget commodo imperdiet, lectus quam bibendum ex, eu commodo mi diam molestie tortor.Cras viverra vel diam quis iaculis.&lt;/p&gt;" alt="Sailboats sailing on an ocean">
        </c59></slides>
        </carousel60><title61 jcr:primaryType="nt:unstructured" 
            sling:resourceType="themecleanflex/components/richtext" 
            toppadding="25"
            bottompadding="25"
            custombackground="true"
            backgroundtype="color"
            bgcolor="#eeeeee"
            text="&lt;h2&gt;Carousel - Example Sample Variation - background: image; colorscheme: dark; fullheight: true (.hidden)&lt;/h2&gt;">
        </title61><carousel65
        jcr:primaryType="nt:unstructured" sling:resourceType="themecleanflex/components/carousel" blockwidth="full" captionbg="true" colorscheme="dark" custombackground="true" bgsize="cover" backgroundtype="image" bgimage="/content/themecleanflex/assets/samples/beach-bird-s-eye-view-daytime-1249586.jpg" fullheight="true"><carouselheight jcr:primaryType="nt:unstructured"></carouselheight>
<toppadding jcr:primaryType="nt:unstructured"></toppadding>
<bottompadding jcr:primaryType="nt:unstructured"></bottompadding>
<slides jcr:primaryType="nt:unstructured"><c62
        jcr:primaryType="nt:unstructured" imagepath="/content/themecleanflex/assets/samples/architecture-blue-skies_large.jpg" imagefit="cover" text="&lt;h2&gt;Slide One Title&lt;/h2&gt;&lt;p&gt;Lorem ipsum dolor sit amet, consectetur adipiscing elit. Fusce sagittis, est eget commodo imperdiet, lectus quam bibendum ex, eu commodo mi diam molestie tortor.&lt;/p&gt;" alt="Sailboats in front of city skyline and sunset">
        </c62><c63
        jcr:primaryType="nt:unstructured" imagepath="/content/themecleanflex/assets/samples/sailing-lake_large.jpg" imagefit="cover" text="&lt;h2&gt;Slide Two Title&lt;/h2&gt;&lt;p&gt;Maecenas fermentum neque feugiat purus condimentum, sed molestie dolor fermentum. Nullam vestibulum tellus dolor. Cras viverra vel diam quis iaculis.&lt;/p&gt;" alt="Sailboat sailing on a lake">
        </c63><c64
        jcr:primaryType="nt:unstructured" imagepath="/content/themecleanflex/assets/samples/beach-boats-ocean_large.jpg" imagefit="cover" text="&lt;h2&gt;Slide Three Title&lt;/h2&gt;&lt;p&gt;Fusce sagittis, est eget commodo imperdiet, lectus quam bibendum ex, eu commodo mi diam molestie tortor.Cras viverra vel diam quis iaculis.&lt;/p&gt;" alt="Sailboats sailing on an ocean">
        </c64></slides>
        </carousel65><title66 jcr:primaryType="nt:unstructured" 
            sling:resourceType="themecleanflex/components/richtext" 
            toppadding="25"
            bottompadding="25"
            custombackground="true"
            backgroundtype="color"
            bgcolor="#eeeeee"
            text="&lt;h2&gt;Carousel - Example Sample Variation - background: image; colorscheme: light; fullheight: false (.hidden)&lt;/h2&gt;">
        </title66><carousel70
        jcr:primaryType="nt:unstructured" sling:resourceType="themecleanflex/components/carousel" blockwidth="full" captionbg="true" colorscheme="light" custombackground="true" bgsize="cover" backgroundtype="image" bgimage="/content/themecleanflex/assets/samples/beach-bird-s-eye-view-daytime-1249586.jpg" fullheight="false"><carouselheight jcr:primaryType="nt:unstructured"></carouselheight>
<toppadding jcr:primaryType="nt:unstructured"></toppadding>
<bottompadding jcr:primaryType="nt:unstructured"></bottompadding>
<slides jcr:primaryType="nt:unstructured"><c67
        jcr:primaryType="nt:unstructured" imagepath="/content/themecleanflex/assets/samples/architecture-blue-skies_large.jpg" imagefit="cover" text="&lt;h2&gt;Slide One Title&lt;/h2&gt;&lt;p&gt;Lorem ipsum dolor sit amet, consectetur adipiscing elit. Fusce sagittis, est eget commodo imperdiet, lectus quam bibendum ex, eu commodo mi diam molestie tortor.&lt;/p&gt;" alt="Sailboats in front of city skyline and sunset">
        </c67><c68
        jcr:primaryType="nt:unstructured" imagepath="/content/themecleanflex/assets/samples/sailing-lake_large.jpg" imagefit="cover" text="&lt;h2&gt;Slide Two Title&lt;/h2&gt;&lt;p&gt;Maecenas fermentum neque feugiat purus condimentum, sed molestie dolor fermentum. Nullam vestibulum tellus dolor. Cras viverra vel diam quis iaculis.&lt;/p&gt;" alt="Sailboat sailing on a lake">
        </c68><c69
        jcr:primaryType="nt:unstructured" imagepath="/content/themecleanflex/assets/samples/beach-boats-ocean_large.jpg" imagefit="cover" text="&lt;h2&gt;Slide Three Title&lt;/h2&gt;&lt;p&gt;Fusce sagittis, est eget commodo imperdiet, lectus quam bibendum ex, eu commodo mi diam molestie tortor.Cras viverra vel diam quis iaculis.&lt;/p&gt;" alt="Sailboats sailing on an ocean">
        </c69></slides>
        </carousel70><title71 jcr:primaryType="nt:unstructured" 
            sling:resourceType="themecleanflex/components/richtext" 
            toppadding="25"
            bottompadding="25"
            custombackground="true"
            backgroundtype="color"
            bgcolor="#eeeeee"
            text="&lt;h2&gt;Carousel - Example Sample Variation - background: image; colorscheme: light; fullheight: true (.hidden)&lt;/h2&gt;">
        </title71><carousel75
        jcr:primaryType="nt:unstructured" sling:resourceType="themecleanflex/components/carousel" blockwidth="full" captionbg="true" colorscheme="light" custombackground="true" bgsize="cover" backgroundtype="image" bgimage="/content/themecleanflex/assets/samples/beach-bird-s-eye-view-daytime-1249586.jpg" fullheight="true"><carouselheight jcr:primaryType="nt:unstructured"></carouselheight>
<toppadding jcr:primaryType="nt:unstructured"></toppadding>
<bottompadding jcr:primaryType="nt:unstructured"></bottompadding>
<slides jcr:primaryType="nt:unstructured"><c72
        jcr:primaryType="nt:unstructured" imagepath="/content/themecleanflex/assets/samples/architecture-blue-skies_large.jpg" imagefit="cover" text="&lt;h2&gt;Slide One Title&lt;/h2&gt;&lt;p&gt;Lorem ipsum dolor sit amet, consectetur adipiscing elit. Fusce sagittis, est eget commodo imperdiet, lectus quam bibendum ex, eu commodo mi diam molestie tortor.&lt;/p&gt;" alt="Sailboats in front of city skyline and sunset">
        </c72><c73
        jcr:primaryType="nt:unstructured" imagepath="/content/themecleanflex/assets/samples/sailing-lake_large.jpg" imagefit="cover" text="&lt;h2&gt;Slide Two Title&lt;/h2&gt;&lt;p&gt;Maecenas fermentum neque feugiat purus condimentum, sed molestie dolor fermentum. Nullam vestibulum tellus dolor. Cras viverra vel diam quis iaculis.&lt;/p&gt;" alt="Sailboat sailing on a lake">
        </c73><c74
        jcr:primaryType="nt:unstructured" imagepath="/content/themecleanflex/assets/samples/beach-boats-ocean_large.jpg" imagefit="cover" text="&lt;h2&gt;Slide Three Title&lt;/h2&gt;&lt;p&gt;Fusce sagittis, est eget commodo imperdiet, lectus quam bibendum ex, eu commodo mi diam molestie tortor.Cras viverra vel diam quis iaculis.&lt;/p&gt;" alt="Sailboats sailing on an ocean">
        </c74></slides>
        </carousel75><title76 jcr:primaryType="nt:unstructured" 
            sling:resourceType="themecleanflex/components/richtext" 
            toppadding="25"
            bottompadding="25"
            custombackground="true"
            backgroundtype="color"
            bgcolor="#eeeeee"
            text="&lt;h2&gt;Carousel - Example Sample Variation - background: image; colorscheme: none; fullheight: false (.hidden)&lt;/h2&gt;">
        </title76><carousel80
        jcr:primaryType="nt:unstructured" sling:resourceType="themecleanflex/components/carousel" blockwidth="full" captionbg="true" colorscheme="" custombackground="true" bgsize="cover" backgroundtype="image" bgimage="/content/themecleanflex/assets/samples/beach-bird-s-eye-view-daytime-1249586.jpg" fullheight="false"><carouselheight jcr:primaryType="nt:unstructured"></carouselheight>
<toppadding jcr:primaryType="nt:unstructured"></toppadding>
<bottompadding jcr:primaryType="nt:unstructured"></bottompadding>
<slides jcr:primaryType="nt:unstructured"><c77
        jcr:primaryType="nt:unstructured" imagepath="/content/themecleanflex/assets/samples/architecture-blue-skies_large.jpg" imagefit="cover" text="&lt;h2&gt;Slide One Title&lt;/h2&gt;&lt;p&gt;Lorem ipsum dolor sit amet, consectetur adipiscing elit. Fusce sagittis, est eget commodo imperdiet, lectus quam bibendum ex, eu commodo mi diam molestie tortor.&lt;/p&gt;" alt="Sailboats in front of city skyline and sunset">
        </c77><c78
        jcr:primaryType="nt:unstructured" imagepath="/content/themecleanflex/assets/samples/sailing-lake_large.jpg" imagefit="cover" text="&lt;h2&gt;Slide Two Title&lt;/h2&gt;&lt;p&gt;Maecenas fermentum neque feugiat purus condimentum, sed molestie dolor fermentum. Nullam vestibulum tellus dolor. Cras viverra vel diam quis iaculis.&lt;/p&gt;" alt="Sailboat sailing on a lake">
        </c78><c79
        jcr:primaryType="nt:unstructured" imagepath="/content/themecleanflex/assets/samples/beach-boats-ocean_large.jpg" imagefit="cover" text="&lt;h2&gt;Slide Three Title&lt;/h2&gt;&lt;p&gt;Fusce sagittis, est eget commodo imperdiet, lectus quam bibendum ex, eu commodo mi diam molestie tortor.Cras viverra vel diam quis iaculis.&lt;/p&gt;" alt="Sailboats sailing on an ocean">
        </c79></slides>
        </carousel80><title81 jcr:primaryType="nt:unstructured" 
            sling:resourceType="themecleanflex/components/richtext" 
            toppadding="25"
            bottompadding="25"
            custombackground="true"
            backgroundtype="color"
            bgcolor="#eeeeee"
            text="&lt;h2&gt;Carousel - Example Sample Variation - background: image; colorscheme: none; fullheight: true (.hidden)&lt;/h2&gt;">
        </title81><carousel85
        jcr:primaryType="nt:unstructured" sling:resourceType="themecleanflex/components/carousel" blockwidth="full" captionbg="true" colorscheme="" custombackground="true" bgsize="cover" backgroundtype="image" bgimage="/content/themecleanflex/assets/samples/beach-bird-s-eye-view-daytime-1249586.jpg" fullheight="true"><carouselheight jcr:primaryType="nt:unstructured"></carouselheight>
<toppadding jcr:primaryType="nt:unstructured"></toppadding>
<bottompadding jcr:primaryType="nt:unstructured"></bottompadding>
<slides jcr:primaryType="nt:unstructured"><c82
        jcr:primaryType="nt:unstructured" imagepath="/content/themecleanflex/assets/samples/architecture-blue-skies_large.jpg" imagefit="cover" text="&lt;h2&gt;Slide One Title&lt;/h2&gt;&lt;p&gt;Lorem ipsum dolor sit amet, consectetur adipiscing elit. Fusce sagittis, est eget commodo imperdiet, lectus quam bibendum ex, eu commodo mi diam molestie tortor.&lt;/p&gt;" alt="Sailboats in front of city skyline and sunset">
        </c82><c83
        jcr:primaryType="nt:unstructured" imagepath="/content/themecleanflex/assets/samples/sailing-lake_large.jpg" imagefit="cover" text="&lt;h2&gt;Slide Two Title&lt;/h2&gt;&lt;p&gt;Maecenas fermentum neque feugiat purus condimentum, sed molestie dolor fermentum. Nullam vestibulum tellus dolor. Cras viverra vel diam quis iaculis.&lt;/p&gt;" alt="Sailboat sailing on a lake">
        </c83><c84
        jcr:primaryType="nt:unstructured" imagepath="/content/themecleanflex/assets/samples/beach-boats-ocean_large.jpg" imagefit="cover" text="&lt;h2&gt;Slide Three Title&lt;/h2&gt;&lt;p&gt;Fusce sagittis, est eget commodo imperdiet, lectus quam bibendum ex, eu commodo mi diam molestie tortor.Cras viverra vel diam quis iaculis.&lt;/p&gt;" alt="Sailboats sailing on an ocean">
        </c84></slides>
        </carousel85><title86 jcr:primaryType="nt:unstructured" 
            sling:resourceType="themecleanflex/components/richtext" 
            toppadding="25"
            bottompadding="25"
            custombackground="true"
            backgroundtype="color"
            bgcolor="#eeeeee"
            text="&lt;h2&gt;Carousel - Example Sample Variation - background: none; colorscheme: dark; fullheight: false (.hidden)&lt;/h2&gt;">
        </title86><carousel90
        jcr:primaryType="nt:unstructured" sling:resourceType="themecleanflex/components/carousel" blockwidth="full" captionbg="true" colorscheme="dark" custombackground="false" fullheight="false"><carouselheight jcr:primaryType="nt:unstructured"></carouselheight>
<toppadding jcr:primaryType="nt:unstructured"></toppadding>
<bottompadding jcr:primaryType="nt:unstructured"></bottompadding>
<slides jcr:primaryType="nt:unstructured"><c87
        jcr:primaryType="nt:unstructured" imagepath="/content/themecleanflex/assets/samples/architecture-blue-skies_large.jpg" imagefit="cover" text="&lt;h2&gt;Slide One Title&lt;/h2&gt;&lt;p&gt;Lorem ipsum dolor sit amet, consectetur adipiscing elit. Fusce sagittis, est eget commodo imperdiet, lectus quam bibendum ex, eu commodo mi diam molestie tortor.&lt;/p&gt;" alt="Sailboats in front of city skyline and sunset">
        </c87><c88
        jcr:primaryType="nt:unstructured" imagepath="/content/themecleanflex/assets/samples/sailing-lake_large.jpg" imagefit="cover" text="&lt;h2&gt;Slide Two Title&lt;/h2&gt;&lt;p&gt;Maecenas fermentum neque feugiat purus condimentum, sed molestie dolor fermentum. Nullam vestibulum tellus dolor. Cras viverra vel diam quis iaculis.&lt;/p&gt;" alt="Sailboat sailing on a lake">
        </c88><c89
        jcr:primaryType="nt:unstructured" imagepath="/content/themecleanflex/assets/samples/beach-boats-ocean_large.jpg" imagefit="cover" text="&lt;h2&gt;Slide Three Title&lt;/h2&gt;&lt;p&gt;Fusce sagittis, est eget commodo imperdiet, lectus quam bibendum ex, eu commodo mi diam molestie tortor.Cras viverra vel diam quis iaculis.&lt;/p&gt;" alt="Sailboats sailing on an ocean">
        </c89></slides>
        </carousel90><title91 jcr:primaryType="nt:unstructured" 
            sling:resourceType="themecleanflex/components/richtext" 
            toppadding="25"
            bottompadding="25"
            custombackground="true"
            backgroundtype="color"
            bgcolor="#eeeeee"
            text="&lt;h2&gt;Carousel - Example Sample Variation - background: none; colorscheme: dark; fullheight: true (.hidden)&lt;/h2&gt;">
        </title91><carousel95
        jcr:primaryType="nt:unstructured" sling:resourceType="themecleanflex/components/carousel" blockwidth="full" captionbg="true" colorscheme="dark" custombackground="false" fullheight="true"><carouselheight jcr:primaryType="nt:unstructured"></carouselheight>
<toppadding jcr:primaryType="nt:unstructured"></toppadding>
<bottompadding jcr:primaryType="nt:unstructured"></bottompadding>
<slides jcr:primaryType="nt:unstructured"><c92
        jcr:primaryType="nt:unstructured" imagepath="/content/themecleanflex/assets/samples/architecture-blue-skies_large.jpg" imagefit="cover" text="&lt;h2&gt;Slide One Title&lt;/h2&gt;&lt;p&gt;Lorem ipsum dolor sit amet, consectetur adipiscing elit. Fusce sagittis, est eget commodo imperdiet, lectus quam bibendum ex, eu commodo mi diam molestie tortor.&lt;/p&gt;" alt="Sailboats in front of city skyline and sunset">
        </c92><c93
        jcr:primaryType="nt:unstructured" imagepath="/content/themecleanflex/assets/samples/sailing-lake_large.jpg" imagefit="cover" text="&lt;h2&gt;Slide Two Title&lt;/h2&gt;&lt;p&gt;Maecenas fermentum neque feugiat purus condimentum, sed molestie dolor fermentum. Nullam vestibulum tellus dolor. Cras viverra vel diam quis iaculis.&lt;/p&gt;" alt="Sailboat sailing on a lake">
        </c93><c94
        jcr:primaryType="nt:unstructured" imagepath="/content/themecleanflex/assets/samples/beach-boats-ocean_large.jpg" imagefit="cover" text="&lt;h2&gt;Slide Three Title&lt;/h2&gt;&lt;p&gt;Fusce sagittis, est eget commodo imperdiet, lectus quam bibendum ex, eu commodo mi diam molestie tortor.Cras viverra vel diam quis iaculis.&lt;/p&gt;" alt="Sailboats sailing on an ocean">
        </c94></slides>
        </carousel95><title96 jcr:primaryType="nt:unstructured" 
            sling:resourceType="themecleanflex/components/richtext" 
            toppadding="25"
            bottompadding="25"
            custombackground="true"
            backgroundtype="color"
            bgcolor="#eeeeee"
            text="&lt;h2&gt;Carousel - Example Sample Variation - background: none; colorscheme: light; fullheight: false (.hidden)&lt;/h2&gt;">
        </title96><carousel100
        jcr:primaryType="nt:unstructured" sling:resourceType="themecleanflex/components/carousel" blockwidth="full" captionbg="true" colorscheme="light" custombackground="false" fullheight="false"><carouselheight jcr:primaryType="nt:unstructured"></carouselheight>
<toppadding jcr:primaryType="nt:unstructured"></toppadding>
<bottompadding jcr:primaryType="nt:unstructured"></bottompadding>
<slides jcr:primaryType="nt:unstructured"><c97
        jcr:primaryType="nt:unstructured" imagepath="/content/themecleanflex/assets/samples/architecture-blue-skies_large.jpg" imagefit="cover" text="&lt;h2&gt;Slide One Title&lt;/h2&gt;&lt;p&gt;Lorem ipsum dolor sit amet, consectetur adipiscing elit. Fusce sagittis, est eget commodo imperdiet, lectus quam bibendum ex, eu commodo mi diam molestie tortor.&lt;/p&gt;" alt="Sailboats in front of city skyline and sunset">
        </c97><c98
        jcr:primaryType="nt:unstructured" imagepath="/content/themecleanflex/assets/samples/sailing-lake_large.jpg" imagefit="cover" text="&lt;h2&gt;Slide Two Title&lt;/h2&gt;&lt;p&gt;Maecenas fermentum neque feugiat purus condimentum, sed molestie dolor fermentum. Nullam vestibulum tellus dolor. Cras viverra vel diam quis iaculis.&lt;/p&gt;" alt="Sailboat sailing on a lake">
        </c98><c99
        jcr:primaryType="nt:unstructured" imagepath="/content/themecleanflex/assets/samples/beach-boats-ocean_large.jpg" imagefit="cover" text="&lt;h2&gt;Slide Three Title&lt;/h2&gt;&lt;p&gt;Fusce sagittis, est eget commodo imperdiet, lectus quam bibendum ex, eu commodo mi diam molestie tortor.Cras viverra vel diam quis iaculis.&lt;/p&gt;" alt="Sailboats sailing on an ocean">
        </c99></slides>
        </carousel100><title101 jcr:primaryType="nt:unstructured" 
            sling:resourceType="themecleanflex/components/richtext" 
            toppadding="25"
            bottompadding="25"
            custombackground="true"
            backgroundtype="color"
            bgcolor="#eeeeee"
            text="&lt;h2&gt;Carousel - Example Sample Variation - background: none; colorscheme: light; fullheight: true (.hidden)&lt;/h2&gt;">
        </title101><carousel105
        jcr:primaryType="nt:unstructured" sling:resourceType="themecleanflex/components/carousel" blockwidth="full" captionbg="true" colorscheme="light" custombackground="false" fullheight="true"><carouselheight jcr:primaryType="nt:unstructured"></carouselheight>
<toppadding jcr:primaryType="nt:unstructured"></toppadding>
<bottompadding jcr:primaryType="nt:unstructured"></bottompadding>
<slides jcr:primaryType="nt:unstructured"><c102
        jcr:primaryType="nt:unstructured" imagepath="/content/themecleanflex/assets/samples/architecture-blue-skies_large.jpg" imagefit="cover" text="&lt;h2&gt;Slide One Title&lt;/h2&gt;&lt;p&gt;Lorem ipsum dolor sit amet, consectetur adipiscing elit. Fusce sagittis, est eget commodo imperdiet, lectus quam bibendum ex, eu commodo mi diam molestie tortor.&lt;/p&gt;" alt="Sailboats in front of city skyline and sunset">
        </c102><c103
        jcr:primaryType="nt:unstructured" imagepath="/content/themecleanflex/assets/samples/sailing-lake_large.jpg" imagefit="cover" text="&lt;h2&gt;Slide Two Title&lt;/h2&gt;&lt;p&gt;Maecenas fermentum neque feugiat purus condimentum, sed molestie dolor fermentum. Nullam vestibulum tellus dolor. Cras viverra vel diam quis iaculis.&lt;/p&gt;" alt="Sailboat sailing on a lake">
        </c103><c104
        jcr:primaryType="nt:unstructured" imagepath="/content/themecleanflex/assets/samples/beach-boats-ocean_large.jpg" imagefit="cover" text="&lt;h2&gt;Slide Three Title&lt;/h2&gt;&lt;p&gt;Fusce sagittis, est eget commodo imperdiet, lectus quam bibendum ex, eu commodo mi diam molestie tortor.Cras viverra vel diam quis iaculis.&lt;/p&gt;" alt="Sailboats sailing on an ocean">
        </c104></slides>
        </carousel105><title106 jcr:primaryType="nt:unstructured" 
            sling:resourceType="themecleanflex/components/richtext" 
            toppadding="25"
            bottompadding="25"
            custombackground="true"
            backgroundtype="color"
            bgcolor="#eeeeee"
            text="&lt;h2&gt;Carousel - Example Sample Variation - background: none; colorscheme: none; fullheight: false (.hidden)&lt;/h2&gt;">
        </title106><carousel110
        jcr:primaryType="nt:unstructured" sling:resourceType="themecleanflex/components/carousel" blockwidth="full" captionbg="true" colorscheme="" custombackground="false" fullheight="false"><carouselheight jcr:primaryType="nt:unstructured"></carouselheight>
<toppadding jcr:primaryType="nt:unstructured"></toppadding>
<bottompadding jcr:primaryType="nt:unstructured"></bottompadding>
<slides jcr:primaryType="nt:unstructured"><c107
        jcr:primaryType="nt:unstructured" imagepath="/content/themecleanflex/assets/samples/architecture-blue-skies_large.jpg" imagefit="cover" text="&lt;h2&gt;Slide One Title&lt;/h2&gt;&lt;p&gt;Lorem ipsum dolor sit amet, consectetur adipiscing elit. Fusce sagittis, est eget commodo imperdiet, lectus quam bibendum ex, eu commodo mi diam molestie tortor.&lt;/p&gt;" alt="Sailboats in front of city skyline and sunset">
        </c107><c108
        jcr:primaryType="nt:unstructured" imagepath="/content/themecleanflex/assets/samples/sailing-lake_large.jpg" imagefit="cover" text="&lt;h2&gt;Slide Two Title&lt;/h2&gt;&lt;p&gt;Maecenas fermentum neque feugiat purus condimentum, sed molestie dolor fermentum. Nullam vestibulum tellus dolor. Cras viverra vel diam quis iaculis.&lt;/p&gt;" alt="Sailboat sailing on a lake">
        </c108><c109
        jcr:primaryType="nt:unstructured" imagepath="/content/themecleanflex/assets/samples/beach-boats-ocean_large.jpg" imagefit="cover" text="&lt;h2&gt;Slide Three Title&lt;/h2&gt;&lt;p&gt;Fusce sagittis, est eget commodo imperdiet, lectus quam bibendum ex, eu commodo mi diam molestie tortor.Cras viverra vel diam quis iaculis.&lt;/p&gt;" alt="Sailboats sailing on an ocean">
        </c109></slides>
        </carousel110><title111 jcr:primaryType="nt:unstructured" 
            sling:resourceType="themecleanflex/components/richtext" 
            toppadding="25"
            bottompadding="25"
            custombackground="true"
            backgroundtype="color"
            bgcolor="#eeeeee"
            text="&lt;h2&gt;Carousel - Example Sample Variation - background: none; colorscheme: none; fullheight: true (.hidden)&lt;/h2&gt;">
        </title111><carousel115
        jcr:primaryType="nt:unstructured" sling:resourceType="themecleanflex/components/carousel" blockwidth="full" captionbg="true" colorscheme="" custombackground="false" fullheight="true"><carouselheight jcr:primaryType="nt:unstructured"></carouselheight>
<toppadding jcr:primaryType="nt:unstructured"></toppadding>
<bottompadding jcr:primaryType="nt:unstructured"></bottompadding>
<slides jcr:primaryType="nt:unstructured"><c112
        jcr:primaryType="nt:unstructured" imagepath="/content/themecleanflex/assets/samples/architecture-blue-skies_large.jpg" imagefit="cover" text="&lt;h2&gt;Slide One Title&lt;/h2&gt;&lt;p&gt;Lorem ipsum dolor sit amet, consectetur adipiscing elit. Fusce sagittis, est eget commodo imperdiet, lectus quam bibendum ex, eu commodo mi diam molestie tortor.&lt;/p&gt;" alt="Sailboats in front of city skyline and sunset">
        </c112><c113
        jcr:primaryType="nt:unstructured" imagepath="/content/themecleanflex/assets/samples/sailing-lake_large.jpg" imagefit="cover" text="&lt;h2&gt;Slide Two Title&lt;/h2&gt;&lt;p&gt;Maecenas fermentum neque feugiat purus condimentum, sed molestie dolor fermentum. Nullam vestibulum tellus dolor. Cras viverra vel diam quis iaculis.&lt;/p&gt;" alt="Sailboat sailing on a lake">
        </c113><c114
        jcr:primaryType="nt:unstructured" imagepath="/content/themecleanflex/assets/samples/beach-boats-ocean_large.jpg" imagefit="cover" text="&lt;h2&gt;Slide Three Title&lt;/h2&gt;&lt;p&gt;Fusce sagittis, est eget commodo imperdiet, lectus quam bibendum ex, eu commodo mi diam molestie tortor.Cras viverra vel diam quis iaculis.&lt;/p&gt;" alt="Sailboats sailing on an ocean">
        </c114></slides>
        </carousel115><title116 jcr:primaryType="nt:unstructured" 
            sling:resourceType="themecleanflex/components/richtext" 
            toppadding="25"
            bottompadding="25"
            custombackground="true"
            backgroundtype="color"
            bgcolor="#eeeeee"
            text="&lt;h2&gt;Carousel - Example Sample Variation - background: video; colorscheme: dark; fullheight: false (.hidden)&lt;/h2&gt;">
        </title116><carousel120
        jcr:primaryType="nt:unstructured" sling:resourceType="themecleanflex/components/carousel" blockwidth="full" captionbg="true" colorscheme="dark" custombackground="true" bgsize="cover" backgroundtype="video" bgvideo="https://www.youtube.com/embed/Ju86mknumYM" fullheight="false"><carouselheight jcr:primaryType="nt:unstructured"></carouselheight>
<toppadding jcr:primaryType="nt:unstructured"></toppadding>
<bottompadding jcr:primaryType="nt:unstructured"></bottompadding>
<slides jcr:primaryType="nt:unstructured"><c117
        jcr:primaryType="nt:unstructured" imagepath="/content/themecleanflex/assets/samples/architecture-blue-skies_large.jpg" imagefit="cover" text="&lt;h2&gt;Slide One Title&lt;/h2&gt;&lt;p&gt;Lorem ipsum dolor sit amet, consectetur adipiscing elit. Fusce sagittis, est eget commodo imperdiet, lectus quam bibendum ex, eu commodo mi diam molestie tortor.&lt;/p&gt;" alt="Sailboats in front of city skyline and sunset">
        </c117><c118
        jcr:primaryType="nt:unstructured" imagepath="/content/themecleanflex/assets/samples/sailing-lake_large.jpg" imagefit="cover" text="&lt;h2&gt;Slide Two Title&lt;/h2&gt;&lt;p&gt;Maecenas fermentum neque feugiat purus condimentum, sed molestie dolor fermentum. Nullam vestibulum tellus dolor. Cras viverra vel diam quis iaculis.&lt;/p&gt;" alt="Sailboat sailing on a lake">
        </c118><c119
        jcr:primaryType="nt:unstructured" imagepath="/content/themecleanflex/assets/samples/beach-boats-ocean_large.jpg" imagefit="cover" text="&lt;h2&gt;Slide Three Title&lt;/h2&gt;&lt;p&gt;Fusce sagittis, est eget commodo imperdiet, lectus quam bibendum ex, eu commodo mi diam molestie tortor.Cras viverra vel diam quis iaculis.&lt;/p&gt;" alt="Sailboats sailing on an ocean">
        </c119></slides>
        </carousel120><title121 jcr:primaryType="nt:unstructured" 
            sling:resourceType="themecleanflex/components/richtext" 
            toppadding="25"
            bottompadding="25"
            custombackground="true"
            backgroundtype="color"
            bgcolor="#eeeeee"
            text="&lt;h2&gt;Carousel - Example Sample Variation - background: video; colorscheme: dark; fullheight: true (.hidden)&lt;/h2&gt;">
        </title121><carousel125
        jcr:primaryType="nt:unstructured" sling:resourceType="themecleanflex/components/carousel" blockwidth="full" captionbg="true" colorscheme="dark" custombackground="true" bgsize="cover" backgroundtype="video" bgvideo="https://www.youtube.com/embed/Ju86mknumYM" fullheight="true"><carouselheight jcr:primaryType="nt:unstructured"></carouselheight>
<toppadding jcr:primaryType="nt:unstructured"></toppadding>
<bottompadding jcr:primaryType="nt:unstructured"></bottompadding>
<slides jcr:primaryType="nt:unstructured"><c122
        jcr:primaryType="nt:unstructured" imagepath="/content/themecleanflex/assets/samples/architecture-blue-skies_large.jpg" imagefit="cover" text="&lt;h2&gt;Slide One Title&lt;/h2&gt;&lt;p&gt;Lorem ipsum dolor sit amet, consectetur adipiscing elit. Fusce sagittis, est eget commodo imperdiet, lectus quam bibendum ex, eu commodo mi diam molestie tortor.&lt;/p&gt;" alt="Sailboats in front of city skyline and sunset">
        </c122><c123
        jcr:primaryType="nt:unstructured" imagepath="/content/themecleanflex/assets/samples/sailing-lake_large.jpg" imagefit="cover" text="&lt;h2&gt;Slide Two Title&lt;/h2&gt;&lt;p&gt;Maecenas fermentum neque feugiat purus condimentum, sed molestie dolor fermentum. Nullam vestibulum tellus dolor. Cras viverra vel diam quis iaculis.&lt;/p&gt;" alt="Sailboat sailing on a lake">
        </c123><c124
        jcr:primaryType="nt:unstructured" imagepath="/content/themecleanflex/assets/samples/beach-boats-ocean_large.jpg" imagefit="cover" text="&lt;h2&gt;Slide Three Title&lt;/h2&gt;&lt;p&gt;Fusce sagittis, est eget commodo imperdiet, lectus quam bibendum ex, eu commodo mi diam molestie tortor.Cras viverra vel diam quis iaculis.&lt;/p&gt;" alt="Sailboats sailing on an ocean">
        </c124></slides>
        </carousel125><title126 jcr:primaryType="nt:unstructured" 
            sling:resourceType="themecleanflex/components/richtext" 
            toppadding="25"
            bottompadding="25"
            custombackground="true"
            backgroundtype="color"
            bgcolor="#eeeeee"
            text="&lt;h2&gt;Carousel - Example Sample Variation - background: video; colorscheme: light; fullheight: false (.hidden)&lt;/h2&gt;">
        </title126><carousel130
        jcr:primaryType="nt:unstructured" sling:resourceType="themecleanflex/components/carousel" blockwidth="full" captionbg="true" colorscheme="light" custombackground="true" bgsize="cover" backgroundtype="video" bgvideo="https://www.youtube.com/embed/Ju86mknumYM" fullheight="false"><carouselheight jcr:primaryType="nt:unstructured"></carouselheight>
<toppadding jcr:primaryType="nt:unstructured"></toppadding>
<bottompadding jcr:primaryType="nt:unstructured"></bottompadding>
<slides jcr:primaryType="nt:unstructured"><c127
        jcr:primaryType="nt:unstructured" imagepath="/content/themecleanflex/assets/samples/architecture-blue-skies_large.jpg" imagefit="cover" text="&lt;h2&gt;Slide One Title&lt;/h2&gt;&lt;p&gt;Lorem ipsum dolor sit amet, consectetur adipiscing elit. Fusce sagittis, est eget commodo imperdiet, lectus quam bibendum ex, eu commodo mi diam molestie tortor.&lt;/p&gt;" alt="Sailboats in front of city skyline and sunset">
        </c127><c128
        jcr:primaryType="nt:unstructured" imagepath="/content/themecleanflex/assets/samples/sailing-lake_large.jpg" imagefit="cover" text="&lt;h2&gt;Slide Two Title&lt;/h2&gt;&lt;p&gt;Maecenas fermentum neque feugiat purus condimentum, sed molestie dolor fermentum. Nullam vestibulum tellus dolor. Cras viverra vel diam quis iaculis.&lt;/p&gt;" alt="Sailboat sailing on a lake">
        </c128><c129
        jcr:primaryType="nt:unstructured" imagepath="/content/themecleanflex/assets/samples/beach-boats-ocean_large.jpg" imagefit="cover" text="&lt;h2&gt;Slide Three Title&lt;/h2&gt;&lt;p&gt;Fusce sagittis, est eget commodo imperdiet, lectus quam bibendum ex, eu commodo mi diam molestie tortor.Cras viverra vel diam quis iaculis.&lt;/p&gt;" alt="Sailboats sailing on an ocean">
        </c129></slides>
        </carousel130><title131 jcr:primaryType="nt:unstructured" 
            sling:resourceType="themecleanflex/components/richtext" 
            toppadding="25"
            bottompadding="25"
            custombackground="true"
            backgroundtype="color"
            bgcolor="#eeeeee"
            text="&lt;h2&gt;Carousel - Example Sample Variation - background: video; colorscheme: light; fullheight: true (.hidden)&lt;/h2&gt;">
        </title131><carousel135
        jcr:primaryType="nt:unstructured" sling:resourceType="themecleanflex/components/carousel" blockwidth="full" captionbg="true" colorscheme="light" custombackground="true" bgsize="cover" backgroundtype="video" bgvideo="https://www.youtube.com/embed/Ju86mknumYM" fullheight="true"><carouselheight jcr:primaryType="nt:unstructured"></carouselheight>
<toppadding jcr:primaryType="nt:unstructured"></toppadding>
<bottompadding jcr:primaryType="nt:unstructured"></bottompadding>
<slides jcr:primaryType="nt:unstructured"><c132
        jcr:primaryType="nt:unstructured" imagepath="/content/themecleanflex/assets/samples/architecture-blue-skies_large.jpg" imagefit="cover" text="&lt;h2&gt;Slide One Title&lt;/h2&gt;&lt;p&gt;Lorem ipsum dolor sit amet, consectetur adipiscing elit. Fusce sagittis, est eget commodo imperdiet, lectus quam bibendum ex, eu commodo mi diam molestie tortor.&lt;/p&gt;" alt="Sailboats in front of city skyline and sunset">
        </c132><c133
        jcr:primaryType="nt:unstructured" imagepath="/content/themecleanflex/assets/samples/sailing-lake_large.jpg" imagefit="cover" text="&lt;h2&gt;Slide Two Title&lt;/h2&gt;&lt;p&gt;Maecenas fermentum neque feugiat purus condimentum, sed molestie dolor fermentum. Nullam vestibulum tellus dolor. Cras viverra vel diam quis iaculis.&lt;/p&gt;" alt="Sailboat sailing on a lake">
        </c133><c134
        jcr:primaryType="nt:unstructured" imagepath="/content/themecleanflex/assets/samples/beach-boats-ocean_large.jpg" imagefit="cover" text="&lt;h2&gt;Slide Three Title&lt;/h2&gt;&lt;p&gt;Fusce sagittis, est eget commodo imperdiet, lectus quam bibendum ex, eu commodo mi diam molestie tortor.Cras viverra vel diam quis iaculis.&lt;/p&gt;" alt="Sailboats sailing on an ocean">
        </c134></slides>
        </carousel135><title136 jcr:primaryType="nt:unstructured" 
            sling:resourceType="themecleanflex/components/richtext" 
            toppadding="25"
            bottompadding="25"
            custombackground="true"
            backgroundtype="color"
            bgcolor="#eeeeee"
            text="&lt;h2&gt;Carousel - Example Sample Variation - background: video; colorscheme: none; fullheight: false (.hidden)&lt;/h2&gt;">
        </title136><carousel140
        jcr:primaryType="nt:unstructured" sling:resourceType="themecleanflex/components/carousel" blockwidth="full" captionbg="true" colorscheme="" custombackground="true" bgsize="cover" backgroundtype="video" bgvideo="https://www.youtube.com/embed/Ju86mknumYM" fullheight="false"><carouselheight jcr:primaryType="nt:unstructured"></carouselheight>
<toppadding jcr:primaryType="nt:unstructured"></toppadding>
<bottompadding jcr:primaryType="nt:unstructured"></bottompadding>
<slides jcr:primaryType="nt:unstructured"><c137
        jcr:primaryType="nt:unstructured" imagepath="/content/themecleanflex/assets/samples/architecture-blue-skies_large.jpg" imagefit="cover" text="&lt;h2&gt;Slide One Title&lt;/h2&gt;&lt;p&gt;Lorem ipsum dolor sit amet, consectetur adipiscing elit. Fusce sagittis, est eget commodo imperdiet, lectus quam bibendum ex, eu commodo mi diam molestie tortor.&lt;/p&gt;" alt="Sailboats in front of city skyline and sunset">
        </c137><c138
        jcr:primaryType="nt:unstructured" imagepath="/content/themecleanflex/assets/samples/sailing-lake_large.jpg" imagefit="cover" text="&lt;h2&gt;Slide Two Title&lt;/h2&gt;&lt;p&gt;Maecenas fermentum neque feugiat purus condimentum, sed molestie dolor fermentum. Nullam vestibulum tellus dolor. Cras viverra vel diam quis iaculis.&lt;/p&gt;" alt="Sailboat sailing on a lake">
        </c138><c139
        jcr:primaryType="nt:unstructured" imagepath="/content/themecleanflex/assets/samples/beach-boats-ocean_large.jpg" imagefit="cover" text="&lt;h2&gt;Slide Three Title&lt;/h2&gt;&lt;p&gt;Fusce sagittis, est eget commodo imperdiet, lectus quam bibendum ex, eu commodo mi diam molestie tortor.Cras viverra vel diam quis iaculis.&lt;/p&gt;" alt="Sailboats sailing on an ocean">
        </c139></slides>
        </carousel140><title141 jcr:primaryType="nt:unstructured" 
            sling:resourceType="themecleanflex/components/richtext" 
            toppadding="25"
            bottompadding="25"
            custombackground="true"
            backgroundtype="color"
            bgcolor="#eeeeee"
            text="&lt;h2&gt;Carousel - Example Sample Variation - background: video; colorscheme: none; fullheight: true (.hidden)&lt;/h2&gt;">
        </title141><carousel145
        jcr:primaryType="nt:unstructured" sling:resourceType="themecleanflex/components/carousel" blockwidth="full" captionbg="true" colorscheme="" custombackground="true" bgsize="cover" backgroundtype="video" bgvideo="https://www.youtube.com/embed/Ju86mknumYM" fullheight="true"><carouselheight jcr:primaryType="nt:unstructured"></carouselheight>
<toppadding jcr:primaryType="nt:unstructured"></toppadding>
<bottompadding jcr:primaryType="nt:unstructured"></bottompadding>
<slides jcr:primaryType="nt:unstructured"><c142
        jcr:primaryType="nt:unstructured" imagepath="/content/themecleanflex/assets/samples/architecture-blue-skies_large.jpg" imagefit="cover" text="&lt;h2&gt;Slide One Title&lt;/h2&gt;&lt;p&gt;Lorem ipsum dolor sit amet, consectetur adipiscing elit. Fusce sagittis, est eget commodo imperdiet, lectus quam bibendum ex, eu commodo mi diam molestie tortor.&lt;/p&gt;" alt="Sailboats in front of city skyline and sunset">
        </c142><c143
        jcr:primaryType="nt:unstructured" imagepath="/content/themecleanflex/assets/samples/sailing-lake_large.jpg" imagefit="cover" text="&lt;h2&gt;Slide Two Title&lt;/h2&gt;&lt;p&gt;Maecenas fermentum neque feugiat purus condimentum, sed molestie dolor fermentum. Nullam vestibulum tellus dolor. Cras viverra vel diam quis iaculis.&lt;/p&gt;" alt="Sailboat sailing on a lake">
        </c143><c144
        jcr:primaryType="nt:unstructured" imagepath="/content/themecleanflex/assets/samples/beach-boats-ocean_large.jpg" imagefit="cover" text="&lt;h2&gt;Slide Three Title&lt;/h2&gt;&lt;p&gt;Fusce sagittis, est eget commodo imperdiet, lectus quam bibendum ex, eu commodo mi diam molestie tortor.Cras viverra vel diam quis iaculis.&lt;/p&gt;" alt="Sailboats sailing on an ocean">
        </c144></slides>
        </carousel145>
        </container146><pager147
        colorscheme="light"
        toppadding="30"
        bottompadding="30"
        custombackground="false"
        backgroundtype="color"
        bgcolor="#eeeeee"
        htmlelement="nav"
        prevlabel="&lt; previous"
        nextlabel="next &gt;"
        jcr:primaryType="nt:unstructured" sling:resourceType="themecleanflex/components/pager">
        </pager147>
        <clfooter
        jcr:primaryType="nt:unstructured" sling:resourceType="themecleanflex/components/footer" htmlelement="footer" backgroundtype="color" bgcolor="#eeeeee" bottompadding="0" toppadding="30" colorscheme="light" showlogo="true" logo="/content/themecleanflex/assets/samples/peregrine-logo.svg" logourl="/content/themecleanflex/pages/library.html" logoalttext="Peregrine CMS Logo" logosize="60" copyright="Copyright 2019 Peregrine - All Rights Reserved">
        <columns jcr:primaryType="nt:unstructured">
        <c3
        jcr:primaryType="nt:unstructured" title="" text="">
        </c3><c4
        jcr:primaryType="nt:unstructured" title="Contact" text="&lt;p&gt;info@headwire.com&lt;br&gt;&lt;/p&gt;">
        </c4><c5
        jcr:primaryType="nt:unstructured" title="Location" text="&lt;p&gt;23293 S Pointe Drive, Laguna Hills, CA 92653&lt;/p&gt;">
        </c5></columns>
<icons jcr:primaryType="nt:unstructured"></icons>
        </clfooter>        
        </jcr:content></jcr:root>