{ "fields":[
  {
    "type": "input",
    "inputType": "text",
    "model": "brand",
    "label": "Brand",
    "placeholder": "brand name"
  },
  {
    "type": "pathbrowser",
    "browserRoot": "/content/example/assets",
    "placeholder": "icon location",
    "label": "Site Icons Location",
    "model": "siteIcons"
  },
  {
    "type": "collection",
    "title": "Prefetch Hostnames",
    "model": "prefetchDNS",
    "multifield": false,
    "fields" : [
      {
        "type": "input",
        "inputType": "text",
        "placeholder": "Domain Name to resolve",
        "model": "prefetchDNS"
      }
    ],
    "items": []
  },
  {
    "type": "collection",
    "title": "Site JS Files",
    "model": "siteJS",
    "multifield": false,
    "fields" : [
      {
        "type": "input",
        "inputType": "text",
        "placeholder": "path/to/file.js",
        "model": "siteJS"
      }
    ],
    "items": []
  },
  {
    "type": "collection",
    "title": "Site CSS Files",
    "model": "siteCSS",
    "multifield": false,
    "fields" : [
      {
        "type": "input",
        "inputType": "text",
        "placeholder": "path/to/file.css",
        "model": "siteCSS"
      }
    ],
    "items": []
  },
  {
    "type": "collection",
    "title": "Public Domain Names",
    "model": "domains",
    "multifield": false,
    "fields" : [
      {
        "type": "input",
        "inputType": "text",
        "placeholder": "http://public-domain.com",
        "model": "domains"
      }
    ],
    "items": []
  }
]}
