<?xml version="1.0" encoding="utf-8"?>
<jcr:root xmlns:sling="http://sling.apache.org/jcr/sling/1.0" xmlns:jcr="http://www.jcp.org/jcr/1.0" xmlns:nt="http://www.jcp.org/jcr/nt/1.0" jcr:primaryType="per:Component" jcr:title="Media - Video">
  <jcr:content jcr:primaryType="nt:unstructured" __variations="true">
    <sample jcr:primaryType="nt:unstructured" title="Media - Video" group="Features">
      <jcr:content jcr:primaryType="nt:unstructured" mediatype="video" videosrc="https://www.youtube-nocookie.com/embed/R5qdE0_mOcw" mediatitle="Sailing Video" toppadding="30" bottompadding="30" backgroundtype="color"/>
    </sample>
    <sample-blank jcr:primaryType="nt:unstructured" title="Media" group="Features">
      <jcr:content jcr:primaryType="nt:unstructured"/>
    </sample-blank>
    <sample-image jcr:primaryType="nt:unstructured" title="Media - Image" group="Features">
      <jcr:content jcr:primaryType="nt:unstructured" mediatype="image" imagesrc="/content/themecleanflex/assets/samples/sailing-lake_large.jpg" mediatitle="Sailboat on a lake" toppadding="30" bottompadding="30" backgroundtype="color"/>
    </sample-image>
  </jcr:content>
</jcr:root>