<?xml version="1.0" encoding="UTF-8"?>
<!--
  #%L
  admin base - UI Apps
  %%
  Copyright (C) 2017 headwire inc.
  %%
  Licensed to the Apache Software Foundation (ASF) under one
  or more contributor license agreements.  See the NOTICE file
  distributed with this work for additional information
  regarding copyright ownership.  The ASF licenses this file
  to you under the Apache License, Version 2.0 (the
  "License"); you may not use this file except in compliance
  with the License.  You may obtain a copy of the License at
  
  http://www.apache.org/licenses/LICENSE-2.0
  
  Unless required by applicable law or agreed to in writing,
  software distributed under the License is distributed on an
  "AS IS" BASIS, WITHOUT WARRANTIES OR CONDITIONS OF ANY
  KIND, either express or implied.  See the License for the
  specific language governing permissions and limitations
  under the License.
  #L%
  -->
<jcr:root
  xmlns:sling="http://sling.apache.org/jcr/sling/1.0"
  xmlns:jcr="http://www.jcp.org/jcr/1.0"
  xmlns:nt="http://www.jcp.org/jcr/nt/1.0"
  jcr:primaryType="nt:unstructured"
  sling:resourceType="pagerendervue/structure/container">

  <!--
  <components jcr:primaryType="nt:unstructured" jcr:title="Components" sling:resourceType="admin/components/iconaction"
         jcr:description="explore the components available in this instance"
         action="/content/admin/pages/config/components"/>
  <felibs jcr:primaryType="nt:unstructured" jcr:title="Front End Libraries" sling:resourceType="admin/components/iconaction"
              jcr:description="see all the front end libraries available in this instance"
              action="/content/admin/pages/config/felibs"/>
              -->
  <composum jcr:primaryType="nt:unstructured" jcr:title="Composum"
    sling:resourceType="admin/components/iconaction"
    jcr:description="Developer Tool"
    action="/bin/browser.html" target="composum">
    <experiences jcr:primaryType="nt:unstructured">
      <de jcr:primaryType="nt:unstructured" experiences="[lang:de]" title="Entwickler Tool"
        description="Für Entwickler und Fehler Suche"/>
    </experiences>
  </composum>

  <api jcr:primaryType="nt:unstructured" jcr:title="Peregrine API"
    sling:resourceType="admin/components/iconaction"
    jcr:description="Peregrine API Explorer"
    action="/perapi/swaggereditor/" target="api">
    <experiences jcr:primaryType="nt:unstructured">
      <de jcr:primaryType="nt:unstructured" experiences="[lang:de]" title="Peregrine API"
        description="Peregrine API erkunden"/>
    </experiences>
  </api>

  <querytool jcr:primaryType="nt:unstructured" jcr:title="JCR Query Tool"
    sling:resourceType="admin/components/iconaction"
    jcr:description="for developers, query the jcr repository"
    action="/content/admin/pages/config/querytool">
    <experiences jcr:primaryType="nt:unstructured">
      <de jcr:primaryType="nt:unstructured" experiences="[lang:de]" title="JCR Abfrage Tool"
        description="Für Entwickler, frage das jcr Repository ab"/>
    </experiences>
  </querytool>

</jcr:root>
