<?xml version="1.0" encoding="utf-8"?>
<jcr:root xmlns:sling="http://sling.apache.org/jcr/sling/1.0" xmlns:jcr="http://www.jcp.org/jcr/1.0" xmlns:nt="http://www.jcp.org/jcr/nt/1.0" jcr:primaryType="per:Component" jcr:title="Pager - Example">
  <jcr:content jcr:primaryType="nt:unstructured" __variations="true">
    <sample jcr:primaryType="nt:unstructured" title="Pager - Example" group="Features">
      <jcr:content jcr:primaryType="nt:unstructured" prevlabel="&lt; Prev" nextlabel="Next >" colorscheme="" toppadding="10" bottompadding="10"/>
    </sample>
    <sample-blank jcr:primaryType="nt:unstructured" title="Pager" group="Features">
      <jcr:content jcr:primaryType="nt:unstructured"/>
    </sample-blank>
  </jcr:content>
</jcr:root>