<?xml version="1.0" encoding="utf-8"?>
<jcr:root xmlns:sling="http://sling.apache.org/jcr/sling/1.0" xmlns:jcr="http://www.jcp.org/jcr/1.0" xmlns:nt="http://www.jcp.org/jcr/nt/1.0" jcr:primaryType="per:Component" jcr:title="Teaser Horizontal - Example">
  <jcr:content jcr:primaryType="nt:unstructured" __variations="true">
    <sample jcr:primaryType="nt:unstructured" title="Teaser Horizontal - Example" group="Features">
      <jcr:content jcr:primaryType="nt:unstructured" aligncontent="left" showtitle="true" showsubtitle="true" showtext="true" showbutton="true" fullheight="false" textwidth="60" backgroundtype="color" bgcolor="#ffffff" gradient="true" color2="#c0c0c0" bottompadding="30" toppadding="30" text="&lt;p>Eligendi fugit asperiores et. Corrupti voluptatum quasi sit. Adipisci ut voluptatem necessitatibus cumque aspernatur.&lt;/p>" isprimary="false" subtitle="Molestiae alias et inventore voluptas" title="Peregrine blocks" buttonsize="default">
        <buttons jcr:primaryType="nt:unstructured">
          <buttons0 jcr:primaryType="nt:unstructured" buttonlink="/content/themecleanflex/pages" buttontext="See More" buttoncolor="primary" iconclass=""/>
          <buttons1 jcr:primaryType="nt:unstructured" buttonlink="/content/themecleanflex/pages" buttontext="About Us" buttoncolor="primary" iconclass=""/>
        </buttons>
      </jcr:content>
    </sample>
    <sample-blank jcr:primaryType="nt:unstructured" title="Teaser Horizontal" group="Features">
      <jcr:content jcr:primaryType="nt:unstructured"/>
    </sample-blank>
    <sample-rte jcr:primaryType="nt:unstructured" title="Teaser Horizontal With All RTE Styles" group=".hidden">
      <jcr:content jcr:primaryType="nt:unstructured" aligncontent="left" showtitle="true" showsubtitle="true" showtext="true" showbutton="true" fullheight="false" textwidth="60" backgroundtype="color" bgcolor="#ffffff" gradient="true" color2="#c0c0c0" bottompadding="30" toppadding="30" text="&lt;h1>Left (Default) Alignment Test&lt;/h1>&lt;h2>Header h2&lt;/h2>&lt;h3>Header h3&lt;/h3>&lt;h4>Header h4&lt;/h4>&lt;p>Text:&lt;/p>&lt;p>Lorem ipsum dolor sit amet, consectetur adipiscing elit. Integer ornare felis at ligula suscipit, eu condimentum tortor venenatis. Maecenas laoreet blandit tempor. Praesent fermentum malesuada ante eget condimentum. Nulla feugiat, tortor vel consectetur mollis, neque mauris lacinia nisi, id tristique sapien eros sed neque. Integer nec nunc nec elit condimentum faucibus a sit amet dolor. Aliquam nec metus urna. Donec id urna lacus. Nam luctus efficitur leo, at lobortis eros. Phasellus ut tincidunt orci, vitae lacinia lacus.&lt;/p>&lt;p>unordered list:&lt;/p>&lt;ul>&lt;li>item 1&lt;/li>&lt;li>item 2&lt;/li>&lt;li>item 3&lt;/li>&lt;/ul>&lt;p>ordered list&lt;/p>&lt;ol>&lt;li>item 1&lt;/li>&lt;li>item 2&lt;/li>&lt;li>item 3&lt;/li>&lt;/ol>&lt;p>sub&lt;sub>script&lt;/sub> super&lt;sup>script&lt;/sup>&lt;/p>&lt;p>&lt;strong>bold&lt;/strong> &lt;em>italic&lt;/em>&lt;/p>&lt;p>&lt;a href=&quot;https://www.example.com&quot; title=&quot;example.com&quot;>some link text&lt;/a>&lt;/p>&lt;p>a line followed by a shift return (&amp;lt;br/&amp;gt;) &lt;br>a line followed by a return (end of paragraph)&lt;/p>&lt;p>another line&lt;/p>&lt;h1 style=&quot;text-align: center; &quot;>Center Alignment Test&lt;/h1>&lt;h2 style=&quot;text-align: center; &quot;>Header h2&lt;/h2>&lt;h3 style=&quot;text-align: center; &quot;>Header h3&lt;/h3>&lt;h4 style=&quot;text-align: center; &quot;>Header h4&lt;/h4>&lt;p style=&quot;text-align: center; &quot;>Text:&lt;/p>&lt;p style=&quot;text-align: center; &quot;>Lorem ipsum dolor sit amet, consectetur adipiscing elit. Integer ornare felis at ligula suscipit, eu condimentum tortor venenatis. Maecenas laoreet blandit tempor. Praesent fermentum malesuada ante eget condimentum. Nulla feugiat, tortor vel consectetur mollis, neque mauris lacinia nisi, id tristique sapien eros sed neque. Integer nec nunc nec elit condimentum faucibus a sit amet dolor. Aliquam nec metus urna. Donec id urna lacus. Nam luctus efficitur leo, at lobortis eros. Phasellus ut tincidunt orci, vitae lacinia lacus.&lt;/p>&lt;p style=&quot;text-align: center; &quot;>unordered list:&lt;/p>&lt;ul>&lt;li style=&quot;text-align: center; &quot;>item 1&lt;/li>&lt;li style=&quot;text-align: center; &quot;>item 2&lt;/li>&lt;li style=&quot;text-align: center; &quot;>item 3&lt;/li>&lt;/ul>&lt;p style=&quot;text-align: center; &quot;>ordered list&lt;/p>&lt;ol>&lt;li style=&quot;text-align: center; &quot;>item 1&lt;/li>&lt;li style=&quot;text-align: center; &quot;>item 2&lt;/li>&lt;li style=&quot;text-align: center; &quot;>item 3&lt;/li>&lt;/ol>&lt;p style=&quot;text-align: center; &quot;>sub&lt;sub>script&lt;/sub> super&lt;sup>script&lt;/sup>&lt;/p>&lt;p style=&quot;text-align: center; &quot;>&lt;strong>bold&lt;/strong> &lt;em>italic&lt;/em>&lt;/p>&lt;p style=&quot;text-align: center; &quot;>&lt;a href=&quot;https://www.example.com&quot; title=&quot;example.com&quot;>some link text&lt;/a>&lt;/p>&lt;p style=&quot;text-align: center; &quot;>a line followed by a shift return (&amp;lt;br/&amp;gt;) &lt;br>a line followed by a return (end of paragraph)&lt;/p>&lt;p style=&quot;text-align: center; &quot;>another line&lt;/p>&lt;h1 style=&quot;text-align: right; &quot;>Right Alignment Test&lt;/h1>&lt;h2 style=&quot;text-align: right; &quot;>Header h2&lt;/h2>&lt;h3 style=&quot;text-align: right; &quot;>Header h3&lt;/h3>&lt;h4 style=&quot;text-align: right; &quot;>Header h4&lt;/h4>&lt;p style=&quot;text-align: right; &quot;>Text:&lt;/p>&lt;p style=&quot;text-align: right; &quot;>Lorem ipsum dolor sit amet, consectetur adipiscing elit. Integer ornare felis at ligula suscipit, eu condimentum tortor venenatis. Maecenas laoreet blandit tempor. Praesent fermentum malesuada ante eget condimentum. Nulla feugiat, tortor vel consectetur mollis, neque mauris lacinia nisi, id tristique sapien eros sed neque. Integer nec nunc nec elit condimentum faucibus a sit amet dolor. Aliquam nec metus urna. Donec id urna lacus. Nam luctus efficitur leo, at lobortis eros. Phasellus ut tincidunt orci, vitae lacinia lacus.&lt;/p>&lt;p style=&quot;text-align: right; &quot;>unordered list:&lt;/p>&lt;ul>&lt;li style=&quot;text-align: right; &quot;>item 1&lt;/li>&lt;li style=&quot;text-align: right; &quot;>item 2&lt;/li>&lt;li style=&quot;text-align: right; &quot;>item 3&lt;/li>&lt;/ul>&lt;p style=&quot;text-align: right; &quot;>ordered list&lt;/p>&lt;ol>&lt;li style=&quot;text-align: right; &quot;>item 1&lt;/li>&lt;li style=&quot;text-align: right; &quot;>item 2&lt;/li>&lt;li style=&quot;text-align: right; &quot;>item 3&lt;/li>&lt;/ol>&lt;p style=&quot;text-align: right; &quot;>sub&lt;sub>script&lt;/sub> super&lt;sup>script&lt;/sup>&lt;/p>&lt;p style=&quot;text-align: right; &quot;>&lt;strong>bold&lt;/strong> &lt;em>italic&lt;/em>&lt;/p>&lt;p style=&quot;text-align: right; &quot;>&lt;a href=&quot;https://www.example.com&quot; title=&quot;example.com&quot;>some link text&lt;/a>&lt;/p>&lt;p style=&quot;text-align: right; &quot;>a line followed by a shift return (&amp;lt;br/&amp;gt;) &lt;br>a line followed by a return (end of paragraph)&lt;/p>&lt;p style=&quot;text-align: right; &quot;>another line&lt;/p>&lt;h1 style=&quot;text-align: justify;&quot;>Justified Alignment Test&lt;/h1>&lt;h2 style=&quot;text-align: justify;&quot;>Header h2&lt;/h2>&lt;h3 style=&quot;text-align: justify;&quot;>Header h3&lt;/h3>&lt;h4 style=&quot;text-align: justify;&quot;>Header h4&lt;/h4>&lt;p style=&quot;text-align: justify;&quot;>Text:&lt;/p>&lt;p style=&quot;text-align: justify;&quot;>Lorem ipsum dolor sit amet, consectetur adipiscing elit. Integer ornare felis at ligula suscipit, eu condimentum tortor venenatis. Maecenas laoreet blandit tempor. Praesent fermentum malesuada ante eget condimentum. Nulla feugiat, tortor vel consectetur mollis, neque mauris lacinia nisi, id tristique sapien eros sed neque. Integer nec nunc nec elit condimentum faucibus a sit amet dolor. Aliquam nec metus urna. Donec id urna lacus. Nam luctus efficitur leo, at lobortis eros. Phasellus ut tincidunt orci, vitae lacinia lacus.&lt;/p>&lt;p style=&quot;text-align: justify;&quot;>unordered list:&lt;/p>&lt;ul>&lt;li style=&quot;text-align: justify;&quot;>item 1&lt;/li>&lt;li style=&quot;text-align: justify;&quot;>item 2&lt;/li>&lt;li style=&quot;text-align: justify;&quot;>item 3&lt;/li>&lt;/ul>&lt;p style=&quot;text-align: justify;&quot;>ordered list&lt;/p>&lt;ol>&lt;li style=&quot;text-align: justify;&quot;>item 1&lt;/li>&lt;li style=&quot;text-align: justify;&quot;>item 2&lt;/li>&lt;li style=&quot;text-align: justify;&quot;>item 3&lt;/li>&lt;/ol>&lt;p style=&quot;text-align: justify;&quot;>sub&lt;sub>script&lt;/sub> super&lt;sup>script&lt;/sup>&lt;/p>&lt;p style=&quot;text-align: justify;&quot;>&lt;strong>bold&lt;/strong> &lt;em>italic&lt;/em>&lt;/p>&lt;p style=&quot;text-align: justify;&quot;>&lt;a href=&quot;https://www.example.com&quot; title=&quot;example.com&quot;>some link text&lt;/a>&lt;/p>&lt;p style=&quot;text-align: justify;&quot;>a line followed by a shift return (&amp;lt;br/&amp;gt;) &lt;br>a line followed by a return (end of paragraph)&lt;/p>&lt;p style=&quot;text-align: justify;&quot;>another line&lt;/p>" isprimary="false" subtitle="Molestiae alias et inventore voluptas" title="Peregrine blocks" buttonsize="default">
        <buttons jcr:primaryType="nt:unstructured">
          <buttons0 jcr:primaryType="nt:unstructured" buttonlink="/content/themecleanflex/pages" buttontext="See More" buttoncolor="primary" iconclass=""/>
          <buttons1 jcr:primaryType="nt:unstructured" buttonlink="/content/themecleanflex/pages" buttontext="About Us" buttoncolor="primary" iconclass=""/>
        </buttons>
      </jcr:content>
    </sample-rte>
  </jcr:content>
</jcr:root>